sample,aligned_id,sequence,candidate,allowed_for_generation,rgb_source,lwir_source,lwir_model,rgb_crop_offset_xy,lwir_crop_offset_xy,rule_source,rgb_valid_ratio,lwir_valid_ratio,intersection_valid_ratio,eval_rgb_to_mm5_aligned_rgb_ncc,eval_rgb_to_mm5_aligned_rgb_edge_distance,eval_rgb_to_mm5_aligned_rgb_valid_ratio,eval_rgb_to_mm5_aligned_rgb_score,eval_rgb_to_mm5_aligned_rgb_mi,eval_lwir_to_mm5_aligned_t16_ncc,eval_lwir_to_mm5_aligned_t16_edge_distance,eval_lwir_to_mm5_aligned_t16_valid_ratio,eval_lwir_to_mm5_aligned_t16_score,eval_lwir_to_mm5_aligned_t16_mi,eval_cross_rgb_lwir_ncc,eval_cross_rgb_lwir_edge_distance,eval_cross_rgb_lwir_valid_ratio,eval_cross_rgb_lwir_score,eval_cross_rgb_lwir_mi,method,lwir_crop_mode,transform_type,board_transform_name,board_transform_inliers,board_transform_mae_px,board_transform_rmse_px,board_transform_matrix,depth_registration_dx_px,depth_registration_dy_px,stabilization_kernel_px,fill_depth_border,uses_aligned_for_generation,anti_ghost_feather_px,anti_ghost_erode_px,max_support_area_frac,calibration_file,thermal_camera_calibration_file,target_size,phase29_class,phase29_profile,phase29_support_mode,phase29_selection_uses_aligned,phase29_selector_version,phase29_version_label,phase29_candidate_grid,phase29_run_mode,phase29_report_level,phase29_explainability_level,phase29_reliability_gate,phase29_failure_focus,raw_score,raw_symmetric_edge_distance,raw_lwir_to_rgb_edge_distance,raw_rgb_to_lwir_edge_distance,raw_lwir_to_depth_edge_distance,raw_depth_to_lwir_edge_distance,target_local_symmetric_edge_distance,target_local_lwir_to_rgb_edge_distance,target_local_rgb_to_lwir_edge_distance,target_local_lwir_to_depth_edge_distance,target_local_depth_to_lwir_edge_distance,target_local_edge_p70,target_local_edge_p90,target_local_lwir_edge_pixels,target_local_rgb_edge_pixels,target_local_depth_edge_pixels,edge_stability_score,target_local_depth_edge_p90,raw_lwir_edge_pixels,raw_rgb_edge_pixels,raw_depth_edge_pixels,support_pixels,support_ratio,support_compactness,thermal_support_overlap,thermal_depth_overlap,support_thermal_overlap,thermal_support_centroid_distance_px,thermal_pixels,rejected_background_pixels,tear_risk_pixels,ghost_edge_ratio,alpha_edge_overlap,depth_discontinuity_pixels,support_penalty,compactness_penalty,fill_penalty,depth_edge_penalty,overlap_penalty,centroid_penalty,phase29_scene_class,phase29_selected,phase29_selection_reason,phase29_selector_eligible,phase29_selector_rejection,phase29_selector_adjusted_score,phase29_selector_rule,phase29_selector_shift_delta_dx,phase29_selector_shift_delta_dy,phase29_selector_shift_l1,phase29_selector_raw_improvement,phase29_selector_edge_growth,phase29_selector_support_ratio,phase29_selector_target_edge_gain,phase29_selector_target_p90_gain,phase29_selector_context_edge_delta,phase29_selector_version_effective,phase29_selector_reliability_gate,phase29_selector_v9_note,sample_id,phase29_v9_support_gated,phase29_v9_gate_mode,phase29_v9_gate_pixels,phase29_v9_background_value,phase29_v9_target_value,phase29_v9_valid_ratio
002_seq283,2,283,p29_baseline,True,phase21_fixed_rgb_canvas,phase24_affine_lwir_subpixel_shift_depth_fill_then_morph_close,,"[296, 103]","[280, 115]","Phase29 candidate generated from calibration files, raw RGB/LWIR/depth, Phase24 board-affine geometry, Phase25 depth projection support, and raw-only scene reliability scoring. MM5 aligned images are evaluation-only.",1.0,0.9317578125,0.9317578125,1.0,0.0,1.0,1.2419911401609482,1.613274267739655,0.9333233833312988,1.2045114040374756,0.9317578125,1.1659496123088475,1.599021982678491,-0.17517530918121338,0.8927080035209656,0.9317578125,-0.15208153739232302,0.18966679873344106,p29_baseline,board_all_median_floor,affine,affine_lmeds,1496,5.984659671783447,7.825484275817871,"[[0.964242690293037, 0.13137386244365368, -26.99199754875218], [-0.06631033534806513, 0.9894192701549352, 24.920322865264623]]",3.5,2.0,9,True,False,3.0,2,0.1,calibration/def_stereocalib_THERM.yml,calibration/def_thermalcam_ori.yml,640x480,broad_generalization_raw_only_selection,review,baseline,False,v6,v9,support-v9,strict-selected,research,full,strict,all,14.566945727441087,6.068996012210846,0.9311476945877075,11.206844329833984,8.724513053894043,8.297887802124023,4.638131499290466,0.9472253322601318,8.3290376663208,8.818142890930176,5.8727126121521,6.144300043582916,9.15324980020523,644,6294,1254,2.2191769629716873,19.004143714904785,673,8939,1644,8877,0.028896484375,0.8129998873493297,1.0,1.0,0.6410653753026634,63.41952025667971,3051,1463,2928,0.8494704183160372,0.5227346017413738,1644,0.0,0.0,0.0,2.2342433738708496,0.0,0.9230769230769231,general,True,selector v6 retained baseline; best raw improvement 0.7997; safety filters rejected candidates (p29_depth_conservative: depth/reflection/edge guard candidates are diagnostic-only by default; p29_reflection_guard: depth/reflection/edge guard candidates are diagnostic-only by default; p29_small_target_guard: raw improvement 0.2051 is below 0.6500; +18 more rejected),True,,14.566945727441087,v6_baseline,0.0,0.0,0.0,0.0,1.0,1.0,0.0,0.0,0.0,v6,strict,v6 baseline row; aligned metrics are not used for selection.,002_seq283,,,,,,
002_seq283,2,283,p29_depth_conservative,True,phase21_fixed_rgb_canvas,phase23_crop_plus_board_residual_transform,,"[296, 103]","[280, 115]","Phase29 candidate generated from calibration files, raw RGB/LWIR/depth, Phase24 board-affine geometry, Phase25 depth projection support, and raw-only scene reliability scoring. MM5 aligned images are evaluation-only.",1.0,0.9317578125,0.9317578125,1.0,0.0,1.0,1.2419911401609482,1.613274267739655,0.9301235675811768,6.730373859405518,0.9317578125,1.1281077926430902,1.5891097881223104,-0.1848924607038498,0.8256838917732239,0.9317578125,-0.161463697779179,0.1892191085020676,p29_depth_conservative,board_all_median_floor,affine,affine_lmeds,1496,5.984659671783447,7.825484275817871,"[[0.964242690293037, 0.13137386244365368, -26.99199754875218], [-0.06631033534806513, 0.9894192701549352, 24.920322865264623]]",3.5,2.0,9,False,False,4.0,3,0.075,calibration/def_stereocalib_THERM.yml,calibration/def_thermalcam_ori.yml,640x480,broad_generalization_raw_only_selection,review,depth_conservative,False,v6,v9,support-v9,strict-selected,research,full,strict,all,14.383343699201506,5.8388835191726685,0.9303858280181885,10.747381210327148,8.655854225158691,7.849809169769287,4.507509410381317,0.9531453847885132,8.061873435974121,8.746848106384277,5.706648826599121,5.937150061130524,8.963649809360504,640,5908,1212,2.0722865611314774,18.927949905395508,669,8539,1579,8108,0.026393229166666667,0.8167242229896399,1.0,1.0,0.6410653753026634,63.41952025667971,3051,2232,2941,0.8436940966010733,0.52672,1579,0.0,0.0,0.0,2.1860384941101074,0.0,0.9230769230769231,general,False,,False,depth/reflection/edge guard candidates are diagnostic-only by default,14.383343699201506,diagnostic_guard_block,0.0,0.0,0.0,0.18360202823958183,0.9940564635958395,0.9133716345612256,0.13062208890914917,0.18959999084472656,-0.2301124930381775,v6,strict,v6 adds strict raw/depth support-gated selection for v9; aligned metrics remain evaluation-only.,002_seq283,,,,,,
002_seq283,2,283,p29_reflection_guard,True,phase21_fixed_rgb_canvas,phase23_crop_plus_board_residual_transform,,"[296, 103]","[280, 115]","Phase29 candidate generated from calibration files, raw RGB/LWIR/depth, Phase24 board-affine geometry, Phase25 depth projection support, and raw-only scene reliability scoring. MM5 aligned images are evaluation-only.",1.0,0.9317578125,0.9317578125,1.0,0.0,1.0,1.2419911401609482,1.613274267739655,0.9301235675811768,6.730373859405518,0.9317578125,1.1281077926430902,1.5891097881223104,-0.1848924607038498,0.8256838917732239,0.9317578125,-0.161463697779179,0.1892191085020676,p29_reflection_guard,board_all_median_floor,affine,affine_lmeds,1496,5.984659671783447,7.825484275817871,"[[0.964242690293037, 0.13137386244365368, -26.99199754875218], [-0.06631033534806513, 0.9894192701549352, 24.920322865264623]]",3.5,2.0,9,False,False,4.5,3,0.055,calibration/def_stereocalib_THERM.yml,calibration/def_thermalcam_ori.yml,640x480,broad_generalization_raw_only_selection,review,reflection_guard,False,v6,v9,support-v9,strict-selected,research,full,strict,all,14.342984244656051,5.8388835191726685,0.9303858280181885,10.747381210327148,8.655854225158691,7.849809169769287,4.507509410381317,0.9531453847885132,8.061873435974121,8.746848106384277,5.706648826599121,5.937150061130524,8.963649809360504,640,5908,1212,2.0722865611314774,18.927949905395508,669,8539,1579,8173,0.026604817708333332,0.8181818181818182,1.0,1.0,0.6410653753026634,63.41952025667971,3051,2167,2903,0.8436940966010733,0.5212121212121212,1579,0.0,0.0,0.0,2.1860384941101074,0.0,0.9230769230769231,general,False,,False,depth/reflection/edge guard candidates are diagnostic-only by default,14.342984244656051,diagnostic_guard_block,0.0,0.0,0.0,0.22396148278503603,0.9940564635958395,0.9206939281288724,0.13062208890914917,0.18959999084472656,-0.2301124930381775,v6,strict,v6 adds strict raw/depth support-gated selection for v9; aligned metrics remain evaluation-only.,002_seq283,,,,,,
002_seq283,2,283,p29_small_target_guard,True,phase21_fixed_rgb_canvas,phase23_crop_plus_board_residual_transform,,"[296, 103]","[280, 115]","Phase29 candidate generated from calibration files, raw RGB/LWIR/depth, Phase24 board-affine geometry, Phase25 depth projection support, and raw-only scene reliability scoring. MM5 aligned images are evaluation-only.",1.0,0.9317578125,0.9317578125,1.0,0.0,1.0,1.2419911401609482,1.613274267739655,0.9358003735542297,1.1867592334747314,0.9317578125,1.1685669167719102,1.5992473241235263,-0.17541398108005524,0.8873893618583679,0.9317578125,-0.1522376882532746,0.19000419331953905,p29_small_target_guard,board_all_median_floor,affine,affine_lmeds,1496,5.984659671783447,7.825484275817871,"[[0.964242690293037, 0.13137386244365368, -26.99199754875218], [-0.06631033534806513, 0.9894192701549352, 24.920322865264623]]",3.5,2.0,5,True,False,3.0,2,0.065,calibration/def_stereocalib_THERM.yml,calibration/def_thermalcam_ori.yml,640x480,broad_generalization_raw_only_selection,review,small_target_guard,False,v6,v9,support-v9,strict-selected,research,full,strict,all,14.36188389571098,5.906509459018707,0.9112282991409302,10.901790618896484,8.526435852050781,8.396451950073242,4.500049382448196,0.9244933724403381,8.075605392456055,8.60291576385498,5.882674217224121,6.017900049686432,8.963649809360504,665,6294,1254,2.147372528910637,18.927950859069824,694,8939,1644,8877,0.028896484375,0.8129998873493297,1.0,1.0,0.6438740920096853,63.481797178596004,3078,1463,2925,0.8442377592473808,0.5211222186391486,1644,0.0,0.0,0.0,2.206474609375,0.0,0.9230769230769231,general,False,,False,raw improvement 0.2051 is below 0.6500,14.58188389571098,small_target_guard_block,0.0,0.0,0.0,0.2050618317301076,1.0312035661218424,1.0,0.1380821168422699,0.18959999084472656,-0.16248655319213867,v6,strict,v6 adds strict raw/depth support-gated selection for v9; aligned metrics remain evaluation-only.,002_seq283,,,,,,
002_seq283,2,283,p29_edge_contamination_guard,True,phase21_fixed_rgb_canvas,phase23_crop_plus_board_residual_transform,,"[296, 103]","[280, 115]","Phase29 candidate generated from calibration files, raw RGB/LWIR/depth, Phase24 board-affine geometry, Phase25 depth projection support, and raw-only scene reliability scoring. MM5 aligned images are evaluation-only.",1.0,0.9317578125,0.9317578125,1.0,0.0,1.0,1.2419911401609482,1.613274267739655,0.9301235675811768,6.730373859405518,0.9317578125,1.1281077926430902,1.5891097881223104,-0.1848924607038498,0.8256838917732239,0.9317578125,-0.161463697779179,0.1892191085020676,p29_edge_contamination_guard,board_all_median_floor,affine,affine_lmeds,1496,5.984659671783447,7.825484275817871,"[[0.964242690293037, 0.13137386244365368, -26.99199754875218], [-0.06631033534806513, 0.9894192701549352, 24.920322865264623]]",3.5,2.0,9,False,False,4.0,3,0.08,calibration/def_stereocalib_THERM.yml,calibration/def_thermalcam_ori.yml,640x480,broad_generalization_raw_only_selection,review,edge_contamination_guard,False,v6,v9,support-v9,strict-selected,research,full,strict,all,14.372921024425578,5.8388835191726685,0.9303858280181885,10.747381210327148,8.655854225158691,7.849809169769287,4.507509410381317,0.9531453847885132,8.061873435974121,8.746848106384277,5.706648826599121,5.937150061130524,8.963649809360504,640,5908,1212,2.0722865611314774,18.927949905395508,669,8539,1579,8173,0.026604817708333332,0.8181818181818182,1.0,1.0,0.6410653753026634,63.41952025667971,3051,2167,2940,0.8436940966010733,0.5268886043533931,1579,0.0,0.0,0.0,2.1860384941101074,0.0,0.9230769230769231,general,False,,False,depth/reflection/edge guard candidates are diagnostic-only by default,14.372921024425578,diagnostic_guard_block,0.0,0.0,0.0,0.19402470301550956,0.9940564635958395,0.9206939281288724,0.13062208890914917,0.18959999084472656,-0.2301124930381775,v6,strict,v6 adds strict raw/depth support-gated selection for v9; aligned metrics remain evaluation-only.,002_seq283,,,,,,
002_seq283,2,283,p29_v9_support_gated,True,phase21_fixed_rgb_canvas,phase23_crop_plus_board_residual_transform,,"[296, 103]","[280, 115]","Phase29 candidate generated from calibration files, raw RGB/LWIR/depth, Phase24 board-affine geometry, Phase25 depth projection support, and raw-only scene reliability scoring. MM5 aligned images are evaluation-only.",1.0,0.9317578125,0.9317578125,1.0,0.0,1.0,1.2419911401609482,1.613274267739655,0.8946764469146729,1.5008248090744019,0.9317578125,1.067730911893179,1.2137294255530169,-0.27498820424079895,1.1556347608566284,0.9317578125,-0.25492865419642374,0.17995572406343313,p29_v9_support_gated,board_all_median_floor,affine,affine_lmeds,1496,5.984659671783447,7.825484275817871,"[[0.964242690293037, 0.13137386244365368, -26.99199754875218], [-0.06631033534806513, 0.9894192701549352, 24.920322865264623]]",3.5,2.0,5,True,False,7.0,3,0.075,calibration/def_stereocalib_THERM.yml,calibration/def_thermalcam_ori.yml,640x480,broad_generalization_raw_only_selection,review,v9_support_gated,False,v6,v9,support-v9,strict-selected,research,full,strict,all,13.767278304216953,5.601619899272919,1.0504974126815796,10.152742385864258,8.111620903015137,6.969525337219238,4.2502753138542175,1.0504974126815796,7.4500532150268555,8.384576797485352,4.814309120178223,5.5404000878334045,8.486149907112122,637,5908,1212,1.9728820621967316,17.238795280456543,637,8539,1579,8173,0.026604817708333332,0.8181818181818182,1.0,1.0,0.6387409200968523,63.490776933778335,3013,2167,2696,0.8571907101384547,0.46265938069216755,1579,0.0,0.0,0.0,2.0176537895202635,0.0,0.9230769230769231,general,False,,False,v9 support-gated mode is reserved for reflection/background scenes,10.97495,v9_reflection_block,0.0,0.0,0.0,0.7996674232241343,0.9465081723625557,0.9206939281288724,0.3878561854362488,0.6670998930931091,-0.46737611293792725,v6,strict,v6 adds strict raw/depth support-gated selection for v9; aligned metrics remain evaluation-only.,002_seq283,True,v9_support_gated,14095,90,,0.9317578125
002_seq283,2,283,p29_v9_support_gated_tight,True,phase21_fixed_rgb_canvas,phase23_crop_plus_board_residual_transform,,"[296, 103]","[280, 115]","Phase29 candidate generated from calibration files, raw RGB/LWIR/depth, Phase24 board-affine geometry, Phase25 depth projection support, and raw-only scene reliability scoring. MM5 aligned images are evaluation-only.",1.0,0.9317578125,0.9317578125,1.0,0.0,1.0,1.2419911401609482,1.613274267739655,0.8991669416427612,1.4364404678344727,0.9317578125,1.0777035431685678,1.2477016288854215,-0.28213903307914734,1.1642855405807495,0.9317578125,-0.264375984941512,0.16499174254079904,p29_v9_support_gated_tight,board_all_median_floor,affine,affine_lmeds,1496,5.984659671783447,7.825484275817871,"[[0.964242690293037, 0.13137386244365368, -26.99199754875218], [-0.06631033534806513, 0.9894192701549352, 24.920322865264623]]",3.5,2.0,5,True,False,8.0,4,0.055,calibration/def_stereocalib_THERM.yml,calibration/def_thermalcam_ori.yml,640x480,broad_generalization_raw_only_selection,review,v9_support_gated_tight,False,v6,v9,support-v9,strict-selected,research,full,strict,all,13.95529044308397,5.594246447086334,1.0260201692581177,10.16247272491455,8.494641304016113,7.434309959411621,4.319721758365631,1.0260201692581177,7.6134233474731445,8.504426002502441,5.392181873321533,5.747550070285797,8.693299889564514,597,5531,1168,1.9478496611118317,18.418492317199707,597,8135,1513,7485,0.024365234375,0.8236472945891784,1.0,1.0,0.6434866828087167,63.19305310642151,3008,2855,2709,0.8571931884908984,0.461864406779661,1513,0.0,0.0,0.0,2.12378023147583,0.0,0.9230769230769231,general,False,,False,v9 support candidate mode is diagnostic-only unless a dedicated raw/depth gate allows it,10.87176,v9_mode_block,0.0,0.0,0.0,0.6116552843571181,0.8870728083209509,0.8431902669820885,0.3184097409248352,0.45994991064071655,-0.4747495651245117,v6,strict,v6 adds strict raw/depth support-gated selection for v9; aligned metrics remain evaluation-only.,002_seq283,True,v9_support_gated_tight,11776,88,,0.9317578125
002_seq283,2,283,p29_v9_target_only,True,phase21_fixed_rgb_canvas,phase23_crop_plus_board_residual_transform,,"[296, 103]","[280, 115]","Phase29 candidate generated from calibration files, raw RGB/LWIR/depth, Phase24 board-affine geometry, Phase25 depth projection support, and raw-only scene reliability scoring. MM5 aligned images are evaluation-only.",1.0,0.9317578125,0.9317578125,1.0,0.0,1.0,1.2419911401609482,1.613274267739655,0.9051584601402283,1.3662140369415283,0.9317578125,1.0806617245513654,1.2246703242185746,-0.26033705472946167,1.1310425996780396,0.9317578125,-0.2399503613692121,0.18115299305545202,p29_v9_target_only,board_all_median_floor,affine,affine_lmeds,1496,5.984659671783447,7.825484275817871,"[[0.964242690293037, 0.13137386244365368, -26.99199754875218], [-0.06631033534806513, 0.9894192701549352, 24.920322865264623]]",3.5,2.0,5,True,False,8.0,4,0.045,calibration/def_stereocalib_THERM.yml,calibration/def_thermalcam_ori.yml,640x480,broad_generalization_raw_only_selection,review,v9_target_only,False,v6,v9,support-v9,strict-selected,research,full,strict,all,14.957820252368682,6.4836739003658295,0.982677161693573,11.984670639038086,8.17263412475586,8.952110290527344,5.059578746557236,0.982677161693573,9.136480331420898,8.176523208618164,7.031424045562744,6.161850035190582,10.585750222206116,547,5531,1168,2.5705327093601227,21.79294776916504,547,8135,1513,7485,0.024365234375,0.8236472945891784,1.0,1.0,0.6623728813559322,61.10159201851477,3541,2855,2710,0.8695908501355972,0.461864406779661,1513,0.0,0.0,0.0,2.187242965698242,0.0,0.9230769230769231,general,False,,False,v9 target-only blocked because baseline thermal target is not weak/small,10.7253,v9_target_only_block,0.0,0.0,0.0,-0.3908745249275949,0.812778603268945,0.8431902669820885,-0.4214472472667694,-1.432500422000885,0.4146778881549835,v6,strict,v6 adds strict raw/depth support-gated selection for v9; aligned metrics remain evaluation-only.,002_seq283,True,v9_target_only,7130,79,,0.9317578125
002_seq283,2,283,p29_v9_depth_thermal,True,phase21_fixed_rgb_canvas,phase23_crop_plus_board_residual_transform,,"[296, 103]","[280, 115]","Phase29 candidate generated from calibration files, raw RGB/LWIR/depth, Phase24 board-affine geometry, Phase25 depth projection support, and raw-only scene reliability scoring. MM5 aligned images are evaluation-only.",1.0,0.9317578125,0.9317578125,1.0,0.0,1.0,1.2419911401609482,1.613274267739655,0.8966572284698486,1.4520119428634644,0.9317578125,1.072368861302114,1.2294913632629734,-0.277911901473999,1.1567736864089966,0.9317578125,-0.25897088154893183,0.17254441362347425,p29_v9_depth_thermal,board_all_median_floor,affine,affine_lmeds,1496,5.984659671783447,7.825484275817871,"[[0.964242690293037, 0.13137386244365368, -26.99199754875218], [-0.06631033534806513, 0.9894192701549352, 24.920322865264623]]",3.5,2.0,5,True,False,7.0,3,0.065,calibration/def_stereocalib_THERM.yml,calibration/def_thermalcam_ori.yml,640x480,broad_generalization_raw_only_selection,review,v9_depth_thermal,False,v6,v9,support-v9,strict-selected,research,full,strict,all,14.06632746779672,5.811353027820587,1.0252777338027954,10.597428321838379,8.151847839355469,7.826910495758057,4.424004852771759,1.0252777338027954,7.822731971740723,8.432879447937012,5.586439609527588,5.937150061130524,8.73894989490509,611,5908,1212,2.0720856487751007,18.432899475097656,611,8539,1579,8173,0.026604817708333332,0.8181818181818182,1.0,1.0,0.6455205811138015,63.39931025335553,3043,2167,2696,0.8625518091184048,0.46265938069216755,1579,0.0,0.0,0.0,2.093485450744629,0.0,0.9230769230769231,general,False,,False,v9 depth-thermal mode is reserved for double-edge mismatch scenes,10.91472,v9_depth_thermal_block,0.0,0.0,0.0,0.5006182596443676,0.9078751857355126,0.9206939281288724,0.21412664651870728,0.4142999053001404,-0.2576429843902588,v6,strict,v6 adds strict raw/depth support-gated selection for v9; aligned metrics remain evaluation-only.,002_seq283,True,v9_depth_thermal,13272,89,,0.9317578125
002_seq283,2,283,p29_v9_target_silhouette,True,phase21_fixed_rgb_canvas,phase23_crop_plus_board_residual_transform,,"[296, 103]","[280, 115]","Phase29 candidate generated from calibration files, raw RGB/LWIR/depth, Phase24 board-affine geometry, Phase25 depth projection support, and raw-only scene reliability scoring. MM5 aligned images are evaluation-only.",1.0,0.9317578125,0.9317578125,1.0,0.0,1.0,1.2419911401609482,1.613274267739655,0.7667385339736938,2.5105056762695312,0.9317578125,0.9323093329130783,1.204225553313344,-0.15397316217422485,1.2594058513641357,0.9317578125,-0.13902686943506798,0.1500181856489447,p29_v9_target_silhouette,board_all_median_floor,affine,affine_lmeds,1496,5.984659671783447,7.825484275817871,"[[0.964242690293037, 0.13137386244365368, -26.99199754875218], [-0.06631033534806513, 0.9894192701549352, 24.920322865264623]]",3.5,2.0,5,True,False,7.0,3,0.045,calibration/def_stereocalib_THERM.yml,calibration/def_thermalcam_ori.yml,640x480,broad_generalization_raw_only_selection,review,v9_target_silhouette,False,v6,v9,support-v9,strict-selected,research,full,strict,all,26.92053670850959,18.32212781906128,1.030787467956543,35.613468170166016,6.954302787780762,24.07585334777832,16.046321392059326,1.030787467956543,31.06185531616211,6.954302787780762,17.869272232055664,12.513302385807037,52.39860022068024,222,5908,1212,13.875456482172012,50.28741264343262,222,8539,1579,8173,0.026604817708333332,0.8181818181818182,1.0,1.0,0.9191283292978208,68.82170070872456,3810,2167,2703,0.9458712426580674,0.4623557984213722,1579,0.0,0.0,0.0,2.2117745018005373,0.0,0.9230769230769231,general,False,,False,v9 silhouette lacks thermal/support centroid disagreement,10.0753,v9_silhouette_block,0.0,0.0,0.0,-12.353590981068503,0.3298662704309064,0.9206939281288724,-11.40818989276886,-43.245350420475006,12.253131806850433,v6,strict,v6 adds strict raw/depth support-gated selection for v9; aligned metrics remain evaluation-only.,002_seq283,True,v9_target_silhouette,7130,79,93.0,0.9317578125
002_seq283,2,283,p29_raw_shift_dx2p5_dy1p0_fill,True,phase21_fixed_rgb_canvas,phase23_crop_plus_board_residual_transform,,"[296, 103]","[280, 115]","Phase29 candidate generated from calibration files, raw RGB/LWIR/depth, Phase24 board-affine geometry, Phase25 depth projection support, and raw-only scene reliability scoring. MM5 aligned images are evaluation-only.",1.0,0.9331673177083334,0.9331673177083334,1.0,0.0,1.0,1.2419911401609482,1.613274267739655,0.9408155083656311,1.161271572113037,0.9331673177083334,1.1679415565469602,1.5606245174267155,-0.19137006998062134,0.8492735028266907,0.9331673177083334,-0.1670677285361864,0.19598654974263383,p29_raw_shift_dx2p5_dy1p0_fill,board_all_median_floor,affine,affine_lmeds,1496,5.984659671783447,7.825484275817871,"[[0.964242690293037, 0.13137386244365368, -26.99199754875218], [-0.06631033534806513, 0.9894192701549352, 24.920322865264623]]",2.5,1.0,9,True,False,3.0,2,0.1,calibration/def_stereocalib_THERM.yml,calibration/def_thermalcam_ori.yml,640x480,broad_generalization_raw_only_selection,review,raw_shift_local,False,v6,v9,support-v9,strict-selected,research,full,strict,all,14.448958004905297,6.004397630691528,0.8525738716125488,11.156221389770508,8.481632232666016,8.610372543334961,4.501991897821426,0.8499510884284973,8.154032707214355,8.496321678161621,6.069241046905518,5.873950034379959,9.07250028848648,672,6294,1273,2.270530804991722,19.023099899291992,701,8939,1661,8877,0.028896484375,0.8129998873493297,1.0,1.0,0.6558837772397095,63.987999175451556,2984,1463,2910,0.8372638992636858,0.5237020316027088,1661,0.0,0.0,0.0,2.2155236053466796,0.0,0.9230769230769231,general,False,,False,raw improvement 0.1180 is below 0.6000,14.548958004905296,generic_block,-1.0,-1.0,2.0,0.1179877225357906,1.0416047548291234,1.0,0.13613960146903992,0.08074951171875,-0.06459838151931763,v6,strict,v6 adds strict raw/depth support-gated selection for v9; aligned metrics remain evaluation-only.,002_seq283,,,,,,
002_seq283,2,283,p29_raw_shift_dx3p5_dy1p0_fill,True,phase21_fixed_rgb_canvas,phase23_crop_plus_board_residual_transform,,"[296, 103]","[280, 115]","Phase29 candidate generated from calibration files, raw RGB/LWIR/depth, Phase24 board-affine geometry, Phase25 depth projection support, and raw-only scene reliability scoring. MM5 aligned images are evaluation-only.",1.0,0.9327799479166666,0.9327799479166666,1.0,0.0,1.0,1.2419911401609482,1.613274267739655,0.929809033870697,1.2461299896240234,0.9327799479166666,1.1561491773247028,1.5587794892783338,-0.18461433053016663,0.8968244791030884,0.9327799479166666,-0.16092921649033518,0.19377373942966664,p29_raw_shift_dx3p5_dy1p0_fill,board_all_median_floor,affine,affine_lmeds,1496,5.984659671783447,7.825484275817871,"[[0.964242690293037, 0.13137386244365368, -26.99199754875218], [-0.06631033534806513, 0.9894192701549352, 24.920322865264623]]",3.5,1.0,9,True,False,3.0,2,0.1,calibration/def_stereocalib_THERM.yml,calibration/def_thermalcam_ori.yml,640x480,broad_generalization_raw_only_selection,review,raw_shift_local,False,v6,v9,support-v9,strict-selected,research,full,strict,all,14.569565356651703,6.084374129772186,0.8946365118026733,11.2741117477417,8.595788955688477,8.674571990966797,4.583397567272186,0.8909314870834351,8.275863647460938,8.721955299377441,6.094146251678467,5.954700022935867,9.170800268650055,662,6294,1273,2.2936766296625137,19.23025131225586,691,8939,1661,8877,0.028896484375,0.8129998873493297,1.0,1.0,0.6446489104116223,65.14301017215172,2984,1463,2912,0.8432189804424495,0.5237020316027088,1661,0.0,0.0,0.0,2.2412077713012692,0.0,0.9230769230769231,general,False,,False,raw improvement -0.0026 is below 0.6000,14.619565356651703,generic_block,0.0,-1.0,1.0,-0.002619629210615315,1.026745913818722,1.0,0.05473393201828003,-0.01755046844482422,0.015378117561340332,v6,strict,v6 adds strict raw/depth support-gated selection for v9; aligned metrics remain evaluation-only.,002_seq283,,,,,,
002_seq283,2,283,p29_raw_shift_dx4p5_dy1p0_fill,True,phase21_fixed_rgb_canvas,phase23_crop_plus_board_residual_transform,,"[296, 103]","[280, 115]","Phase29 candidate generated from calibration files, raw RGB/LWIR/depth, Phase24 board-affine geometry, Phase25 depth projection support, and raw-only scene reliability scoring. MM5 aligned images are evaluation-only.",1.0,0.9323665364583333,0.9323665364583333,1.0,0.0,1.0,1.2419911401609482,1.613274267739655,0.9165242910385132,1.3472979068756104,0.9323665364583333,1.1417113060441062,1.5551386829789773,-0.17770805954933167,1.0210001468658447,0.9323665364583333,-0.1551250159951364,0.19139362956926897,p29_raw_shift_dx4p5_dy1p0_fill,board_all_median_floor,affine,affine_lmeds,1496,5.984659671783447,7.825484275817871,"[[0.964242690293037, 0.13137386244365368, -26.99199754875218], [-0.06631033534806513, 0.9894192701549352, 24.920322865264623]]",4.5,1.0,9,True,False,3.0,2,0.1,calibration/def_stereocalib_THERM.yml,calibration/def_thermalcam_ori.yml,640x480,broad_generalization_raw_only_selection,review,raw_shift_local,False,v6,v9,support-v9,strict-selected,research,full,strict,all,14.645840953804951,6.142445534467697,0.9221381545066833,11.362752914428711,8.701666831970215,8.770666122436523,4.6500824093818665,0.9152685403823853,8.384896278381348,8.908020973205566,6.169678688049316,6.330733776092529,9.377950310707092,658,6294,1273,2.3368507027626038,19.473916053771973,687,8939,1661,8877,0.028896484375,0.8129998873493297,1.0,1.0,0.6223728813559322,67.3342560130186,2958,1463,2887,0.8480795977318926,0.5211222186391486,1661,0.0,0.0,0.0,2.2679533195495605,0.0,0.9230769230769231,general,False,,False,raw improvement -0.0789 is below 0.6000,14.74584095380495,generic_block,1.0,-1.0,2.0,-0.07889522636386381,1.0208023774145616,1.0,-0.011950910091400146,-0.22470051050186157,0.0734495222568512,v6,strict,v6 adds strict raw/depth support-gated selection for v9; aligned metrics remain evaluation-only.,002_seq283,,,,,,
002_seq283,2,283,p29_raw_shift_dx2p5_dy2p0_fill,True,phase21_fixed_rgb_canvas,phase23_crop_plus_board_residual_transform,,"[296, 103]","[280, 115]","Phase29 candidate generated from calibration files, raw RGB/LWIR/depth, Phase24 board-affine geometry, Phase25 depth projection support, and raw-only scene reliability scoring. MM5 aligned images are evaluation-only.",1.0,0.9321451822916667,0.9321451822916667,1.0,0.0,1.0,1.2419911401609482,1.613274267739655,0.9441655278205872,1.1105749607086182,0.9321451822916667,1.1764367701893765,1.5928979475536078,-0.18205934762954712,0.8157467842102051,0.9321451822916667,-0.15812457490345322,0.1921950228757009,p29_raw_shift_dx2p5_dy2p0_fill,board_all_median_floor,affine,affine_lmeds,1496,5.984659671783447,7.825484275817871,"[[0.964242690293037, 0.13137386244365368, -26.99199754875218], [-0.06631033534806513, 0.9894192701549352, 24.920322865264623]]",2.5,2.0,9,True,False,3.0,2,0.1,calibration/def_stereocalib_THERM.yml,calibration/def_thermalcam_ori.yml,640x480,broad_generalization_raw_only_selection,review,raw_shift_local,False,v6,v9,support-v9,strict-selected,research,full,strict,all,14.252308787837737,5.812997490167618,0.8511736989021301,10.774821281433105,8.533917427062988,8.323643684387207,4.408476918935776,0.8698479533195496,7.947105884552002,8.504735946655273,5.84212064743042,5.730000048875809,8.756499826908112,657,6294,1254,2.09364552795887,18.8008451461792,686,8939,1644,8877,0.028896484375,0.8129998873493297,1.0,1.0,0.6522033898305085,61.89466789067635,3055,1463,2913,0.8435192122444611,0.5198323121573686,1644,0.0,0.0,0.0,2.2019966316223143,0.0,0.9230769230769231,general,False,,False,raw improvement 0.3146 is below 0.6000,14.302308787837738,generic_block,-1.0,0.0,1.0,0.31463693960334993,1.0193164933135215,1.0,0.22965458035469055,0.39674997329711914,-0.25599852204322815,v6,strict,v6 adds strict raw/depth support-gated selection for v9; aligned metrics remain evaluation-only.,002_seq283,,,,,,
002_seq283,2,283,p29_raw_shift_dx4p5_dy2p0_fill,True,phase21_fixed_rgb_canvas,phase23_crop_plus_board_residual_transform,,"[296, 103]","[280, 115]","Phase29 candidate generated from calibration files, raw RGB/LWIR/depth, Phase24 board-affine geometry, Phase25 depth projection support, and raw-only scene reliability scoring. MM5 aligned images are evaluation-only.",1.0,0.9313444010416667,0.9313444010416667,1.0,0.0,1.0,1.2419911401609482,1.613274267739655,0.9195171594619751,1.2472108602523804,0.9313444010416667,1.1522133254041875,1.6011962073581778,-0.16794586181640625,0.9047884941101074,0.9313444010416667,-0.14538219616864897,0.1866159774161194,p29_raw_shift_dx4p5_dy2p0_fill,board_all_median_floor,affine,affine_lmeds,1496,5.984659671783447,7.825484275817871,"[[0.964242690293037, 0.13137386244365368, -26.99199754875218], [-0.06631033534806513, 0.9894192701549352, 24.920322865264623]]",4.5,2.0,9,True,False,3.0,2,0.1,calibration/def_stereocalib_THERM.yml,calibration/def_thermalcam_ori.yml,640x480,broad_generalization_raw_only_selection,review,raw_shift_local,False,v6,v9,support-v9,strict-selected,research,full,strict,all,14.654341004841633,6.124658107757568,0.9514627456665039,11.297853469848633,8.871895790100098,8.549814224243164,4.702642351388931,0.9639289975166321,8.44135570526123,8.978250503540039,6.050346851348877,6.161850035190582,9.377950310707092,648,6294,1254,2.26650333404541,19.347511291503906,677,8939,1644,8877,0.028896484375,0.8129998873493297,1.0,1.0,0.6217917675544794,65.6255391490719,3030,1463,2903,0.8502833921505721,0.5224121251209287,1644,0.0,0.0,0.0,2.280926380157471,0.0,0.9230769230769231,general,False,,False,raw improvement -0.0874 is below 0.6000,14.704341004841634,generic_block,1.0,0.0,1.0,-0.08739527740054598,1.0059435364041605,1.0,-0.06451085209846497,-0.22470051050186157,0.05566209554672241,v6,strict,v6 adds strict raw/depth support-gated selection for v9; aligned metrics remain evaluation-only.,002_seq283,,,,,,
002_seq283,2,283,p29_raw_shift_dx2p5_dy3p0_fill,True,phase21_fixed_rgb_canvas,phase23_crop_plus_board_residual_transform,,"[296, 103]","[280, 115]","Phase29 candidate generated from calibration files, raw RGB/LWIR/depth, Phase24 board-affine geometry, Phase25 depth projection support, and raw-only scene reliability scoring. MM5 aligned images are evaluation-only.",1.0,0.9310774739583333,0.9310774739583333,1.0,0.0,1.0,1.2419911401609482,1.613274267739655,0.9390089511871338,1.3477619886398315,0.9310774739583333,1.1672935593384004,1.5758078672207043,-0.17267179489135742,0.8945512771606445,0.9310774739583333,-0.14994066159555614,0.187322939725101,p29_raw_shift_dx2p5_dy3p0_fill,board_all_median_floor,affine,affine_lmeds,1496,5.984659671783447,7.825484275817871,"[[0.964242690293037, 0.13137386244365368, -26.99199754875218], [-0.06631033534806513, 0.9894192701549352, 24.920322865264623]]",2.5,3.0,9,True,False,3.0,2,0.1,calibration/def_stereocalib_THERM.yml,calibration/def_thermalcam_ori.yml,640x480,broad_generalization_raw_only_selection,review,raw_shift_local,False,v6,v9,support-v9,strict-selected,research,full,strict,all,14.340644414517563,5.898126721382141,0.9417603015899658,10.854493141174316,8.642363548278809,8.053059577941895,4.533424228429794,0.9515597224235535,8.115288734436035,8.573864936828613,5.780636310577393,5.730000048875809,8.963649809360504,643,6294,1254,2.105614945292473,18.78364372253418,672,8939,1644,8877,0.028896484375,0.8129998873493297,1.0,1.0,0.6484261501210654,60.090731558465684,3079,1463,2916,0.8437800320341697,0.5214446952595937,1644,0.0,0.0,0.0,2.199870204925537,0.0,0.9230769230769231,general,False,,False,raw improvement 0.2263 is below 0.6000,14.440644414517562,generic_block,-1.0,1.0,2.0,0.22630131292352473,0.9985141158989599,1.0,0.104707270860672,0.18959999084472656,-0.17086929082870483,v6,strict,v6 adds strict raw/depth support-gated selection for v9; aligned metrics remain evaluation-only.,002_seq283,,,,,,
002_seq283,2,283,p29_raw_shift_dx3p5_dy3p0_fill,True,phase21_fixed_rgb_canvas,phase23_crop_plus_board_residual_transform,,"[296, 103]","[280, 115]","Phase29 candidate generated from calibration files, raw RGB/LWIR/depth, Phase24 board-affine geometry, Phase25 depth projection support, and raw-only scene reliability scoring. MM5 aligned images are evaluation-only.",1.0,0.9306901041666666,0.9306901041666666,1.0,0.0,1.0,1.2419911401609482,1.613274267739655,0.9276677966117859,1.459488034248352,0.9306901041666666,1.1565992250035722,1.5845890439818417,-0.16528141498565674,0.9280269145965576,0.9306901041666666,-0.14314942815125292,0.18466765547988775,p29_raw_shift_dx3p5_dy3p0_fill,board_all_median_floor,affine,affine_lmeds,1496,5.984659671783447,7.825484275817871,"[[0.964242690293037, 0.13137386244365368, -26.99199754875218], [-0.06631033534806513, 0.9894192701549352, 24.920322865264623]]",3.5,3.0,9,True,False,3.0,2,0.1,calibration/def_stereocalib_THERM.yml,calibration/def_thermalcam_ori.yml,640x480,broad_generalization_raw_only_selection,review,raw_shift_local,False,v6,v9,support-v9,strict-selected,research,full,strict,all,14.4523402010654,5.95435157418251,0.9796965718269348,10.929006576538086,8.722870826721191,8.1702299118042,4.600728273391724,0.988196849822998,8.21325969696045,8.756003379821777,5.85272741317749,5.95470005273819,9.170799851417542,646,6294,1254,2.146323263645172,18.968324661254883,675,8939,1644,8877,0.028896484375,0.8129998873493297,1.0,1.0,0.6407748184019371,61.66953660799256,3082,1463,2946,0.8478051906440244,0.5243469848435989,1644,0.0,0.0,0.0,2.22373514175415,0.0,0.9230769230769231,general,False,,False,raw improvement 0.1146 is below 0.6000,14.502340201065401,generic_block,0.0,1.0,1.0,0.1146055263756871,1.0029717682020802,1.0,0.037403225898742676,-0.01755005121231079,-0.11464443802833557,v6,strict,v6 adds strict raw/depth support-gated selection for v9; aligned metrics remain evaluation-only.,002_seq283,,,,,,
002_seq283,2,283,p29_raw_shift_dx4p5_dy3p0_fill,True,phase21_fixed_rgb_canvas,phase23_crop_plus_board_residual_transform,,"[296, 103]","[280, 115]","Phase29 candidate generated from calibration files, raw RGB/LWIR/depth, Phase24 board-affine geometry, Phase25 depth projection support, and raw-only scene reliability scoring. MM5 aligned images are evaluation-only.",1.0,0.9302766927083334,0.9302766927083334,1.0,0.0,1.0,1.2419911401609482,1.613274267739655,0.9136282801628113,1.5201643705368042,0.9302766927083334,1.1430109852557713,1.5900246087745395,-0.15948297083377838,0.9385529160499573,0.9302766927083334,-0.1378637942652221,0.1816699604323735,p29_raw_shift_dx4p5_dy3p0_fill,board_all_median_floor,affine,affine_lmeds,1496,5.984659671783447,7.825484275817871,"[[0.964242690293037, 0.13137386244365368, -26.99199754875218], [-0.06631033534806513, 0.9894192701549352, 24.920322865264623]]",4.5,3.0,9,True,False,3.0,2,0.1,calibration/def_stereocalib_THERM.yml,calibration/def_thermalcam_ori.yml,640x480,broad_generalization_raw_only_selection,review,raw_shift_local,False,v6,v9,support-v9,strict-selected,research,full,strict,all,14.519255908369782,5.996278256177902,0.9964103102684021,10.996146202087402,8.89620304107666,8.299821853637695,4.656138718128204,1.0070406198501587,8.30523681640625,8.951860427856445,5.97631311416626,6.144300043582916,9.170799851417542,652,6294,1254,2.1328395009040833,19.100000381469727,681,8939,1644,8877,0.028896484375,0.8129998873493297,1.0,1.0,0.6230508474576271,63.55459525762432,3049,1463,2913,0.8491070473746123,0.5262818445662689,1644,0.0,0.0,0.0,2.2653022956848146,0.0,0.9230769230769231,general,False,,False,raw improvement 0.0477 is below 0.6000,14.619255908369782,generic_block,1.0,1.0,2.0,0.047689819071305095,1.011887072808321,1.0,-0.018007218837738037,-0.01755005121231079,-0.07271775603294373,v6,strict,v6 adds strict raw/depth support-gated selection for v9; aligned metrics remain evaluation-only.,002_seq283,,,,,,
002_seq283,2,283,p29_raw_shift_dx3p0_dy2p0_fill,True,phase21_fixed_rgb_canvas,phase23_crop_plus_board_residual_transform,,"[296, 103]","[280, 115]","Phase29 candidate generated from calibration files, raw RGB/LWIR/depth, Phase24 board-affine geometry, Phase25 depth projection support, and raw-only scene reliability scoring. MM5 aligned images are evaluation-only.",1.0,0.9317578125,0.9317578125,1.0,0.0,1.0,1.2419911401609482,1.613274267739655,0.9387714862823486,1.144998550415039,0.9317578125,1.170460343247034,1.5903923217811708,-0.18026861548423767,0.935423731803894,0.9317578125,-0.15747088717291516,0.18940180468097265,p29_raw_shift_dx3p0_dy2p0_fill,board_all_median_floor,affine,affine_lmeds,1496,5.984659671783447,7.825484275817871,"[[0.964242690293037, 0.13137386244365368, -26.99199754875218], [-0.06631033534806513, 0.9894192701549352, 24.920322865264623]]",3.0,2.0,9,True,False,3.0,2,0.1,calibration/def_stereocalib_THERM.yml,calibration/def_thermalcam_ori.yml,640x480,broad_generalization_raw_only_selection,review,raw_shift_local,False,v6,v9,support-v9,strict-selected,research,full,strict,all,14.505875437553758,6.037118226289749,0.91104656457901,11.163189888000488,8.658122062683105,8.255395889282227,4.599005848169327,0.9269116520881653,8.271100044250488,8.652364730834961,5.846880912780762,5.95470005273819,9.090049803256989,642,6294,1254,2.2106248289346695,18.823670387268066,671,8939,1644,8877,0.028896484375,0.8129998873493297,1.0,1.0,0.6485230024213076,63.13298305840947,3058,1463,2909,0.8484978081898856,0.5227346017413738,1644,0.0,0.0,0.0,2.218893642425537,0.0,0.9230769230769231,general,False,,False,raw improvement 0.0611 is below 0.6000,14.530875437553759,generic_block,-0.5,0.0,0.5,0.06107028988732921,0.9970282317979198,1.0,0.039125651121139526,0.06319999694824219,-0.0318777859210968,v6,strict,v6 adds strict raw/depth support-gated selection for v9; aligned metrics remain evaluation-only.,002_seq283,,,,,,
002_seq283,2,283,p29_raw_shift_dx4p0_dy2p0_fill,True,phase21_fixed_rgb_canvas,phase23_crop_plus_board_residual_transform,,"[296, 103]","[280, 115]","Phase29 candidate generated from calibration files, raw RGB/LWIR/depth, Phase24 board-affine geometry, Phase25 depth projection support, and raw-only scene reliability scoring. MM5 aligned images are evaluation-only.",1.0,0.9313444010416667,0.9313444010416667,1.0,0.0,1.0,1.2419911401609482,1.613274267739655,0.9262309074401855,1.2566558122634888,0.9313444010416667,1.1576637307545372,1.5931517212528836,-0.17370851337909698,0.9992111325263977,0.9313444010416667,-0.15178604495310014,0.18611823480770157,p29_raw_shift_dx4p0_dy2p0_fill,board_all_median_floor,affine,affine_lmeds,1496,5.984659671783447,7.825484275817871,"[[0.964242690293037, 0.13137386244365368, -26.99199754875218], [-0.06631033534806513, 0.9894192701549352, 24.920322865264623]]",4.0,2.0,9,True,False,3.0,2,0.1,calibration/def_stereocalib_THERM.yml,calibration/def_thermalcam_ori.yml,640x480,broad_generalization_raw_only_selection,review,raw_shift_local,False,v6,v9,support-v9,strict-selected,research,full,strict,all,14.600244708255321,6.111159473657608,0.9573195576667786,11.264999389648438,8.64876937866211,8.389228820800781,4.679402828216553,0.9731912612915039,8.385614395141602,8.70127010345459,5.9167375564575195,6.161850035190582,9.377950310707092,640,6294,1254,2.2762442231178284,19.121403694152832,669,8939,1644,8877,0.028896484375,0.8129998873493297,1.0,1.0,0.622179176755448,65.18545236038766,3008,1463,2920,0.851764705882353,0.5217671718800387,1644,0.0,0.0,0.0,2.2279167938232423,0.0,0.9230769230769231,general,False,,False,raw improvement -0.0333 is below 0.6000,14.625244708255321,generic_block,0.5,0.0,0.5,-0.03329898081423366,0.9940564635958395,1.0,-0.041271328926086426,-0.22470051050186157,0.042163461446762085,v6,strict,v6 adds strict raw/depth support-gated selection for v9; aligned metrics remain evaluation-only.,002_seq283,,,,,,
002_seq283,2,283,p29_raw_shift_dx3p5_dy1p5_fill,True,phase21_fixed_rgb_canvas,phase23_crop_plus_board_residual_transform,,"[296, 103]","[280, 115]","Phase29 candidate generated from calibration files, raw RGB/LWIR/depth, Phase24 board-affine geometry, Phase25 depth projection support, and raw-only scene reliability scoring. MM5 aligned images are evaluation-only.",1.0,0.9327799479166666,0.9327799479166666,1.0,0.0,1.0,1.2419911401609482,1.613274267739655,0.9330222010612488,1.193662166595459,0.9327799479166666,1.1641489919058525,1.5885917589611758,-0.17907306551933289,0.9425005316734314,0.9327799479166666,-0.1557877757960172,0.1929352860890418,p29_raw_shift_dx3p5_dy1p5_fill,board_all_median_floor,affine,affine_lmeds,1496,5.984659671783447,7.825484275817871,"[[0.964242690293037, 0.13137386244365368, -26.99199754875218], [-0.06631033534806513, 0.9894192701549352, 24.920322865264623]]",3.5,1.5,9,True,False,3.0,2,0.1,calibration/def_stereocalib_THERM.yml,calibration/def_thermalcam_ori.yml,640x480,broad_generalization_raw_only_selection,review,raw_shift_local,False,v6,v9,support-v9,strict-selected,research,full,strict,all,14.417699546064206,5.980936378240585,0.8719374537467957,11.089935302734375,8.39370059967041,8.438651084899902,4.546861320734024,0.8834717869758606,8.210250854492188,8.425252914428711,5.9699387550354,5.954700022935867,9.07250028848648,666,6294,1273,2.2022001296281815,19.090867042541504,695,8939,1661,8877,0.028896484375,0.8129998873493297,1.0,1.0,0.6447457627118645,64.4524488726908,3006,1463,2921,0.8445490531721408,0.5214446952595937,1661,0.0,0.0,0.0,2.185958194732666,0.0,0.9230769230769231,general,False,,False,raw improvement 0.1492 is below 0.6000,14.442699546064206,generic_block,0.0,-0.5,0.5,0.14924618137688128,1.0326894502228827,1.0,0.09127017855644226,0.08074951171875,-0.08805963397026062,v6,strict,v6 adds strict raw/depth support-gated selection for v9; aligned metrics remain evaluation-only.,002_seq283,,,,,,
002_seq283,2,283,p29_raw_shift_dx3p5_dy2p5_fill,True,phase21_fixed_rgb_canvas,phase23_crop_plus_board_residual_transform,,"[296, 103]","[280, 115]","Phase29 candidate generated from calibration files, raw RGB/LWIR/depth, Phase24 board-affine geometry, Phase25 depth projection support, and raw-only scene reliability scoring. MM5 aligned images are evaluation-only.",1.0,0.9317578125,0.9317578125,1.0,0.0,1.0,1.2419911401609482,1.613274267739655,0.9328078031539917,1.2902544736862183,0.9317578125,1.1647266077379363,1.5977355428404125,-0.17102789878845215,0.9621556997299194,0.9317578125,-0.1485252179949593,0.18850409994581585,p29_raw_shift_dx3p5_dy2p5_fill,board_all_median_floor,affine,affine_lmeds,1496,5.984659671783447,7.825484275817871,"[[0.964242690293037, 0.13137386244365368, -26.99199754875218], [-0.06631033534806513, 0.9894192701549352, 24.920322865264623]]",3.5,2.5,9,True,False,3.0,2,0.1,calibration/def_stereocalib_THERM.yml,calibration/def_thermalcam_ori.yml,640x480,broad_generalization_raw_only_selection,review,raw_shift_local,False,v6,v9,support-v9,strict-selected,research,full,strict,all,14.29760460022089,5.859253615140915,0.93569415807724,10.78281307220459,8.43204116821289,8.206947326660156,4.503064304590225,0.9491322636604309,8.05699634552002,8.421239852905273,5.832747459411621,5.95470005273819,9.02157986164093,669,6294,1254,2.1115842759609222,19.036800384521484,698,8939,1644,8877,0.028896484375,0.8129998873493297,1.0,1.0,0.6457142857142857,62.994753614830174,3081,1463,2937,0.8463263562580094,0.5233795549822637,1644,0.0,0.0,0.0,2.174323196411133,0.0,0.9230769230769231,general,False,,False,raw improvement 0.2693 is below 0.6000,14.32260460022089,generic_block,0.0,0.5,0.5,0.26934112722019776,1.037147102526003,1.0,0.1350671947002411,0.13166993856430054,-0.20974239706993103,v6,strict,v6 adds strict raw/depth support-gated selection for v9; aligned metrics remain evaluation-only.,002_seq283,,,,,,
023_seq305,23,305,p29_baseline,True,phase21_fixed_rgb_canvas,phase24_affine_lwir_subpixel_shift_depth_fill_then_morph_close,,"[296, 103]","[280, 115]","Phase29 candidate generated from calibration files, raw RGB/LWIR/depth, Phase24 board-affine geometry, Phase25 depth projection support, and raw-only scene reliability scoring. MM5 aligned images are evaluation-only.",1.0,0.9317578125,0.9317578125,0.9929981827735901,0.10403645038604736,1.0,1.1547430153730078,1.082460342011559,0.9477844834327698,1.407812476158142,0.9317578125,1.2007811182016275,1.7429567308387108,-0.23350155353546143,0.5880146622657776,0.9317578125,-0.2076850029926365,0.19563092344279726,p29_baseline,board_all_median_floor,affine,affine_lmeds,1496,5.984659671783447,7.825484275817871,"[[0.964242690293037, 0.13137386244365368, -26.99199754875218], [-0.06631033534806513, 0.9894192701549352, 24.920322865264623]]",3.5,2.0,9,True,False,3.0,2,0.1,calibration/def_stereocalib_THERM.yml,calibration/def_thermalcam_ori.yml,640x480,broad_generalization_raw_only_selection,review,baseline,False,v6,v9,support-v9,strict-selected,research,full,strict,all,13.867855569893475,5.6665012538433075,0.5689186453819275,10.764083862304688,18.877721786499023,18.99268913269043,4.901218056678772,0.6948130130767822,9.107623100280762,23.071571350097656,19.904956817626953,6.225050002336502,10.98250013589859,360,4271,287,2.010908231139183,32.12661552429199,479,7106,524,4841,0.015758463541666667,0.5472009915306755,1.0,1.0,0.5735154017148301,46.38735241602594,1604,944,1903,0.8353841946951053,0.5610576923076923,524,0.0,0.011196033877298284,0.0,3.12,0.0,0.8920644695389603,general,True,selector v6 retained baseline; best raw improvement 0.1647; safety filters rejected candidates (p29_depth_conservative: depth/reflection/edge guard candidates are diagnostic-only by default; p29_reflection_guard: depth/reflection/edge guard candidates are diagnostic-only by default; p29_small_target_guard: raw improvement -0.1222 is below 0.6500; +18 more rejected),True,,13.867855569893475,v6_baseline,0.0,0.0,0.0,0.0,1.0,1.0,0.0,0.0,0.0,v6,strict,v6 baseline row; aligned metrics are not used for selection.,023_seq305,,,,,,
023_seq305,23,305,p29_depth_conservative,True,phase21_fixed_rgb_canvas,phase23_crop_plus_board_residual_transform,,"[296, 103]","[280, 115]","Phase29 candidate generated from calibration files, raw RGB/LWIR/depth, Phase24 board-affine geometry, Phase25 depth projection support, and raw-only scene reliability scoring. MM5 aligned images are evaluation-only.",1.0,0.9317578125,0.9317578125,0.9929981827735901,0.10403645038604736,1.0,1.1547430153730078,1.082460342011559,0.9421315789222717,9.656195640563965,0.9317578125,1.1434858650953112,1.7286097334428216,-0.24327431619167328,0.576418399810791,0.9317578125,-0.2174796670004901,0.19502106393365282,p29_depth_conservative,board_all_median_floor,affine,affine_lmeds,1496,5.984659671783447,7.825484275817871,"[[0.964242690293037, 0.13137386244365368, -26.99199754875218], [-0.06631033534806513, 0.9894192701549352, 24.920322865264623]]",3.5,2.0,9,False,False,4.0,3,0.075,calibration/def_stereocalib_THERM.yml,calibration/def_thermalcam_ori.yml,640x480,broad_generalization_raw_only_selection,review,depth_conservative,False,v6,v9,support-v9,strict-selected,research,full,strict,all,13.787969908125259,5.515592604875565,0.5754061341285706,10.455779075622559,19.155811309814453,18.985294342041016,4.869746297597885,0.730726420879364,9.008766174316406,23.69196319580078,20.294246673583984,6.225050002336502,10.98250013589859,341,3849,262,1.891471341252327,31.620306968688965,471,6694,483,4393,0.014300130208333333,0.5465513316640109,1.0,1.0,0.5735154017148301,46.38735241602594,1604,1392,1936,0.8288157704015074,0.5682464454976304,483,0.0,0.013794673343956454,0.0,3.12,0.0,0.8920644695389603,general,False,,False,depth/reflection/edge guard candidates are diagnostic-only by default,13.787969908125259,diagnostic_guard_block,0.0,0.0,0.0,0.07988566176821621,0.9832985386221295,0.9074571369551746,0.03147175908088684,0.0,-0.15090864896774292,v6,strict,v6 adds strict raw/depth support-gated selection for v9; aligned metrics remain evaluation-only.,023_seq305,,,,,,
023_seq305,23,305,p29_reflection_guard,True,phase21_fixed_rgb_canvas,phase23_crop_plus_board_residual_transform,,"[296, 103]","[280, 115]","Phase29 candidate generated from calibration files, raw RGB/LWIR/depth, Phase24 board-affine geometry, Phase25 depth projection support, and raw-only scene reliability scoring. MM5 aligned images are evaluation-only.",1.0,0.9317578125,0.9317578125,0.9929981827735901,0.10403645038604736,1.0,1.1547430153730078,1.082460342011559,0.9421315789222717,9.656195640563965,0.9317578125,1.1434858650953112,1.7286097334428216,-0.24327431619167328,0.576418399810791,0.9317578125,-0.2174796670004901,0.19502106393365282,p29_reflection_guard,board_all_median_floor,affine,affine_lmeds,1496,5.984659671783447,7.825484275817871,"[[0.964242690293037, 0.13137386244365368, -26.99199754875218], [-0.06631033534806513, 0.9894192701549352, 24.920322865264623]]",3.5,2.0,9,False,False,4.5,3,0.055,calibration/def_stereocalib_THERM.yml,calibration/def_thermalcam_ori.yml,640x480,broad_generalization_raw_only_selection,review,reflection_guard,False,v6,v9,support-v9,strict-selected,research,full,strict,all,13.847548054125117,5.515592604875565,0.5754061341285706,10.455779075622559,19.155811309814453,18.985294342041016,4.869746297597885,0.730726420879364,9.008766174316406,23.69196319580078,20.294246673583984,6.225050002336502,10.98250013589859,341,3849,262,1.891471341252327,31.620306968688965,471,6694,483,4393,0.014300130208333333,0.5465513316640109,1.0,1.0,0.5735154017148301,46.38735241602594,1604,1392,1994,0.8288157704015074,0.5876865671641791,483,0.0,0.013794673343956454,0.0,3.12,0.0,0.8920644695389603,general,False,,False,depth/reflection/edge guard candidates are diagnostic-only by default,13.847548054125117,diagnostic_guard_block,0.0,0.0,0.0,0.02030751576835854,0.9832985386221295,0.9074571369551746,0.03147175908088684,0.0,-0.15090864896774292,v6,strict,v6 adds strict raw/depth support-gated selection for v9; aligned metrics remain evaluation-only.,023_seq305,,,,,,
023_seq305,23,305,p29_small_target_guard,True,phase21_fixed_rgb_canvas,phase23_crop_plus_board_residual_transform,,"[296, 103]","[280, 115]","Phase29 candidate generated from calibration files, raw RGB/LWIR/depth, Phase24 board-affine geometry, Phase25 depth projection support, and raw-only scene reliability scoring. MM5 aligned images are evaluation-only.",1.0,0.9317578125,0.9317578125,0.9929981827735901,0.10403645038604736,1.0,1.1547430153730078,1.082460342011559,0.9463859796524048,1.4861167669296265,0.9317578125,1.1954833649730756,1.7200939061483238,-0.23379173874855042,0.5976049900054932,0.9317578125,-0.2084793430884066,0.19265350400117842,p29_small_target_guard,board_all_median_floor,affine,affine_lmeds,1496,5.984659671783447,7.825484275817871,"[[0.964242690293037, 0.13137386244365368, -26.99199754875218], [-0.06631033534806513, 0.9894192701549352, 24.920322865264623]]",3.5,2.0,5,True,False,3.0,2,0.065,calibration/def_stereocalib_THERM.yml,calibration/def_thermalcam_ori.yml,640x480,broad_generalization_raw_only_selection,review,small_target_guard,False,v6,v9,support-v9,strict-selected,research,full,strict,all,13.990090616940847,5.773155689239502,0.5769281387329102,10.969383239746094,18.360641479492188,19.333873748779297,4.932147979736328,0.7039222717285156,9.16037368774414,22.55533218383789,19.982738494873047,6.3514499962329865,11.017601072788239,360,4271,287,2.0954079777002335,31.68141746520996,483,7106,524,4841,0.015758463541666667,0.5472009915306755,1.0,1.0,0.5735154017148301,46.38735241602594,1604,944,1911,0.8374760994263862,0.5658653846153846,524,0.0,0.011196033877298284,0.0,3.12,0.0,0.8920644695389603,general,False,,False,raw improvement -0.1222 is below 0.6500,14.210090616940848,small_target_guard_block,0.0,0.0,0.0,-0.12223504704737209,1.0083507306889352,1.0,-0.030929923057556152,-0.03510093688964844,0.10665443539619446,v6,strict,v6 adds strict raw/depth support-gated selection for v9; aligned metrics remain evaluation-only.,023_seq305,,,,,,
023_seq305,23,305,p29_edge_contamination_guard,True,phase21_fixed_rgb_canvas,phase23_crop_plus_board_residual_transform,,"[296, 103]","[280, 115]","Phase29 candidate generated from calibration files, raw RGB/LWIR/depth, Phase24 board-affine geometry, Phase25 depth projection support, and raw-only scene reliability scoring. MM5 aligned images are evaluation-only.",1.0,0.9317578125,0.9317578125,0.9929981827735901,0.10403645038604736,1.0,1.1547430153730078,1.082460342011559,0.9421315789222717,9.656195640563965,0.9317578125,1.1434858650953112,1.7286097334428216,-0.24327431619167328,0.576418399810791,0.9317578125,-0.2174796670004901,0.19502106393365282,p29_edge_contamination_guard,board_all_median_floor,affine,affine_lmeds,1496,5.984659671783447,7.825484275817871,"[[0.964242690293037, 0.13137386244365368, -26.99199754875218], [-0.06631033534806513, 0.9894192701549352, 24.920322865264623]]",3.5,2.0,9,False,False,4.0,3,0.08,calibration/def_stereocalib_THERM.yml,calibration/def_thermalcam_ori.yml,640x480,broad_generalization_raw_only_selection,review,edge_contamination_guard,False,v6,v9,support-v9,strict-selected,research,full,strict,all,13.787969908125259,5.515592604875565,0.5754061341285706,10.455779075622559,19.155811309814453,18.985294342041016,4.869746297597885,0.730726420879364,9.008766174316406,23.69196319580078,20.294246673583984,6.225050002336502,10.98250013589859,341,3849,262,1.891471341252327,31.620306968688965,471,6694,483,4393,0.014300130208333333,0.5465513316640109,1.0,1.0,0.5735154017148301,46.38735241602594,1604,1392,1936,0.8288157704015074,0.5682464454976304,483,0.0,0.013794673343956454,0.0,3.12,0.0,0.8920644695389603,general,False,,False,depth/reflection/edge guard candidates are diagnostic-only by default,13.787969908125259,diagnostic_guard_block,0.0,0.0,0.0,0.07988566176821621,0.9832985386221295,0.9074571369551746,0.03147175908088684,0.0,-0.15090864896774292,v6,strict,v6 adds strict raw/depth support-gated selection for v9; aligned metrics remain evaluation-only.,023_seq305,,,,,,
023_seq305,23,305,p29_v9_support_gated,True,phase21_fixed_rgb_canvas,phase23_crop_plus_board_residual_transform,,"[296, 103]","[280, 115]","Phase29 candidate generated from calibration files, raw RGB/LWIR/depth, Phase24 board-affine geometry, Phase25 depth projection support, and raw-only scene reliability scoring. MM5 aligned images are evaluation-only.",1.0,0.9317578125,0.9317578125,0.9929981827735901,0.10403645038604736,1.0,1.1547430153730078,1.082460342011559,0.9222244024276733,1.6079497337341309,0.9317578125,1.1335095382732712,1.4728855616533503,-0.3173181712627411,0.7964239716529846,0.9317578125,-0.29408895155088577,0.18671842361182123,p29_v9_support_gated,board_all_median_floor,affine,affine_lmeds,1496,5.984659671783447,7.825484275817871,"[[0.964242690293037, 0.13137386244365368, -26.99199754875218], [-0.06631033534806513, 0.9894192701549352, 24.920322865264623]]",3.5,2.0,5,True,False,7.0,3,0.075,calibration/def_stereocalib_THERM.yml,calibration/def_thermalcam_ori.yml,640x480,broad_generalization_raw_only_selection,review,v9_support_gated,False,v6,v9,support-v9,strict-selected,research,full,strict,all,15.075927110621354,6.290710628032684,0.7776530981063843,11.803768157958984,19.72293472290039,18.94025421142578,4.991073310375214,0.7776530981063843,9.204493522644043,21.49083137512207,19.430723190307617,6.425177603960037,10.98250013589859,309,3849,262,2.5452623516321182,29.719435691833496,309,6694,483,4393,0.014300130208333333,0.5465513316640109,1.0,1.0,0.6208320101619562,45.92577838956691,1668,1392,2301,0.8958545454545455,0.6823630136986302,483,0.0,0.013794673343956454,0.0,3.12,0.0,0.8831880459532098,general,False,,False,v9 support-gated mode is reserved for reflection/background scenes,10.26608,v9_reflection_block,0.0,0.0,0.0,-1.2080715407278788,0.6450939457202505,0.9074571369551746,-0.08985525369644165,0.0,0.6242093741893768,v6,strict,v6 adds strict raw/depth support-gated selection for v9; aligned metrics remain evaluation-only.,023_seq305,True,v9_support_gated,8808,72,,0.9317578125
023_seq305,23,305,p29_v9_support_gated_tight,True,phase21_fixed_rgb_canvas,phase23_crop_plus_board_residual_transform,,"[296, 103]","[280, 115]","Phase29 candidate generated from calibration files, raw RGB/LWIR/depth, Phase24 board-affine geometry, Phase25 depth projection support, and raw-only scene reliability scoring. MM5 aligned images are evaluation-only.",1.0,0.9317578125,0.9317578125,0.9929981827735901,0.10403645038604736,1.0,1.1547430153730078,1.082460342011559,0.9345661997795105,1.6037331819534302,0.9317578125,1.1496022455373893,1.4977229656639957,-0.3257870674133301,0.8520717620849609,0.9317578125,-0.3021996231754463,0.19133249873595692,p29_v9_support_gated_tight,board_all_median_floor,affine,affine_lmeds,1496,5.984659671783447,7.825484275817871,"[[0.964242690293037, 0.13137386244365368, -26.99199754875218], [-0.06631033534806513, 0.9894192701549352, 24.920322865264623]]",3.5,2.0,5,True,False,8.0,4,0.055,calibration/def_stereocalib_THERM.yml,calibration/def_thermalcam_ori.yml,640x480,broad_generalization_raw_only_selection,review,v9_support_gated_tight,False,v6,v9,support-v9,strict-selected,research,full,strict,all,15.040418776950732,6.2198576629161835,0.8060435652732849,11.633671760559082,20.421586990356445,19.34417152404785,4.93279692530632,0.8060435652732849,9.059550285339355,22.41295623779297,19.938005447387695,6.288249999284744,10.98250013589859,301,3463,238,2.532685771584511,31.21969985961914,301,6277,442,3961,0.012893880208333333,0.545569300681646,1.0,1.0,0.6378215306446491,44.99825609025118,1701,1824,2325,0.892314843507902,0.6734520780322307,442,0.0,0.01772279727341619,0.0,3.12,0.0,0.8653510786586766,general,False,,False,v9 support candidate mode is diagnostic-only unless a dedicated raw/depth gate allows it,10.233690000000001,v9_mode_block,0.0,0.0,0.0,-1.172563207057257,0.6283924843423799,0.8182193761619501,-0.03157886862754822,0.0,0.553356409072876,v6,strict,v6 adds strict raw/depth support-gated selection for v9; aligned metrics remain evaluation-only.,023_seq305,True,v9_support_gated_tight,7169,71,,0.9317578125
023_seq305,23,305,p29_v9_target_only,True,phase21_fixed_rgb_canvas,phase23_crop_plus_board_residual_transform,,"[296, 103]","[280, 115]","Phase29 candidate generated from calibration files, raw RGB/LWIR/depth, Phase24 board-affine geometry, Phase25 depth projection support, and raw-only scene reliability scoring. MM5 aligned images are evaluation-only.",1.0,0.9317578125,0.9317578125,0.9929981827735901,0.10403645038604736,1.0,1.1547430153730078,1.082460342011559,0.929890513420105,1.4782063961029053,0.9317578125,1.1452439983299478,1.4948181552430675,-0.3149470388889313,0.7698342800140381,0.9317578125,-0.2915473101328081,0.1867915629080491,p29_v9_target_only,board_all_median_floor,affine,affine_lmeds,1496,5.984659671783447,7.825484275817871,"[[0.964242690293037, 0.13137386244365368, -26.99199754875218], [-0.06631033534806513, 0.9894192701549352, 24.920322865264623]]",3.5,2.0,5,True,False,8.0,4,0.045,calibration/def_stereocalib_THERM.yml,calibration/def_thermalcam_ori.yml,640x480,broad_generalization_raw_only_selection,review,v9_target_only,False,v6,v9,support-v9,strict-selected,research,full,strict,all,15.336526729659925,6.496742635965347,0.7322261929512024,12.261259078979492,20.228519439697266,20.25857925415039,5.2940409779548645,0.7371736764907837,9.850908279418945,22.265872955322266,21.829856872558594,6.684999972581863,12.158686697483063,296,3463,238,2.7423733323812485,31.84115219116211,298,6277,442,3961,0.012893880208333333,0.545569300681646,1.0,1.0,0.2559542711972055,92.92438604794204,879,1824,2320,0.8904577191621412,0.6738761662425785,442,0.0,0.01772279727341619,0.0,3.12,0.0,0.9230769230769231,general,False,,False,v9 target-only blocked because baseline thermal target is not weak/small,10.197270000000001,v9_target_only_block,0.0,0.0,0.0,-1.4686711597664495,0.6221294363256785,0.8182193761619501,-0.39282292127609253,-1.1761865615844727,0.8302413821220398,v6,strict,v6 adds strict raw/depth support-gated selection for v9; aligned metrics remain evaluation-only.,023_seq305,True,v9_target_only,4127,64,,0.9317578125
023_seq305,23,305,p29_v9_depth_thermal,True,phase21_fixed_rgb_canvas,phase23_crop_plus_board_residual_transform,,"[296, 103]","[280, 115]","Phase29 candidate generated from calibration files, raw RGB/LWIR/depth, Phase24 board-affine geometry, Phase25 depth projection support, and raw-only scene reliability scoring. MM5 aligned images are evaluation-only.",1.0,0.9317578125,0.9317578125,0.9929981827735901,0.10403645038604736,1.0,1.1547430153730078,1.082460342011559,0.9272598028182983,1.610064148902893,0.9317578125,1.139075142170147,1.4765048283017734,-0.32346877455711365,0.8079012632369995,0.9317578125,-0.30000490333447577,0.18874185868039906,p29_v9_depth_thermal,board_all_median_floor,affine,affine_lmeds,1496,5.984659671783447,7.825484275817871,"[[0.964242690293037, 0.13137386244365368, -26.99199754875218], [-0.06631033534806513, 0.9894192701549352, 24.920322865264623]]",3.5,2.0,5,True,False,7.0,3,0.065,calibration/def_stereocalib_THERM.yml,calibration/def_thermalcam_ori.yml,640x480,broad_generalization_raw_only_selection,review,v9_depth_thermal,False,v6,v9,support-v9,strict-selected,research,full,strict,all,15.054361434486239,6.305651605129242,0.7952708005905151,11.816032409667969,19.77655029296875,18.929845809936523,5.00155633687973,0.7952708005905151,9.207841873168945,21.521757125854492,19.411531448364258,6.425177603960037,10.98250013589859,308,3849,262,2.5497203022241592,29.723999977111816,308,6694,483,4393,0.014300130208333333,0.5465513316640109,1.0,1.0,0.7286440139726897,43.63667462289528,1815,1392,2303,0.8965667733488507,0.6815068493150684,483,0.0,0.013794673343956454,0.0,3.12,0.0,0.839166819671063,general,False,,False,v9 depth-thermal mode is reserved for double-edge mismatch scenes,10.25826,v9_depth_thermal_block,0.0,0.0,0.0,-1.186505864592764,0.6430062630480167,0.9074571369551746,-0.10033828020095825,0.0,0.6391503512859344,v6,strict,v6 adds strict raw/depth support-gated selection for v9; aligned metrics remain evaluation-only.,023_seq305,True,v9_depth_thermal,8226,72,,0.9317578125
023_seq305,23,305,p29_v9_target_silhouette,True,phase21_fixed_rgb_canvas,phase23_crop_plus_board_residual_transform,,"[296, 103]","[280, 115]","Phase29 candidate generated from calibration files, raw RGB/LWIR/depth, Phase24 board-affine geometry, Phase25 depth projection support, and raw-only scene reliability scoring. MM5 aligned images are evaluation-only.",1.0,0.9317578125,0.9317578125,0.9929981827735901,0.10403645038604736,1.0,1.1547430153730078,1.082460342011559,0.7320744395256042,2.7706046104431152,0.9317578125,0.9272217272260789,1.411806102420889,-0.19358670711517334,1.8566228151321411,0.9317578125,-0.18218676748578794,0.1502645101345216,p29_v9_target_silhouette,board_all_median_floor,affine,affine_lmeds,1496,5.984659671783447,7.825484275817871,"[[0.964242690293037, 0.13137386244365368, -26.99199754875218], [-0.06631033534806513, 0.9894192701549352, 24.920322865264623]]",3.5,2.0,5,True,False,7.0,3,0.045,calibration/def_stereocalib_THERM.yml,calibration/def_thermalcam_ori.yml,640x480,broad_generalization_raw_only_selection,review,v9_target_silhouette,False,v6,v9,support-v9,strict-selected,research,full,strict,all,15.159769268093559,6.381622672080994,1.003554105758667,11.75969123840332,19.015840530395508,14.226582527160645,5.3243274092674255,1.0263327360153198,9.622322082519531,20.137331008911133,14.29119873046875,6.684999972581863,11.396799683570862,303,3849,262,2.4064951837062836,34.589948654174805,316,6694,483,4393,0.014300130208333333,0.5465513316640109,1.0,1.0,0.6020959034614163,45.14558075069038,1944,1392,2286,0.8947445255474452,0.690068493150685,483,0.0,0.013794673343956454,0.0,3.12,0.0,0.8681842452055842,general,False,,False,v9 silhouette lacks thermal/support centroid disagreement,10.233270000000001,v9_silhouette_block,0.0,0.0,0.0,-1.2919136982000836,0.6597077244258872,0.9074571369551746,-0.42310935258865356,-0.41429954767227173,0.7151214182376862,v6,strict,v6 adds strict raw/depth support-gated selection for v9; aligned metrics remain evaluation-only.,023_seq305,True,v9_target_silhouette,4127,64,90.0,0.9317578125
023_seq305,23,305,p29_raw_shift_dx2p5_dy1p0_fill,True,phase21_fixed_rgb_canvas,phase23_crop_plus_board_residual_transform,,"[296, 103]","[280, 115]","Phase29 candidate generated from calibration files, raw RGB/LWIR/depth, Phase24 board-affine geometry, Phase25 depth projection support, and raw-only scene reliability scoring. MM5 aligned images are evaluation-only.",1.0,0.9331673177083334,0.9331673177083334,0.9929981827735901,0.10403645038604736,1.0,1.1547430153730078,1.082460342011559,0.9496110081672668,1.5399236679077148,0.9331673177083334,1.1993834022330996,1.7267462404885259,-0.2459796518087387,0.5639783143997192,0.9331673177083334,-0.2193881872599508,0.19983556290124166,p29_raw_shift_dx2p5_dy1p0_fill,board_all_median_floor,affine,affine_lmeds,1496,5.984659671783447,7.825484275817871,"[[0.964242690293037, 0.13137386244365368, -26.99199754875218], [-0.06631033534806513, 0.9894192701549352, 24.920322865264623]]",2.5,1.0,9,True,False,3.0,2,0.1,calibration/def_stereocalib_THERM.yml,calibration/def_thermalcam_ori.yml,640x480,broad_generalization_raw_only_selection,review,raw_shift_local,False,v6,v9,support-v9,strict-selected,research,full,strict,all,13.963223532775043,5.830244958400726,0.6001995801925659,11.060290336608887,18.857425689697266,19.96745491027832,4.951333194971085,0.6463568806648254,9.256309509277344,23.37196159362793,20.904706954956055,6.414649993181229,11.080800116062164,343,4271,287,2.149111792445183,32.33376502990723,471,7106,524,4841,0.015758463541666667,0.5472009915306755,1.0,1.0,0.559225150841537,43.486003346328566,1475,944,1880,0.8348098677933761,0.5677884615384615,524,0.0,0.011196033877298284,0.0,3.12,0.0,0.8362692951217032,general,False,,False,raw improvement -0.0954 is below 0.6000,14.063223532775043,generic_block,-1.0,-1.0,2.0,-0.09536796288156779,0.9832985386221295,1.0,-0.05011513829231262,-0.09829998016357422,0.16374370455741882,v6,strict,v6 adds strict raw/depth support-gated selection for v9; aligned metrics remain evaluation-only.,023_seq305,,,,,,
023_seq305,23,305,p29_raw_shift_dx3p5_dy1p0_fill,True,phase21_fixed_rgb_canvas,phase23_crop_plus_board_residual_transform,,"[296, 103]","[280, 115]","Phase29 candidate generated from calibration files, raw RGB/LWIR/depth, Phase24 board-affine geometry, Phase25 depth projection support, and raw-only scene reliability scoring. MM5 aligned images are evaluation-only.",1.0,0.9327799479166666,0.9327799479166666,0.9929981827735901,0.10403645038604736,1.0,1.1547430153730078,1.082460342011559,0.9433012008666992,1.5881757736206055,0.9327799479166666,1.1940120857424787,1.734932930116689,-0.24058398604393005,0.5980730056762695,0.9327799479166666,-0.2145372488661298,0.19756783474571926,p29_raw_shift_dx3p5_dy1p0_fill,board_all_median_floor,affine,affine_lmeds,1496,5.984659671783447,7.825484275817871,"[[0.964242690293037, 0.13137386244365368, -26.99199754875218], [-0.06631033534806513, 0.9894192701549352, 24.920322865264623]]",3.5,1.0,9,True,False,3.0,2,0.1,calibration/def_stereocalib_THERM.yml,calibration/def_thermalcam_ori.yml,640x480,broad_generalization_raw_only_selection,review,raw_shift_local,False,v6,v9,support-v9,strict-selected,research,full,strict,all,14.1008425918617,5.902090907096863,0.6577727794647217,11.146409034729004,18.962093353271484,19.780553817749023,5.04028445482254,0.7184597253799438,9.362109184265137,23.585559844970703,20.517881393432617,6.621799975633621,11.189649641513824,340,4271,287,2.1592188626527786,32.239657402038574,467,7106,524,4841,0.015758463541666667,0.5472009915306755,1.0,1.0,0.555890758971102,45.717166458557784,1498,944,1900,0.8394339365900122,0.5668269230769231,524,0.0,0.011196033877298284,0.0,3.12,0.0,0.8791762780491882,general,False,,False,raw improvement -0.2330 is below 0.6000,14.1508425918617,generic_block,0.0,-1.0,1.0,-0.23298702196822418,0.9749478079331941,1.0,-0.1390663981437683,-0.20714950561523438,0.2355896532535553,v6,strict,v6 adds strict raw/depth support-gated selection for v9; aligned metrics remain evaluation-only.,023_seq305,,,,,,
023_seq305,23,305,p29_raw_shift_dx4p5_dy1p0_fill,True,phase21_fixed_rgb_canvas,phase23_crop_plus_board_residual_transform,,"[296, 103]","[280, 115]","Phase29 candidate generated from calibration files, raw RGB/LWIR/depth, Phase24 board-affine geometry, Phase25 depth projection support, and raw-only scene reliability scoring. MM5 aligned images are evaluation-only.",1.0,0.9323665364583333,0.9323665364583333,0.9929981827735901,0.10403645038604736,1.0,1.1547430153730078,1.082460342011559,0.9355764389038086,1.5996984243392944,0.9323665364583333,1.1869945081594457,1.7401083986778194,-0.23628075420856476,0.6521851420402527,0.9323665364583333,-0.2109187833672437,0.19516721129041723,p29_raw_shift_dx4p5_dy1p0_fill,board_all_median_floor,affine,affine_lmeds,1496,5.984659671783447,7.825484275817871,"[[0.964242690293037, 0.13137386244365368, -26.99199754875218], [-0.06631033534806513, 0.9894192701549352, 24.920322865264623]]",4.5,1.0,9,True,False,3.0,2,0.1,calibration/def_stereocalib_THERM.yml,calibration/def_thermalcam_ori.yml,640x480,broad_generalization_raw_only_selection,review,raw_shift_local,False,v6,v9,support-v9,strict-selected,research,full,strict,all,14.167455808598834,5.918938994407654,0.6760165691375732,11.161861419677734,19.175058364868164,19.694276809692383,5.104883581399918,0.7461956143379211,9.463571548461914,23.825939178466797,20.13918113708496,6.684999972581863,11.189649641513824,344,4271,287,2.1114678233861923,31.70246696472168,477,7106,524,4841,0.015758463541666667,0.5472009915306755,1.0,1.0,0.5011114639568117,51.607133494957296,1447,944,1918,0.8359385619138235,0.5706730769230769,524,0.0,0.011196033877298284,0.0,3.12,0.0,0.9230769230769231,general,False,,False,raw improvement -0.2996 is below 0.6000,14.267455808598834,generic_block,1.0,-1.0,2.0,-0.29960023870535935,0.9958246346555324,1.0,-0.20366552472114563,-0.20714950561523438,0.2524377405643463,v6,strict,v6 adds strict raw/depth support-gated selection for v9; aligned metrics remain evaluation-only.,023_seq305,,,,,,
023_seq305,23,305,p29_raw_shift_dx2p5_dy2p0_fill,True,phase21_fixed_rgb_canvas,phase23_crop_plus_board_residual_transform,,"[296, 103]","[280, 115]","Phase29 candidate generated from calibration files, raw RGB/LWIR/depth, Phase24 board-affine geometry, Phase25 depth projection support, and raw-only scene reliability scoring. MM5 aligned images are evaluation-only.",1.0,0.9321451822916667,0.9321451822916667,0.9929981827735901,0.10403645038604736,1.0,1.1547430153730078,1.082460342011559,0.9540561437606812,1.3622381687164307,0.9321451822916667,1.2060551419067016,1.7344828477221264,-0.2379366010427475,0.5471490025520325,0.9321451822916667,-0.21146641796079488,0.19835384731509875,p29_raw_shift_dx2p5_dy2p0_fill,board_all_median_floor,affine,affine_lmeds,1496,5.984659671783447,7.825484275817871,"[[0.964242690293037, 0.13137386244365368, -26.99199754875218], [-0.06631033534806513, 0.9894192701549352, 24.920322865264623]]",2.5,2.0,9,True,False,3.0,2,0.1,calibration/def_stereocalib_THERM.yml,calibration/def_thermalcam_ori.yml,640x480,broad_generalization_raw_only_selection,review,raw_shift_local,False,v6,v9,support-v9,strict-selected,research,full,strict,all,13.77470496116354,5.6361516416072845,0.5360514521598816,10.736251831054688,18.516231536865234,18.8979434967041,4.813218146562576,0.6484156250953674,8.978020668029785,23.030778884887695,19.799379348754883,6.207500010728836,10.98250013589859,359,4271,287,2.0685585290193558,32.14978218078613,476,7106,524,4841,0.015758463541666667,0.5472009915306755,1.0,1.0,0.5762146713242299,43.91132999917944,1585,944,1899,0.8336983301396113,0.5543269230769231,524,0.0,0.011196033877298284,0.0,3.12,0.0,0.8444486538303739,general,False,,False,raw improvement 0.0932 is below 0.6000,13.82470496116354,generic_block,-1.0,0.0,1.0,0.09315060872993541,0.9937369519832986,1.0,0.08799991011619568,0.0,-0.03034961223602295,v6,strict,v6 adds strict raw/depth support-gated selection for v9; aligned metrics remain evaluation-only.,023_seq305,,,,,,
023_seq305,23,305,p29_raw_shift_dx4p5_dy2p0_fill,True,phase21_fixed_rgb_canvas,phase23_crop_plus_board_residual_transform,,"[296, 103]","[280, 115]","Phase29 candidate generated from calibration files, raw RGB/LWIR/depth, Phase24 board-affine geometry, Phase25 depth projection support, and raw-only scene reliability scoring. MM5 aligned images are evaluation-only.",1.0,0.9313444010416667,0.9313444010416667,0.9929981827735901,0.10403645038604736,1.0,1.1547430153730078,1.082460342011559,0.939844012260437,1.4061694145202637,0.9313444010416667,1.1938459159507533,1.749592801182918,-0.22793765366077423,0.6356422901153564,0.9313444010416667,-0.20291356294696455,0.19225296303001219,p29_raw_shift_dx4p5_dy2p0_fill,board_all_median_floor,affine,affine_lmeds,1496,5.984659671783447,7.825484275817871,"[[0.964242690293037, 0.13137386244365368, -26.99199754875218], [-0.06631033534806513, 0.9894192701549352, 24.920322865264623]]",4.5,2.0,9,True,False,3.0,2,0.1,calibration/def_stereocalib_THERM.yml,calibration/def_thermalcam_ori.yml,640x480,broad_generalization_raw_only_selection,review,raw_shift_local,False,v6,v9,support-v9,strict-selected,research,full,strict,all,13.967103691313262,5.711978107690811,0.6130078434944153,10.810948371887207,19.00790786743164,18.606164932250977,4.941454529762268,0.7464563846588135,9.136452674865723,23.334470748901367,19.040264129638672,6.432199984788895,10.98250013589859,358,4271,287,2.0161486119031906,31.673324584960938,474,7106,524,4841,0.015758463541666667,0.5472009915306755,1.0,1.0,0.5339790409653858,50.664831896019635,1578,944,1927,0.838189030228423,0.5629807692307692,524,0.0,0.011196033877298284,0.0,3.12,0.0,0.9230769230769231,general,False,,False,raw improvement -0.0992 is below 0.6000,14.017103691313263,generic_block,1.0,0.0,1.0,-0.09924812141978734,0.9895615866388309,1.0,-0.040236473083496094,0.0,0.04547685384750366,v6,strict,v6 adds strict raw/depth support-gated selection for v9; aligned metrics remain evaluation-only.,023_seq305,,,,,,
023_seq305,23,305,p29_raw_shift_dx2p5_dy3p0_fill,True,phase21_fixed_rgb_canvas,phase23_crop_plus_board_residual_transform,,"[296, 103]","[280, 115]","Phase29 candidate generated from calibration files, raw RGB/LWIR/depth, Phase24 board-affine geometry, Phase25 depth projection support, and raw-only scene reliability scoring. MM5 aligned images are evaluation-only.",1.0,0.9310774739583333,0.9310774739583333,0.9929981827735901,0.10403645038604736,1.0,1.1547430153730078,1.082460342011559,0.9518955945968628,1.4321424961090088,0.9310774739583333,1.2031076389256286,1.7320326620361315,-0.2306491583585739,0.6345848441123962,0.9310774739583333,-0.2052932364715752,0.194422873011154,p29_raw_shift_dx2p5_dy3p0_fill,board_all_median_floor,affine,affine_lmeds,1496,5.984659671783447,7.825484275817871,"[[0.964242690293037, 0.13137386244365368, -26.99199754875218], [-0.06631033534806513, 0.9894192701549352, 24.920322865264623]]",2.5,3.0,9,True,False,3.0,2,0.1,calibration/def_stereocalib_THERM.yml,calibration/def_thermalcam_ori.yml,640x480,broad_generalization_raw_only_selection,review,raw_shift_local,False,v6,v9,support-v9,strict-selected,research,full,strict,all,13.703203148425644,5.543141096830368,0.6377663016319275,10.448515892028809,18.64626121520996,18.341285705566406,4.705304533243179,0.6995428204536438,8.711066246032715,21.859153747558594,19.482288360595703,5.954700022935867,10.87365061044693,414,4271,287,2.056249216198921,32.28811454772949,481,7106,524,4841,0.015758463541666667,0.5472009915306755,1.0,1.0,0.5960622419815814,44.645502469028266,1696,944,1943,0.8263595474989778,0.5480769230769231,524,0.0,0.011196033877298284,0.0,3.12,0.0,0.8585673551736205,general,False,,False,raw improvement 0.1647 is below 0.6000,13.803203148425643,generic_block,-1.0,1.0,2.0,0.16465242146783154,1.0041753653444676,1.0,0.19591352343559265,0.10884952545166016,-0.12336015701293945,v6,strict,v6 adds strict raw/depth support-gated selection for v9; aligned metrics remain evaluation-only.,023_seq305,,,,,,
023_seq305,23,305,p29_raw_shift_dx3p5_dy3p0_fill,True,phase21_fixed_rgb_canvas,phase23_crop_plus_board_residual_transform,,"[296, 103]","[280, 115]","Phase29 candidate generated from calibration files, raw RGB/LWIR/depth, Phase24 board-affine geometry, Phase25 depth projection support, and raw-only scene reliability scoring. MM5 aligned images are evaluation-only.",1.0,0.9306901041666666,0.9306901041666666,0.9929981827735901,0.10403645038604736,1.0,1.1547430153730078,1.082460342011559,0.9458264112472534,1.4761579036712646,0.9306901041666666,1.1976933833941572,1.738159463792877,-0.2265004813671112,0.6439561247825623,0.9306901041666666,-0.20166086498362942,0.1913556875478476,p29_raw_shift_dx3p5_dy3p0_fill,board_all_median_floor,affine,affine_lmeds,1496,5.984659671783447,7.825484275817871,"[[0.964242690293037, 0.13137386244365368, -26.99199754875218], [-0.06631033534806513, 0.9894192701549352, 24.920322865264623]]",3.5,3.0,9,True,False,3.0,2,0.1,calibration/def_stereocalib_THERM.yml,calibration/def_thermalcam_ori.yml,640x480,broad_generalization_raw_only_selection,review,raw_shift_local,False,v6,v9,support-v9,strict-selected,research,full,strict,all,13.807287805582881,5.591849833726883,0.7026119828224182,10.481087684631348,18.904695510864258,18.285993576049805,4.791291773319244,0.7841750383377075,8.798408508300781,21.99372673034668,19.164165496826172,6.207500010728836,10.919300138950348,413,4271,287,2.0303830951452255,31.872413635253906,484,7106,524,4841,0.015758463541666667,0.5472009915306755,1.0,1.0,0.5703397904096539,47.46725687991845,1680,944,1933,0.8253126699293094,0.5567307692307693,524,0.0,0.011196033877298284,0.0,3.12,0.0,0.9128318630753548,general,False,,False,raw improvement 0.0606 is below 0.6000,13.857287805582882,generic_block,0.0,1.0,1.0,0.060567764310594185,1.010438413361169,1.0,0.10992628335952759,0.06319999694824219,-0.07465142011642456,v6,strict,v6 adds strict raw/depth support-gated selection for v9; aligned metrics remain evaluation-only.,023_seq305,,,,,,
023_seq305,23,305,p29_raw_shift_dx4p5_dy3p0_fill,True,phase21_fixed_rgb_canvas,phase23_crop_plus_board_residual_transform,,"[296, 103]","[280, 115]","Phase29 candidate generated from calibration files, raw RGB/LWIR/depth, Phase24 board-affine geometry, Phase25 depth projection support, and raw-only scene reliability scoring. MM5 aligned images are evaluation-only.",1.0,0.9302766927083334,0.9302766927083334,0.9929981827735901,0.10403645038604736,1.0,1.1547430153730078,1.082460342011559,0.9376165866851807,1.4977970123291016,0.9302766927083334,1.1902848039053926,1.7443666619612441,-0.2212330400943756,0.6652060747146606,0.9302766927083334,-0.19694329852959763,0.18853985342043977,p29_raw_shift_dx4p5_dy3p0_fill,board_all_median_floor,affine,affine_lmeds,1496,5.984659671783447,7.825484275817871,"[[0.964242690293037, 0.13137386244365368, -26.99199754875218], [-0.06631033534806513, 0.9894192701549352, 24.920322865264623]]",4.5,3.0,9,True,False,3.0,2,0.1,calibration/def_stereocalib_THERM.yml,calibration/def_thermalcam_ori.yml,640x480,broad_generalization_raw_only_selection,review,raw_shift_local,False,v6,v9,support-v9,strict-selected,research,full,strict,all,13.849312025225085,5.620996803045273,0.6987311244010925,10.543262481689453,18.892850875854492,18.240041732788086,4.851526737213135,0.786865234375,8.91618824005127,21.97949981689453,18.84288787841797,6.225050002336502,10.98250013589859,409,4271,287,2.0150950998067856,30.96446418762207,483,7106,524,4841,0.015758463541666667,0.5472009915306755,1.0,1.0,0.5543029533185139,50.06560922364242,1689,944,1922,0.8252823513403185,0.5644230769230769,524,0.0,0.011196033877298284,0.0,3.12,0.0,0.9230769230769231,general,False,,False,raw improvement 0.0185 is below 0.6000,13.949312025225085,generic_block,1.0,1.0,2.0,0.0185435446683897,1.0083507306889352,1.0,0.04969131946563721,0.0,-0.04550445079803467,v6,strict,v6 adds strict raw/depth support-gated selection for v9; aligned metrics remain evaluation-only.,023_seq305,,,,,,
023_seq305,23,305,p29_raw_shift_dx3p0_dy2p0_fill,True,phase21_fixed_rgb_canvas,phase23_crop_plus_board_residual_transform,,"[296, 103]","[280, 115]","Phase29 candidate generated from calibration files, raw RGB/LWIR/depth, Phase24 board-affine geometry, Phase25 depth projection support, and raw-only scene reliability scoring. MM5 aligned images are evaluation-only.",1.0,0.9317578125,0.9317578125,0.9929981827735901,0.10403645038604736,1.0,1.1547430153730078,1.082460342011559,0.9500210285186768,1.4222538471221924,0.9317578125,1.2009377786007331,1.729668487765265,-0.23681427538394928,0.5733174085617065,0.9317578125,-0.21055241876423242,0.19801174047391398,p29_raw_shift_dx3p0_dy2p0_fill,board_all_median_floor,affine,affine_lmeds,1496,5.984659671783447,7.825484275817871,"[[0.964242690293037, 0.13137386244365368, -26.99199754875218], [-0.06631033534806513, 0.9894192701549352, 24.920322865264623]]",3.0,2.0,9,True,False,3.0,2,0.1,calibration/def_stereocalib_THERM.yml,calibration/def_thermalcam_ori.yml,640x480,broad_generalization_raw_only_selection,review,raw_shift_local,False,v6,v9,support-v9,strict-selected,research,full,strict,all,13.723216923223656,5.552079200744629,0.551173210144043,10.552985191345215,18.471376419067383,18.16653823852539,4.818356245756149,0.6765684485435486,8.96014404296875,22.802095413208008,19.468610763549805,6.207500010728836,10.98250013589859,361,4271,287,1.9793479889631271,31.890674591064453,482,7106,524,4841,0.015758463541666667,0.5472009915306755,1.0,1.0,0.5716100349317244,45.400837977999664,1564,944,1905,0.8323762646978398,0.5576923076923077,524,0.0,0.011196033877298284,0.0,3.12,0.0,0.8730930380384551,general,False,,False,raw improvement 0.1446 is below 0.6000,13.748216923223657,generic_block,-0.5,0.0,0.5,0.14463864666981863,1.0062630480167014,1.0,0.08286181092262268,0.0,-0.11442205309867859,v6,strict,v6 adds strict raw/depth support-gated selection for v9; aligned metrics remain evaluation-only.,023_seq305,,,,,,
023_seq305,23,305,p29_raw_shift_dx4p0_dy2p0_fill,True,phase21_fixed_rgb_canvas,phase23_crop_plus_board_residual_transform,,"[296, 103]","[280, 115]","Phase29 candidate generated from calibration files, raw RGB/LWIR/depth, Phase24 board-affine geometry, Phase25 depth projection support, and raw-only scene reliability scoring. MM5 aligned images are evaluation-only.",1.0,0.9313444010416667,0.9313444010416667,0.9929981827735901,0.10403645038604736,1.0,1.1547430153730078,1.082460342011559,0.9426881074905396,1.4451241493225098,0.9313444010416667,1.1944717508938174,1.7363625886614196,-0.2319808155298233,0.6090426445007324,0.9313444010416667,-0.20638852069825656,0.1949770046571411,p29_raw_shift_dx4p0_dy2p0_fill,board_all_median_floor,affine,affine_lmeds,1496,5.984659671783447,7.825484275817871,"[[0.964242690293037, 0.13137386244365368, -26.99199754875218], [-0.06631033534806513, 0.9894192701549352, 24.920322865264623]]",4.0,2.0,9,True,False,3.0,2,0.1,calibration/def_stereocalib_THERM.yml,calibration/def_thermalcam_ori.yml,640x480,broad_generalization_raw_only_selection,review,raw_shift_local,False,v6,v9,support-v9,strict-selected,research,full,strict,all,13.816905773822054,5.580539137125015,0.6050117611885071,10.556066513061523,18.799942016601562,17.790348052978516,4.877318322658539,0.7405775785446167,9.014059066772461,22.852266311645508,18.764007568359375,6.225050002336502,10.919300138950348,366,4271,287,1.9330458492040634,31.539554595947266,485,7106,524,4841,0.015758463541666667,0.5472009915306755,1.0,1.0,0.538901238488409,50.1122022870102,1543,944,1916,0.833105708822726,0.5639423076923077,524,0.0,0.011196033877298284,0.0,3.12,0.0,0.9230769230769231,general,False,,False,raw improvement 0.0509 is below 0.6000,13.841905773822054,generic_block,0.5,0.0,0.5,0.05094979607142136,1.0125260960334028,1.0,0.023899734020233154,0.06319999694824219,-0.08596211671829224,v6,strict,v6 adds strict raw/depth support-gated selection for v9; aligned metrics remain evaluation-only.,023_seq305,,,,,,
023_seq305,23,305,p29_raw_shift_dx3p5_dy1p5_fill,True,phase21_fixed_rgb_canvas,phase23_crop_plus_board_residual_transform,,"[296, 103]","[280, 115]","Phase29 candidate generated from calibration files, raw RGB/LWIR/depth, Phase24 board-affine geometry, Phase25 depth projection support, and raw-only scene reliability scoring. MM5 aligned images are evaluation-only.",1.0,0.9327799479166666,0.9327799479166666,0.9929981827735901,0.10403645038604736,1.0,1.1547430153730078,1.082460342011559,0.9471606612205505,1.5352474451065063,0.9327799479166666,1.1989631162899876,1.7400929316005085,-0.23742960393428802,0.6048933863639832,0.9327799479166666,-0.21131121348489737,0.198318338450497,p29_raw_shift_dx3p5_dy1p5_fill,board_all_median_floor,affine,affine_lmeds,1496,5.984659671783447,7.825484275817871,"[[0.964242690293037, 0.13137386244365368, -26.99199754875218], [-0.06631033534806513, 0.9894192701549352, 24.920322865264623]]",3.5,1.5,9,True,False,3.0,2,0.1,calibration/def_stereocalib_THERM.yml,calibration/def_thermalcam_ori.yml,640x480,broad_generalization_raw_only_selection,review,raw_shift_local,False,v6,v9,support-v9,strict-selected,research,full,strict,all,13.919074259049498,5.723073482513428,0.6128511428833008,10.833295822143555,18.887556076049805,18.75678062438965,4.945356607437134,0.7238850593566895,9.166828155517578,23.528793334960938,19.609222412109375,6.414649993181229,10.98250013589859,355,4271,287,2.0233419090509415,31.694056510925293,487,7106,524,4841,0.015758463541666667,0.5472009915306755,1.0,1.0,0.5725627183232772,45.87436681368943,1578,944,1900,0.8345823681700504,0.56875,524,0.0,0.011196033877298284,0.0,3.12,0.0,0.8821993618017198,general,False,,False,raw improvement -0.0512 is below 0.6000,13.944074259049499,generic_block,0.0,-0.5,0.5,-0.051218689156023345,1.0167014613778707,1.0,-0.044138550758361816,0.0,0.05657222867012024,v6,strict,v6 adds strict raw/depth support-gated selection for v9; aligned metrics remain evaluation-only.,023_seq305,,,,,,
023_seq305,23,305,p29_raw_shift_dx3p5_dy2p5_fill,True,phase21_fixed_rgb_canvas,phase23_crop_plus_board_residual_transform,,"[296, 103]","[280, 115]","Phase29 candidate generated from calibration files, raw RGB/LWIR/depth, Phase24 board-affine geometry, Phase25 depth projection support, and raw-only scene reliability scoring. MM5 aligned images are evaluation-only.",1.0,0.9317578125,0.9317578125,0.9929981827735901,0.10403645038604736,1.0,1.1547430153730078,1.082460342011559,0.9486440420150757,1.4355134963989258,0.9317578125,1.2016426503809778,1.744077928961971,-0.22939585149288177,0.6059099435806274,0.9317578125,-0.20376436473857223,0.19511297610528874,p29_raw_shift_dx3p5_dy2p5_fill,board_all_median_floor,affine,affine_lmeds,1496,5.984659671783447,7.825484275817871,"[[0.964242690293037, 0.13137386244365368, -26.99199754875218], [-0.06631033534806513, 0.9894192701549352, 24.920322865264623]]",3.5,2.5,9,True,False,3.0,2,0.1,calibration/def_stereocalib_THERM.yml,calibration/def_thermalcam_ori.yml,640x480,broad_generalization_raw_only_selection,review,raw_shift_local,False,v6,v9,support-v9,strict-selected,research,full,strict,all,13.776078172771438,5.578634172677994,0.6091087460517883,10.5481595993042,18.642976760864258,18.047016143798828,4.80946347117424,0.7270755171775818,8.891851425170898,22.54376220703125,18.888765335083008,6.207500010728836,10.873649656772614,384,4271,287,1.987583115696907,31.045555114746094,481,7106,524,4841,0.015758463541666667,0.5472009915306755,1.0,1.0,0.5812956494125119,46.28729672983149,1668,944,1915,0.8319453924914676,0.5576923076923077,524,0.0,0.011196033877298284,0.0,3.12,0.0,0.8901403217275287,general,False,,False,raw improvement 0.0918 is below 0.6000,13.801078172771438,generic_block,0.0,0.5,0.5,0.09177739712203703,1.0041753653444676,1.0,0.09175458550453186,0.10885047912597656,-0.08786708116531372,v6,strict,v6 adds strict raw/depth support-gated selection for v9; aligned metrics remain evaluation-only.,023_seq305,,,,,,
103_seq385,103,385,p29_baseline,True,phase21_fixed_rgb_canvas,phase24_affine_lwir_subpixel_shift_depth_fill_then_morph_close,,"[296, 103]","[280, 115]","Phase29 candidate generated from calibration files, raw RGB/LWIR/depth, Phase24 board-affine geometry, Phase25 depth projection support, and raw-only scene reliability scoring. MM5 aligned images are evaluation-only.",1.0,0.9317578125,0.9317578125,0.9941359758377075,0.12553933262825012,1.0,1.1367235689443316,0.955605527349291,0.9536755681037903,2.7134954929351807,0.9317578125,1.1268039280255795,1.2627288858626677,-0.2016601413488388,0.7857816219329834,0.9317578125,-0.189754771708107,0.11080039581553117,p29_baseline,board_all_median_floor,affine,affine_lmeds,1496,5.984659671783447,7.825484275817871,"[[0.964242690293037, 0.13137386244365368, -26.99199754875218], [-0.06631033534806513, 0.9894192701549352, 24.920322865264623]]",3.5,2.0,9,True,False,3.0,2,0.1,calibration/def_stereocalib_THERM.yml,calibration/def_thermalcam_ori.yml,640x480,broad_generalization_raw_only_selection,review,baseline,False,v6,v9,support-v9,strict-selected,research,full,strict,all,17.630863295972038,9.045949459075928,0.6050958633422852,17.48680305480957,13.363340377807617,17.36162757873535,7.098950654268265,0.634954035282135,13.562947273254395,12.840010643005371,14.31225872039795,9.086540251970291,16.407028257846832,272,4085,1093,4.548755869269371,24.09021282196045,287,5717,1413,6614,0.021529947916666667,1.0,1.0,1.0,0.1146296780947396,108.14710369457141,373,1028,1987,0.8833873996926754,0.49252336448598133,1413,0.0,0.0,0.0,3.12,0.0,0.9230769230769231,general,False,,False,,17.630863295972038,v6_baseline,0.0,0.0,0.0,0.0,1.0,1.0,0.0,0.0,0.0,v6,strict,v6 baseline row; aligned metrics are not used for selection.,103_seq385,,,,,,
103_seq385,103,385,p29_depth_conservative,True,phase21_fixed_rgb_canvas,phase23_crop_plus_board_residual_transform,,"[296, 103]","[280, 115]","Phase29 candidate generated from calibration files, raw RGB/LWIR/depth, Phase24 board-affine geometry, Phase25 depth projection support, and raw-only scene reliability scoring. MM5 aligned images are evaluation-only.",1.0,0.9317578125,0.9317578125,0.9941359758377075,0.12553933262825012,1.0,1.1367235689443316,0.955605527349291,0.9510933756828308,6.443922519683838,0.9317578125,1.1013625755291463,1.2595515664294574,-0.2024172991514206,0.7703464031219482,0.9317578125,-0.19056399338619512,0.10983589455971446,p29_depth_conservative,board_all_median_floor,affine,affine_lmeds,1496,5.984659671783447,7.825484275817871,"[[0.964242690293037, 0.13137386244365368, -26.99199754875218], [-0.06631033534806513, 0.9894192701549352, 24.920322865264623]]",3.5,2.0,9,False,False,4.0,3,0.075,calibration/def_stereocalib_THERM.yml,calibration/def_thermalcam_ori.yml,640x480,broad_generalization_raw_only_selection,review,depth_conservative,False,v6,v9,support-v9,strict-selected,research,full,strict,all,16.47727991311813,7.864358872175217,0.6644830107688904,15.064234733581543,12.5662202835083,14.827005386352539,5.987648695707321,0.699894368648529,11.275403022766113,12.03884220123291,12.473785400390625,7.991099864244461,13.847499907016754,319,3866,1057,3.838585153222084,21.697446823120117,336,5490,1348,6030,0.01962890625,0.7437810945273632,1.0,1.0,0.1146296780947396,108.14710369457141,373,1612,2016,0.8605514316012726,0.48900091659028416,1348,0.0,0.0,0.0,3.12,0.0,0.9230769230769231,general,False,,False,depth/reflection/edge guard candidates are diagnostic-only by default,16.47727991311813,diagnostic_guard_block,0.0,0.0,0.0,1.1535833828539062,1.170731707317073,0.9117024493498639,1.1113019585609436,2.559528350830078,-1.181590586900711,v6,strict,v6 adds strict raw/depth support-gated selection for v9; aligned metrics remain evaluation-only.,103_seq385,,,,,,
103_seq385,103,385,p29_reflection_guard,True,phase21_fixed_rgb_canvas,phase23_crop_plus_board_residual_transform,,"[296, 103]","[280, 115]","Phase29 candidate generated from calibration files, raw RGB/LWIR/depth, Phase24 board-affine geometry, Phase25 depth projection support, and raw-only scene reliability scoring. MM5 aligned images are evaluation-only.",1.0,0.9317578125,0.9317578125,0.9941359758377075,0.12553933262825012,1.0,1.1367235689443316,0.955605527349291,0.9510933756828308,6.443922519683838,0.9317578125,1.1013625755291463,1.2595515664294574,-0.2024172991514206,0.7703464031219482,0.9317578125,-0.19056399338619512,0.10983589455971446,p29_reflection_guard,board_all_median_floor,affine,affine_lmeds,1496,5.984659671783447,7.825484275817871,"[[0.964242690293037, 0.13137386244365368, -26.99199754875218], [-0.06631033534806513, 0.9894192701549352, 24.920322865264623]]",3.5,2.0,9,False,False,4.5,3,0.055,calibration/def_stereocalib_THERM.yml,calibration/def_thermalcam_ori.yml,640x480,broad_generalization_raw_only_selection,review,reflection_guard,False,v6,v9,support-v9,strict-selected,research,full,strict,all,16.41459671412546,7.864358872175217,0.6644830107688904,15.064234733581543,12.5662202835083,14.827005386352539,5.987648695707321,0.699894368648529,11.275403022766113,12.03884220123291,12.473785400390625,7.991099864244461,13.847499907016754,319,3866,1057,3.838585153222084,21.697446823120117,336,5490,1348,6102,0.01986328125,0.7409046214355949,1.0,1.0,0.1146296780947396,108.14710369457141,373,1540,1959,0.8605514316012726,0.475683186660491,1348,0.0,0.0,0.0,3.12,0.0,0.9230769230769231,general,False,,False,depth/reflection/edge guard candidates are diagnostic-only by default,16.41459671412546,diagnostic_guard_block,0.0,0.0,0.0,1.216266581846579,1.170731707317073,0.9225884487450862,1.1113019585609436,2.559528350830078,-1.181590586900711,v6,strict,v6 adds strict raw/depth support-gated selection for v9; aligned metrics remain evaluation-only.,103_seq385,,,,,,
103_seq385,103,385,p29_small_target_guard,True,phase21_fixed_rgb_canvas,phase23_crop_plus_board_residual_transform,,"[296, 103]","[280, 115]","Phase29 candidate generated from calibration files, raw RGB/LWIR/depth, Phase24 board-affine geometry, Phase25 depth projection support, and raw-only scene reliability scoring. MM5 aligned images are evaluation-only.",1.0,0.9317578125,0.9317578125,0.9941359758377075,0.12553933262825012,1.0,1.1367235689443316,0.955605527349291,0.9528870582580566,2.859020471572876,0.9317578125,1.1227874186703906,1.2470298882784745,-0.20307712256908417,0.8581156730651855,0.9317578125,-0.19226622704618349,0.10639726374194527,p29_small_target_guard,board_all_median_floor,affine,affine_lmeds,1496,5.984659671783447,7.825484275817871,"[[0.964242690293037, 0.13137386244365368, -26.99199754875218], [-0.06631033534806513, 0.9894192701549352, 24.920322865264623]]",3.5,2.0,5,True,False,3.0,2,0.065,calibration/def_stereocalib_THERM.yml,calibration/def_thermalcam_ori.yml,640x480,broad_generalization_raw_only_selection,review,small_target_guard,False,v6,v9,support-v9,strict-selected,research,full,strict,all,16.992825562682963,8.464363396167755,0.6842561960220337,16.244470596313477,12.875411987304688,16.391611099243164,6.48592534661293,0.7108529210090637,12.260997772216797,12.447798728942871,13.700735092163086,8.486149817705154,15.560161650180817,350,4085,1093,4.368478462100029,24.59650421142578,365,5717,1413,6614,0.021529947916666667,1.0,1.0,1.0,0.11711593823606385,108.15601684162658,384,1028,1986,0.8589309878213802,0.49252336448598133,1413,0.0,0.0,0.0,3.12,0.0,0.9230769230769231,general,False,,False,raw improvement 0.6380 is below 0.6500,17.212825562682962,small_target_guard_block,0.0,0.0,0.0,0.6380377332890745,1.2717770034843205,1.0,0.6130253076553345,0.8468666076660156,-0.5815860629081726,v6,strict,v6 adds strict raw/depth support-gated selection for v9; aligned metrics remain evaluation-only.,103_seq385,,,,,,
103_seq385,103,385,p29_edge_contamination_guard,True,phase21_fixed_rgb_canvas,phase23_crop_plus_board_residual_transform,,"[296, 103]","[280, 115]","Phase29 candidate generated from calibration files, raw RGB/LWIR/depth, Phase24 board-affine geometry, Phase25 depth projection support, and raw-only scene reliability scoring. MM5 aligned images are evaluation-only.",1.0,0.9317578125,0.9317578125,0.9941359758377075,0.12553933262825012,1.0,1.1367235689443316,0.955605527349291,0.9510933756828308,6.443922519683838,0.9317578125,1.1013625755291463,1.2595515664294574,-0.2024172991514206,0.7703464031219482,0.9317578125,-0.19056399338619512,0.10983589455971446,p29_edge_contamination_guard,board_all_median_floor,affine,affine_lmeds,1496,5.984659671783447,7.825484275817871,"[[0.964242690293037, 0.13137386244365368, -26.99199754875218], [-0.06631033534806513, 0.9894192701549352, 24.920322865264623]]",3.5,2.0,9,False,False,4.0,3,0.08,calibration/def_stereocalib_THERM.yml,calibration/def_thermalcam_ori.yml,640x480,broad_generalization_raw_only_selection,review,edge_contamination_guard,False,v6,v9,support-v9,strict-selected,research,full,strict,all,16.445628435031484,7.864358872175217,0.6644830107688904,15.064234733581543,12.5662202835083,14.827005386352539,5.987648695707321,0.699894368648529,11.275403022766113,12.03884220123291,12.473785400390625,7.991099864244461,13.847499907016754,319,3866,1057,3.838585153222084,21.697446823120117,336,5490,1348,6114,0.01990234375,1.0,1.0,1.0,0.1146296780947396,108.14710369457141,373,1528,1985,0.8605514316012726,0.4895397489539749,1348,0.0,0.0,0.0,3.12,0.0,0.9230769230769231,general,False,,False,depth/reflection/edge guard candidates are diagnostic-only by default,16.445628435031484,diagnostic_guard_block,0.0,0.0,0.0,1.1852348609405539,1.170731707317073,0.9244027819776233,1.1113019585609436,2.559528350830078,-1.181590586900711,v6,strict,v6 adds strict raw/depth support-gated selection for v9; aligned metrics remain evaluation-only.,103_seq385,,,,,,
103_seq385,103,385,p29_v9_support_gated,True,phase21_fixed_rgb_canvas,phase23_crop_plus_board_residual_transform,,"[296, 103]","[280, 115]","Phase29 candidate generated from calibration files, raw RGB/LWIR/depth, Phase24 board-affine geometry, Phase25 depth projection support, and raw-only scene reliability scoring. MM5 aligned images are evaluation-only.",1.0,0.9317578125,0.9317578125,0.9941359758377075,0.12553933262825012,1.0,1.1367235689443316,0.955605527349291,0.8669730424880981,1.6942834854125977,0.9317578125,1.0083559308601802,1.0103239285637178,-0.198399156332016,1.162135362625122,0.9317578125,-0.18782486780363422,0.11698067136088339,p29_v9_support_gated,board_all_median_floor,affine,affine_lmeds,1496,5.984659671783447,7.825484275817871,"[[0.964242690293037, 0.13137386244365368, -26.99199754875218], [-0.06631033534806513, 0.9894192701549352, 24.920322865264623]]",3.5,2.0,5,True,False,7.0,3,0.075,calibration/def_stereocalib_THERM.yml,calibration/def_thermalcam_ori.yml,640x480,broad_generalization_raw_only_selection,review,v9_support_gated,False,v6,v9,support-v9,strict-selected,research,full,strict,all,14.658823836253696,6.514762759208679,0.8935067653656006,12.136018753051758,11.442432403564453,11.711640357971191,5.012229949235916,0.9110956788063049,9.113364219665527,10.931390762329102,9.737356185913086,6.414649993181229,11.477549612522125,432,3866,1057,2.8719202131032944,20.10589599609375,457,5490,1348,6114,0.01990234375,1.0,1.0,1.0,0.11960219837738811,108.11291640977454,387,1528,1703,0.8294707713593912,0.4340560072267389,1348,0.0,0.0,0.0,2.996569061279297,0.0,0.9230769230769231,general,False,,False,v9 support-gated mode is reserved for reflection/background scenes,10.5695,v9_reflection_block,0.0,0.0,0.0,2.972039459718342,1.5923344947735192,0.9244027819776233,2.0867207050323486,4.929478645324707,-2.5311866998672485,v6,strict,v6 adds strict raw/depth support-gated selection for v9; aligned metrics remain evaluation-only.,103_seq385,True,v9_support_gated,9550,31,,0.9317578125
103_seq385,103,385,p29_v9_support_gated_tight,True,phase21_fixed_rgb_canvas,phase23_crop_plus_board_residual_transform,,"[296, 103]","[280, 115]","Phase29 candidate generated from calibration files, raw RGB/LWIR/depth, Phase24 board-affine geometry, Phase25 depth projection support, and raw-only scene reliability scoring. MM5 aligned images are evaluation-only.",1.0,0.9317578125,0.9317578125,0.9941359758377075,0.12553933262825012,1.0,1.1367235689443316,0.955605527349291,0.8907231688499451,1.6368458271026611,0.9317578125,1.032259310697614,1.009048112068566,-0.21462039649486542,1.2472604513168335,0.9317578125,-0.2043003002545266,0.11869105965493189,p29_v9_support_gated_tight,board_all_median_floor,affine,affine_lmeds,1496,5.984659671783447,7.825484275817871,"[[0.964242690293037, 0.13137386244365368, -26.99199754875218], [-0.06631033534806513, 0.9894192701549352, 24.920322865264623]]",3.5,2.0,5,True,False,8.0,4,0.055,calibration/def_stereocalib_THERM.yml,calibration/def_thermalcam_ori.yml,640x480,broad_generalization_raw_only_selection,review,v9_support_gated_tight,False,v6,v9,support-v9,strict-selected,research,full,strict,all,15.65312808773168,7.313455134630203,0.8474474549293518,13.779462814331055,11.729299545288086,13.118026733398438,5.6763046979904175,0.8701226711273193,10.482486724853516,10.928790092468262,10.369063377380371,7.532562762498856,12.86720758676529,344,3650,1029,3.353952333331108,20.66520595550537,373,5250,1289,5622,0.01830078125,1.0,1.0,1.0,0.11973305417429993,107.89531329580298,368,2020,1735,0.8471639613350356,0.4393248175182482,1289,0.0,0.0,0.0,3.0712739181518556,0.0,0.9230769230769231,general,False,,False,v9 support candidate mode is diagnostic-only unless a dedicated raw/depth gate allows it,10.386909999999999,v9_mode_block,0.0,0.0,0.0,1.9777352082403574,1.2996515679442509,0.8500151194436045,1.4226459562778473,3.539820671081543,-1.7324943244457245,v6,strict,v6 adds strict raw/depth support-gated selection for v9; aligned metrics remain evaluation-only.,103_seq385,True,v9_support_gated_tight,8091,31,,0.9317578125
103_seq385,103,385,p29_v9_target_only,True,phase21_fixed_rgb_canvas,phase23_crop_plus_board_residual_transform,,"[296, 103]","[280, 115]","Phase29 candidate generated from calibration files, raw RGB/LWIR/depth, Phase24 board-affine geometry, Phase25 depth projection support, and raw-only scene reliability scoring. MM5 aligned images are evaluation-only.",1.0,0.9317578125,0.9317578125,0.9941359758377075,0.12553933262825012,1.0,1.1367235689443316,0.955605527349291,0.9294100999832153,1.8925684690475464,0.9317578125,1.071020637109915,1.0197729862732325,-0.22143684327602386,1.0180386304855347,0.9317578125,-0.21418322878778276,0.08907897514102875,p29_v9_target_only,board_all_median_floor,affine,affine_lmeds,1496,5.984659671783447,7.825484275817871,"[[0.964242690293037, 0.13137386244365368, -26.99199754875218], [-0.06631033534806513, 0.9894192701549352, 24.920322865264623]]",3.5,2.0,5,True,False,8.0,4,0.045,calibration/def_stereocalib_THERM.yml,calibration/def_thermalcam_ori.yml,640x480,broad_generalization_raw_only_selection,review,v9_target_only,False,v6,v9,support-v9,strict-selected,research,full,strict,all,41.33990212337863,32.77511623501778,0.9776692986488342,64.57256317138672,11.544978141784668,54.325294494628906,32.29391610622406,1.1962039470672607,63.39162826538086,14.964072227478027,47.24775314331055,45.71886259317398,63.54716360569,103,3650,1029,14.867991030216217,42.15761947631836,127,5250,1289,5622,0.01830078125,1.0,1.0,1.0,0.13465061502224548,107.2650007104233,513,2020,1769,0.950656660412758,0.43385036496350365,1289,0.0,0.0,0.0,3.0380960655212403,0.0,0.9230769230769231,general,True,selector v6 selected v9_support_gated via v9_weak_target_only; raw_score delta +23.7090; adjusted score 1.1953; selection used raw RGB/LWIR/depth support gates only,True,,1.19529,v9_weak_target_only,0.0,0.0,0.0,-23.70903882740659,0.4425087108013937,0.8500151194436045,-25.194965451955795,-47.14013534784317,23.72916677594185,v6,strict,v6 adds strict raw/depth support-gated selection for v9; aligned metrics remain evaluation-only.,103_seq385,True,v9_target_only,929,30,,0.9317578125
103_seq385,103,385,p29_v9_depth_thermal,True,phase21_fixed_rgb_canvas,phase23_crop_plus_board_residual_transform,,"[296, 103]","[280, 115]","Phase29 candidate generated from calibration files, raw RGB/LWIR/depth, Phase24 board-affine geometry, Phase25 depth projection support, and raw-only scene reliability scoring. MM5 aligned images are evaluation-only.",1.0,0.9317578125,0.9317578125,0.9941359758377075,0.12553933262825012,1.0,1.1367235689443316,0.955605527349291,0.8817341327667236,1.6759668588638306,0.9317578125,1.0229031629616245,1.0081655423205598,-0.20898723602294922,1.2082988023757935,0.9317578125,-0.19856314369958447,0.11782590091746326,p29_v9_depth_thermal,board_all_median_floor,affine,affine_lmeds,1496,5.984659671783447,7.825484275817871,"[[0.964242690293037, 0.13137386244365368, -26.99199754875218], [-0.06631033534806513, 0.9894192701549352, 24.920322865264623]]",3.5,2.0,5,True,False,7.0,3,0.065,calibration/def_stereocalib_THERM.yml,calibration/def_thermalcam_ori.yml,640x480,broad_generalization_raw_only_selection,review,v9_depth_thermal,False,v6,v9,support-v9,strict-selected,research,full,strict,all,15.667957201616638,7.431510329246521,0.8530051708221436,14.010015487670898,11.646798133850098,13.240262985229492,5.683349132537842,0.8654079437255859,10.501290321350098,10.981528282165527,10.273067474365234,7.116849929094315,13.085600912570953,377,3866,1057,3.5195614248514175,20.473498344421387,402,5490,1348,6114,0.01990234375,1.0,1.0,1.0,0.11960219837738811,108.04839249672199,380,1528,1705,0.84413096482062,0.43224932249322495,1348,0.0,0.0,0.0,3.0564236640930176,0.0,0.9230769230769231,general,False,,False,v9 depth-thermal mode is reserved for double-edge mismatch scenes,10.453980000000001,v9_depth_thermal_block,0.0,0.0,0.0,1.9629060943554002,1.4006968641114983,0.9244027819776233,1.415601521730423,3.321427345275879,-1.6144391298294067,v6,strict,v6 adds strict raw/depth support-gated selection for v9; aligned metrics remain evaluation-only.,103_seq385,True,v9_depth_thermal,8998,31,,0.9317578125
103_seq385,103,385,p29_v9_target_silhouette,True,phase21_fixed_rgb_canvas,phase23_crop_plus_board_residual_transform,,"[296, 103]","[280, 115]","Phase29 candidate generated from calibration files, raw RGB/LWIR/depth, Phase24 board-affine geometry, Phase25 depth projection support, and raw-only scene reliability scoring. MM5 aligned images are evaluation-only.",1.0,0.9317578125,0.9317578125,0.9941359758377075,0.12553933262825012,1.0,1.1367235689443316,0.955605527349291,0.9141143560409546,5.947861671447754,0.9317578125,1.0306605390896455,1.0148890205158498,-0.20940671861171722,1.2431658506393433,0.9317578125,-0.20383544372905593,0.0868684665766489,p29_v9_target_silhouette,board_all_median_floor,affine,affine_lmeds,1496,5.984659671783447,7.825484275817871,"[[0.964242690293037, 0.13137386244365368, -26.99199754875218], [-0.06631033534806513, 0.9894192701549352, 24.920322865264623]]",3.5,2.0,5,True,False,7.0,3,0.045,calibration/def_stereocalib_THERM.yml,calibration/def_thermalcam_ori.yml,640x480,broad_generalization_raw_only_selection,review,v9_target_silhouette,False,v6,v9,support-v9,strict-selected,research,full,strict,all,40.103520212901515,31.495904684066772,0.9648394584655762,62.02696990966797,12.68469524383545,52.66204071044922,31.35675811767578,1.4273681640625,61.28614807128906,10.337639808654785,44.918025970458984,43.92999845743179,62.63324844837189,78,3866,1057,14.297458678483963,38.15575885772705,157,5490,1348,6114,0.01990234375,1.0,1.0,1.0,0.16893483381313792,103.72146587160292,809,1528,1821,0.9379928315412186,0.43450767841011745,1348,0.0,0.0,0.0,3.12,0.0,0.9230769230769231,general,False,,False,v9 silhouette blocked because baseline thermal target is too small,10.13529,v9_silhouette_block,0.0,0.0,0.0,-22.472656916929477,0.5470383275261324,0.9244027819776233,-24.257807463407516,-46.226220190525055,22.449955224990845,v6,strict,v6 adds strict raw/depth support-gated selection for v9; aligned metrics remain evaluation-only.,103_seq385,True,v9_target_silhouette,929,30,100.0,0.9317578125
103_seq385,103,385,p29_raw_shift_dx2p5_dy1p0_fill,True,phase21_fixed_rgb_canvas,phase23_crop_plus_board_residual_transform,,"[296, 103]","[280, 115]","Phase29 candidate generated from calibration files, raw RGB/LWIR/depth, Phase24 board-affine geometry, Phase25 depth projection support, and raw-only scene reliability scoring. MM5 aligned images are evaluation-only.",1.0,0.9331673177083334,0.9331673177083334,0.9941359758377075,0.12553933262825012,1.0,1.1367235689443316,0.955605527349291,0.9577184319496155,2.677494525909424,0.9331673177083334,1.1370565200608818,1.3026870351114854,-0.21653912961483002,0.8119118809700012,0.9331673177083334,-0.2044717834561392,0.11292544963007217,p29_raw_shift_dx2p5_dy1p0_fill,board_all_median_floor,affine,affine_lmeds,1496,5.984659671783447,7.825484275817871,"[[0.964242690293037, 0.13137386244365368, -26.99199754875218], [-0.06631033534806513, 0.9894192701549352, 24.920322865264623]]",2.5,1.0,9,True,False,3.0,2,0.1,calibration/def_stereocalib_THERM.yml,calibration/def_thermalcam_ori.yml,640x480,broad_generalization_raw_only_selection,review,raw_shift_local,False,v6,v9,support-v9,strict-selected,research,full,strict,all,17.482212951597408,8.885608702898026,0.7086716294288635,17.062545776367188,13.411664962768555,16.70716667175293,6.885294675827026,0.7124218940734863,13.058167457580566,12.893397331237793,13.599581718444824,9.072500258684158,15.279999792575836,288,4085,1093,4.320313975214958,22.78726863861084,303,5717,1413,6614,0.021529947916666667,1.0,1.0,1.0,0.14943732007327926,98.85096869093682,387,1028,2016,0.8786490156143923,0.4957943925233645,1413,0.0,0.0,0.0,3.12,0.0,0.9230769230769231,general,False,,False,raw improvement 0.1487 is below 0.6000,17.58221295159741,generic_block,-1.0,-1.0,2.0,0.1486503443746301,1.0557491289198606,1.0,0.2136559784412384,1.127028465270996,-0.16034075617790222,v6,strict,v6 adds strict raw/depth support-gated selection for v9; aligned metrics remain evaluation-only.,103_seq385,,,,,,
103_seq385,103,385,p29_raw_shift_dx3p5_dy1p0_fill,True,phase21_fixed_rgb_canvas,phase23_crop_plus_board_residual_transform,,"[296, 103]","[280, 115]","Phase29 candidate generated from calibration files, raw RGB/LWIR/depth, Phase24 board-affine geometry, Phase25 depth projection support, and raw-only scene reliability scoring. MM5 aligned images are evaluation-only.",1.0,0.9327799479166666,0.9327799479166666,0.9941359758377075,0.12553933262825012,1.0,1.1367235689443316,0.955605527349291,0.9537404775619507,3.211729049682617,0.9327799479166666,1.1308995442316894,1.3095296064522297,-0.213338702917099,0.8035319447517395,0.9327799479166666,-0.20140996314256962,0.11166620962026544,p29_raw_shift_dx3p5_dy1p0_fill,board_all_median_floor,affine,affine_lmeds,1496,5.984659671783447,7.825484275817871,"[[0.964242690293037, 0.13137386244365368, -26.99199754875218], [-0.06631033534806513, 0.9894192701549352, 24.920322865264623]]",3.5,1.0,9,True,False,3.0,2,0.1,calibration/def_stereocalib_THERM.yml,calibration/def_thermalcam_ori.yml,640x480,broad_generalization_raw_only_selection,review,raw_shift_local,False,v6,v9,support-v9,strict-selected,research,full,strict,all,17.921318528227307,9.31219083070755,0.7165199518203735,17.907861709594727,13.611814498901367,17.963098526000977,7.279267996549606,0.7244638800621033,13.83407211303711,13.072115898132324,14.826203346252441,9.377950698137283,16.712499678134918,271,4085,1102,4.711047753691673,24.65619468688965,286,5717,1417,6614,0.021529947916666667,1.0,1.0,1.0,0.11593823606385763,108.17261989819231,380,1028,2020,0.8825029756844074,0.4957943925233645,1417,0.0,0.0,0.0,3.12,0.0,0.9230769230769231,general,False,,False,raw improvement -0.2905 is below 0.6000,17.971318528227307,generic_block,0.0,-1.0,1.0,-0.2904552322552689,0.9965156794425087,1.0,-0.18031734228134155,-0.30547142028808594,0.2662413716316223,v6,strict,v6 adds strict raw/depth support-gated selection for v9; aligned metrics remain evaluation-only.,103_seq385,,,,,,
103_seq385,103,385,p29_raw_shift_dx4p5_dy1p0_fill,True,phase21_fixed_rgb_canvas,phase23_crop_plus_board_residual_transform,,"[296, 103]","[280, 115]","Phase29 candidate generated from calibration files, raw RGB/LWIR/depth, Phase24 board-affine geometry, Phase25 depth projection support, and raw-only scene reliability scoring. MM5 aligned images are evaluation-only.",1.0,0.9323665364583333,0.9323665364583333,0.9941359758377075,0.12553933262825012,1.0,1.1367235689443316,0.955605527349291,0.9482579827308655,3.355274200439453,0.9323665364583333,1.1244791774560314,1.3090189328520183,-0.2084508091211319,0.8319499492645264,0.9323665364583333,-0.1968689667915569,0.11049028016774771,p29_raw_shift_dx4p5_dy1p0_fill,board_all_median_floor,affine,affine_lmeds,1496,5.984659671783447,7.825484275817871,"[[0.964242690293037, 0.13137386244365368, -26.99199754875218], [-0.06631033534806513, 0.9894192701549352, 24.920322865264623]]",4.5,1.0,9,True,False,3.0,2,0.1,calibration/def_stereocalib_THERM.yml,calibration/def_thermalcam_ori.yml,640x480,broad_generalization_raw_only_selection,review,raw_shift_local,False,v6,v9,support-v9,strict-selected,research,full,strict,all,17.89753231118951,9.292839497327805,0.6915158629417419,17.894163131713867,13.437005996704102,17.89080047607422,7.245976954698563,0.7014170289039612,13.790536880493164,12.897584915161133,14.720827102661133,9.360400229692459,16.74057775735855,276,4085,1102,4.73200698196888,24.828932762145996,291,5717,1417,6614,0.021529947916666667,1.0,1.0,1.0,0.11920963098665271,108.5178462321082,403,1028,2012,0.8816326530612245,0.497196261682243,1417,0.0,0.0,0.0,3.12,0.0,0.9230769230769231,general,False,,False,raw improvement -0.2667 is below 0.6000,17.997532311189513,generic_block,1.0,-1.0,2.0,-0.26666901521747377,1.0139372822299653,1.0,-0.14702630043029785,-0.33354949951171875,0.24689003825187683,v6,strict,v6 adds strict raw/depth support-gated selection for v9; aligned metrics remain evaluation-only.,103_seq385,,,,,,
103_seq385,103,385,p29_raw_shift_dx2p5_dy2p0_fill,True,phase21_fixed_rgb_canvas,phase23_crop_plus_board_residual_transform,,"[296, 103]","[280, 115]","Phase29 candidate generated from calibration files, raw RGB/LWIR/depth, Phase24 board-affine geometry, Phase25 depth projection support, and raw-only scene reliability scoring. MM5 aligned images are evaluation-only.",1.0,0.9321451822916667,0.9321451822916667,0.9941359758377075,0.12553933262825012,1.0,1.1367235689443316,0.955605527349291,0.9576959013938904,2.521317720413208,0.9321451822916667,1.131803289840802,1.2615686317959378,-0.2051125019788742,0.8053844571113586,0.9321451822916667,-0.19307809169613233,0.1124447801694002,p29_raw_shift_dx2p5_dy2p0_fill,board_all_median_floor,affine,affine_lmeds,1496,5.984659671783447,7.825484275817871,"[[0.964242690293037, 0.13137386244365368, -26.99199754875218], [-0.06631033534806513, 0.9894192701549352, 24.920322865264623]]",2.5,2.0,9,True,False,3.0,2,0.1,calibration/def_stereocalib_THERM.yml,calibration/def_thermalcam_ori.yml,640x480,broad_generalization_raw_only_selection,review,raw_shift_local,False,v6,v9,support-v9,strict-selected,research,full,strict,all,17.196811436656414,8.618696302175522,0.5840970873832703,16.653295516967773,13.790534973144531,16.186429977416992,6.69852477312088,0.6110159158706665,12.786033630371094,13.321784973144531,13.14729118347168,8.756500273942947,14.918353140354156,290,4085,1093,4.149759814143181,22.878914833068848,305,5717,1413,6614,0.021529947916666667,1.0,1.0,1.0,0.10847945563988484,107.7691976165321,335,1028,1985,0.8816103718867281,0.49252336448598133,1413,0.0,0.0,0.0,3.12,0.0,0.9230769230769231,general,False,,False,raw improvement 0.4341 is below 0.6000,17.246811436656415,generic_block,-1.0,0.0,1.0,0.4340518593156233,1.0627177700348431,1.0,0.40042588114738464,1.4886751174926758,-0.4272531569004059,v6,strict,v6 adds strict raw/depth support-gated selection for v9; aligned metrics remain evaluation-only.,103_seq385,,,,,,
103_seq385,103,385,p29_raw_shift_dx4p5_dy2p0_fill,True,phase21_fixed_rgb_canvas,phase23_crop_plus_board_residual_transform,,"[296, 103]","[280, 115]","Phase29 candidate generated from calibration files, raw RGB/LWIR/depth, Phase24 board-affine geometry, Phase25 depth projection support, and raw-only scene reliability scoring. MM5 aligned images are evaluation-only.",1.0,0.9313444010416667,0.9313444010416667,0.9941359758377075,0.12553933262825012,1.0,1.1367235689443316,0.955605527349291,0.948180615901947,2.7590200901031494,0.9313444010416667,1.120610365322567,1.2598924664082594,-0.19792555272579193,0.7983573079109192,0.9313444010416667,-0.18634238196190459,0.10915543074235241,p29_raw_shift_dx4p5_dy2p0_fill,board_all_median_floor,affine,affine_lmeds,1496,5.984659671783447,7.825484275817871,"[[0.964242690293037, 0.13137386244365368, -26.99199754875218], [-0.06631033534806513, 0.9894192701549352, 24.920322865264623]]",4.5,2.0,9,True,False,3.0,2,0.1,calibration/def_stereocalib_THERM.yml,calibration/def_thermalcam_ori.yml,640x480,broad_generalization_raw_only_selection,review,raw_shift_local,False,v6,v9,support-v9,strict-selected,research,full,strict,all,17.229452127692834,8.64334163069725,0.6446201205253601,16.64206314086914,12.896795272827148,15.86730670928955,6.713874518871307,0.6758540868759155,12.7518949508667,12.361512184143066,12.842998504638672,8.693300276994705,15.07213407754898,279,4085,1093,4.197500631213188,22.193208694458008,294,5717,1413,6614,0.021529947916666667,1.0,1.0,1.0,0.12077990054959435,108.4606434333126,409,1028,1984,0.8831456840668713,0.49439252336448597,1413,0.0,0.0,0.0,3.12,0.0,0.9230769230769231,general,False,,False,raw improvement 0.4014 is below 0.6000,17.279452127692835,generic_block,1.0,0.0,1.0,0.4014111682792034,1.024390243902439,1.0,0.3850761353969574,1.3348941802978516,-0.40260782837867737,v6,strict,v6 adds strict raw/depth support-gated selection for v9; aligned metrics remain evaluation-only.,103_seq385,,,,,,
103_seq385,103,385,p29_raw_shift_dx2p5_dy3p0_fill,True,phase21_fixed_rgb_canvas,phase23_crop_plus_board_residual_transform,,"[296, 103]","[280, 115]","Phase29 candidate generated from calibration files, raw RGB/LWIR/depth, Phase24 board-affine geometry, Phase25 depth projection support, and raw-only scene reliability scoring. MM5 aligned images are evaluation-only.",1.0,0.9310774739583333,0.9310774739583333,0.9941359758377075,0.12553933262825012,1.0,1.1367235689443316,0.955605527349291,0.9443188309669495,3.5604636669158936,0.9310774739583333,1.099775893856657,1.1787989659413542,-0.19437938928604126,0.9284687042236328,0.9310774739583333,-0.18332765223616956,0.11081699516808995,p29_raw_shift_dx2p5_dy3p0_fill,board_all_median_floor,affine,affine_lmeds,1496,5.984659671783447,7.825484275817871,"[[0.964242690293037, 0.13137386244365368, -26.99199754875218], [-0.06631033534806513, 0.9894192701549352, 24.920322865264623]]",2.5,3.0,9,True,False,3.0,2,0.1,calibration/def_stereocalib_THERM.yml,calibration/def_thermalcam_ori.yml,640x480,broad_generalization_raw_only_selection,review,raw_shift_local,False,v6,v9,support-v9,strict-selected,research,full,strict,all,17.489895381627985,8.89098784327507,0.6861695647239685,17.095806121826172,13.183013916015625,16.850496292114258,7.029456466436386,0.7068344950675964,13.352078437805176,12.666816711425781,13.937321662902832,8.882900267839432,16.097356855869293,267,4085,1093,4.385870590806007,23.20718765258789,282,5717,1413,6614,0.021529947916666667,1.0,1.0,1.0,0.10704004187385502,107.72770977776948,328,1028,2011,0.8824833702882483,0.49485981308411214,1413,0.0,0.0,0.0,3.12,0.0,0.9230769230769231,general,False,,False,raw improvement 0.1410 is below 0.6000,17.589895381627986,generic_block,-1.0,1.0,2.0,0.14096791434405276,0.9825783972125436,1.0,0.06949418783187866,0.30967140197753906,-0.15496161580085754,v6,strict,v6 adds strict raw/depth support-gated selection for v9; aligned metrics remain evaluation-only.,103_seq385,,,,,,
103_seq385,103,385,p29_raw_shift_dx3p5_dy3p0_fill,True,phase21_fixed_rgb_canvas,phase23_crop_plus_board_residual_transform,,"[296, 103]","[280, 115]","Phase29 candidate generated from calibration files, raw RGB/LWIR/depth, Phase24 board-affine geometry, Phase25 depth projection support, and raw-only scene reliability scoring. MM5 aligned images are evaluation-only.",1.0,0.9306901041666666,0.9306901041666666,0.9941359758377075,0.12553933262825012,1.0,1.1367235689443316,0.955605527349291,0.9402909874916077,3.5226144790649414,0.9306901041666666,1.095794414485065,1.177594092452314,-0.19135761260986328,0.9332376718521118,0.9306901041666666,-0.18066284360473575,0.10862796690826797,p29_raw_shift_dx3p5_dy3p0_fill,board_all_median_floor,affine,affine_lmeds,1496,5.984659671783447,7.825484275817871,"[[0.964242690293037, 0.13137386244365368, -26.99199754875218], [-0.06631033534806513, 0.9894192701549352, 24.920322865264623]]",3.5,3.0,9,True,False,3.0,2,0.1,calibration/def_stereocalib_THERM.yml,calibration/def_thermalcam_ori.yml,640x480,broad_generalization_raw_only_selection,review,raw_shift_local,False,v6,v9,support-v9,strict-selected,research,full,strict,all,17.09348258765187,8.500466167926788,0.7691246271133423,16.231807708740234,12.539555549621582,15.507587432861328,6.654922723770142,0.7926850318908691,12.517160415649414,12.024255752563477,12.59725284576416,8.549349814653397,14.711202681064606,287,4085,1093,4.023344114422798,21.39058017730713,302,5717,1413,6614,0.021529947916666667,1.0,1.0,1.0,0.11305940853179795,108.05996566422634,363,1028,2009,0.8784173883511632,0.4976635514018692,1413,0.0,0.0,0.0,3.12,0.0,0.9230769230769231,general,False,,False,raw improvement 0.5374 is below 0.6000,17.14348258765187,generic_block,0.0,1.0,1.0,0.5373807083201676,1.0522648083623694,1.0,0.44402793049812317,1.6958255767822266,-0.5454832911491394,v6,strict,v6 adds strict raw/depth support-gated selection for v9; aligned metrics remain evaluation-only.,103_seq385,,,,,,
103_seq385,103,385,p29_raw_shift_dx4p5_dy3p0_fill,True,phase21_fixed_rgb_canvas,phase23_crop_plus_board_residual_transform,,"[296, 103]","[280, 115]","Phase29 candidate generated from calibration files, raw RGB/LWIR/depth, Phase24 board-affine geometry, Phase25 depth projection support, and raw-only scene reliability scoring. MM5 aligned images are evaluation-only.",1.0,0.9302766927083334,0.9302766927083334,0.9941359758377075,0.12553933262825012,1.0,1.1367235689443316,0.955605527349291,0.9352908730506897,3.0502588748931885,0.9302766927083334,1.0932846291632512,1.1753020624128048,-0.18809100985527039,0.9351170063018799,0.9302766927083334,-0.1776447854270078,0.1070461764404924,p29_raw_shift_dx4p5_dy3p0_fill,board_all_median_floor,affine,affine_lmeds,1496,5.984659671783447,7.825484275817871,"[[0.964242690293037, 0.13137386244365368, -26.99199754875218], [-0.06631033534806513, 0.9894192701549352, 24.920322865264623]]",4.5,3.0,9,True,False,3.0,2,0.1,calibration/def_stereocalib_THERM.yml,calibration/def_thermalcam_ori.yml,640x480,broad_generalization_raw_only_selection,review,raw_shift_local,False,v6,v9,support-v9,strict-selected,research,full,strict,all,16.67330023484845,8.090998947620392,0.8492571115493774,15.332740783691406,12.053533554077148,14.687016487121582,6.260642796754837,0.8750301003456116,11.646255493164062,11.549986839294434,12.141645431518555,8.054299861192703,13.980206549167633,309,4085,1093,3.825407788157463,21.49591827392578,324,5717,1413,6614,0.021529947916666667,1.0,1.0,1.0,0.1190787751897409,108.37689395584628,398,1028,2008,0.8732012866091078,0.4981308411214953,1413,0.0,0.0,0.0,3.12,0.0,0.9230769230769231,general,False,,False,LWIR edge growth 1.129 exceeds 1.120,16.773300234848453,generic_block,1.0,1.0,2.0,0.9575630611235866,1.1289198606271778,1.0,0.8383078575134277,2.426821708679199,-0.9549505114555359,v6,strict,v6 adds strict raw/depth support-gated selection for v9; aligned metrics remain evaluation-only.,103_seq385,,,,,,
103_seq385,103,385,p29_raw_shift_dx3p0_dy2p0_fill,True,phase21_fixed_rgb_canvas,phase23_crop_plus_board_residual_transform,,"[296, 103]","[280, 115]","Phase29 candidate generated from calibration files, raw RGB/LWIR/depth, Phase24 board-affine geometry, Phase25 depth projection support, and raw-only scene reliability scoring. MM5 aligned images are evaluation-only.",1.0,0.9317578125,0.9317578125,0.9941359758377075,0.12553933262825012,1.0,1.1367235689443316,0.955605527349291,0.9555694460868835,3.5433788299560547,0.9317578125,1.122782733583686,1.2564904031769253,-0.20508421957492828,0.84685218334198,0.9317578125,-0.19312271685896049,0.11361743877346446,p29_raw_shift_dx3p0_dy2p0_fill,board_all_median_floor,affine,affine_lmeds,1496,5.984659671783447,7.825484275817871,"[[0.964242690293037, 0.13137386244365368, -26.99199754875218], [-0.06631033534806513, 0.9894192701549352, 24.920322865264623]]",3.0,2.0,9,True,False,3.0,2,0.1,calibration/def_stereocalib_THERM.yml,calibration/def_thermalcam_ori.yml,640x480,broad_generalization_raw_only_selection,review,raw_shift_local,False,v6,v9,support-v9,strict-selected,research,full,strict,all,17.24753900470634,8.673120021820068,0.7238035202026367,16.6224365234375,13.540031433105469,16.139652252197266,6.749660521745682,0.7534294724464417,12.745891571044922,13.080626487731934,13.129329681396484,8.595000296831131,15.09039980173111,302,4085,1093,4.196059450507164,22.82238006591797,317,5717,1413,6614,0.021529947916666667,1.0,1.0,1.0,0.11122742737503272,108.4158088653192,345,1028,1984,0.8798640611724724,0.4929906542056075,1413,0.0,0.0,0.0,3.12,0.0,0.9230769230769231,general,False,,False,raw improvement 0.3833 is below 0.6000,17.27253900470634,generic_block,-0.5,0.0,0.5,0.3833242912656978,1.1045296167247387,1.0,0.349290132522583,1.3166284561157227,-0.3728294372558594,v6,strict,v6 adds strict raw/depth support-gated selection for v9; aligned metrics remain evaluation-only.,103_seq385,,,,,,
103_seq385,103,385,p29_raw_shift_dx4p0_dy2p0_fill,True,phase21_fixed_rgb_canvas,phase23_crop_plus_board_residual_transform,,"[296, 103]","[280, 115]","Phase29 candidate generated from calibration files, raw RGB/LWIR/depth, Phase24 board-affine geometry, Phase25 depth projection support, and raw-only scene reliability scoring. MM5 aligned images are evaluation-only.",1.0,0.9313444010416667,0.9313444010416667,0.9941359758377075,0.12553933262825012,1.0,1.1367235689443316,0.955605527349291,0.9506720304489136,3.769597053527832,0.9313444010416667,1.1162175938594974,1.2544209715450056,-0.2017609179019928,0.8545405268669128,0.9313444010416667,-0.19010420123129362,0.11189306554600434,p29_raw_shift_dx4p0_dy2p0_fill,board_all_median_floor,affine,affine_lmeds,1496,5.984659671783447,7.825484275817871,"[[0.964242690293037, 0.13137386244365368, -26.99199754875218], [-0.06631033534806513, 0.9894192701549352, 24.920322865264623]]",4.0,2.0,9,True,False,3.0,2,0.1,calibration/def_stereocalib_THERM.yml,calibration/def_thermalcam_ori.yml,640x480,broad_generalization_raw_only_selection,review,raw_shift_local,False,v6,v9,support-v9,strict-selected,research,full,strict,all,16.744887366231726,8.184285789728165,0.7837441563606262,15.584827423095703,13.083246231079102,15.166579246520996,6.281569957733154,0.8169784545898438,11.746161460876465,12.632332801818848,12.611123085021973,8.008649855852127,14.233702719211578,325,4085,1093,3.961141511797905,22.79640007019043,340,5717,1413,6614,0.021529947916666667,1.0,1.0,1.0,0.11737764982988746,108.77634979811823,383,1028,1984,0.8727334350110151,0.4939252336448598,1413,0.0,0.0,0.0,3.12,0.0,0.9230769230769231,general,False,,False,LWIR edge growth 1.185 exceeds 1.120,16.769887366231725,generic_block,0.5,0.0,0.5,0.8859759297403116,1.1846689895470384,1.0,0.8173806965351105,2.173325538635254,-0.8616636693477631,v6,strict,v6 adds strict raw/depth support-gated selection for v9; aligned metrics remain evaluation-only.,103_seq385,,,,,,
103_seq385,103,385,p29_raw_shift_dx3p5_dy1p5_fill,True,phase21_fixed_rgb_canvas,phase23_crop_plus_board_residual_transform,,"[296, 103]","[280, 115]","Phase29 candidate generated from calibration files, raw RGB/LWIR/depth, Phase24 board-affine geometry, Phase25 depth projection support, and raw-only scene reliability scoring. MM5 aligned images are evaluation-only.",1.0,0.9327799479166666,0.9327799479166666,0.9941359758377075,0.12553933262825012,1.0,1.1367235689443316,0.955605527349291,0.9560711979866028,3.370830774307251,0.9327799479166666,1.130883025339443,1.3002454133245591,-0.20742550492286682,0.7980431914329529,0.9327799479166666,-0.19562454467267695,0.1105947959919171,p29_raw_shift_dx3p5_dy1p5_fill,board_all_median_floor,affine,affine_lmeds,1496,5.984659671783447,7.825484275817871,"[[0.964242690293037, 0.13137386244365368, -26.99199754875218], [-0.06631033534806513, 0.9894192701549352, 24.920322865264623]]",3.5,1.5,9,True,False,3.0,2,0.1,calibration/def_stereocalib_THERM.yml,calibration/def_thermalcam_ori.yml,640x480,broad_generalization_raw_only_selection,review,raw_shift_local,False,v6,v9,support-v9,strict-selected,research,full,strict,all,16.83148428369918,8.261446058750153,0.7171975374221802,15.805694580078125,12.63623332977295,15.504085540771484,6.29942062497139,0.7511335015296936,11.847707748413086,12.094924926757812,12.794278144836426,8.342199832201004,14.353077948093414,310,4085,1102,4.050294920802116,22.294321060180664,326,5717,1417,6614,0.021529947916666667,1.0,1.0,1.0,0.11449882229782779,108.29431725869203,365,1028,2006,0.8707817534339495,0.4934579439252336,1417,0.0,0.0,0.0,3.12,0.0,0.9230769230769231,general,False,,False,LWIR edge growth 1.136 exceeds 1.120,16.856484283699178,generic_block,0.0,-0.5,0.5,0.7993790122728583,1.1358885017421603,1.0,0.799530029296875,2.053950309753418,-0.7845034003257751,v6,strict,v6 adds strict raw/depth support-gated selection for v9; aligned metrics remain evaluation-only.,103_seq385,,,,,,
103_seq385,103,385,p29_raw_shift_dx3p5_dy2p5_fill,True,phase21_fixed_rgb_canvas,phase23_crop_plus_board_residual_transform,,"[296, 103]","[280, 115]","Phase29 candidate generated from calibration files, raw RGB/LWIR/depth, Phase24 board-affine geometry, Phase25 depth projection support, and raw-only scene reliability scoring. MM5 aligned images are evaluation-only.",1.0,0.9317578125,0.9317578125,0.9941359758377075,0.12553933262825012,1.0,1.1367235689443316,0.955605527349291,0.9493234753608704,3.9804298877716064,0.9317578125,1.1093263635990818,1.2259031170989407,-0.19736121594905853,0.9013457894325256,0.9317578125,-0.1862584519545331,0.11007225820747053,p29_raw_shift_dx3p5_dy2p5_fill,board_all_median_floor,affine,affine_lmeds,1496,5.984659671783447,7.825484275817871,"[[0.964242690293037, 0.13137386244365368, -26.99199754875218], [-0.06631033534806513, 0.9894192701549352, 24.920322865264623]]",3.5,2.5,9,True,False,3.0,2,0.1,calibration/def_stereocalib_THERM.yml,calibration/def_thermalcam_ori.yml,640x480,broad_generalization_raw_only_selection,review,raw_shift_local,False,v6,v9,support-v9,strict-selected,research,full,strict,all,17.122021247775383,8.558720856904984,0.758493959903717,16.35894775390625,12.608304023742676,16.45558738708496,6.6347737312316895,0.7837696075439453,12.485777854919434,12.110322952270508,13.726542472839355,8.486149817705154,15.48714929819107,299,4085,1093,4.295734450221062,23.883418083190918,314,5717,1413,6614,0.021529947916666667,1.0,1.0,1.0,0.11292855273488615,108.2869365906149,359,1028,1987,0.8734929529631517,0.4939252336448598,1413,0.0,0.0,0.0,3.12,0.0,0.9230769230769231,general,False,,False,raw improvement 0.5088 is below 0.6000,17.14702124777538,generic_block,0.0,0.5,0.5,0.5088420481966551,1.0940766550522647,1.0,0.4641769230365753,0.9198789596557617,-0.4872286021709442,v6,strict,v6 adds strict raw/depth support-gated selection for v9; aligned metrics remain evaluation-only.,103_seq385,,,,,,
106_seq388,106,388,p29_baseline,True,phase21_fixed_rgb_canvas,phase24_affine_lwir_subpixel_shift_depth_fill_then_morph_close,,"[296, 103]","[280, 115]","Phase29 candidate generated from calibration files, raw RGB/LWIR/depth, Phase24 board-affine geometry, Phase25 depth projection support, and raw-only scene reliability scoring. MM5 aligned images are evaluation-only.",1.0,0.9317578125,0.9317578125,0.9724054932594299,0.2570253312587738,1.0,1.0827360408213613,0.7458179969965608,0.9387630820274353,1.4008524417877197,0.9317578125,1.107139107034787,1.1785409310538528,-0.3861469030380249,0.8533501029014587,0.9317578125,-0.3668192026939747,0.16298533974305945,p29_baseline,board_all_median_floor,affine,affine_lmeds,1496,5.984659671783447,7.825484275817871,"[[0.964242690293037, 0.13137386244365368, -26.99199754875218], [-0.06631033534806513, 0.9894192701549352, 24.920322865264623]]",3.5,2.0,9,True,False,3.0,2,0.1,calibration/def_stereocalib_THERM.yml,calibration/def_thermalcam_ori.yml,640x480,broad_generalization_raw_only_selection,review,baseline,False,v6,v9,support-v9,strict-selected,research,full,strict,all,12.788069913324478,4.64150196313858,0.8002349138259888,8.482769012451172,12.964876174926758,7.310187816619873,3.8543739914894104,0.8274208307266235,6.881327152252197,11.651665687561035,7.202871799468994,5.062900096178055,8.008649945259094,606,5254,967,1.2892904579639435,22.523249626159668,653,7220,988,7467,0.024306640625,1.0,1.0,1.0,0.7241062191056443,77.67275407777147,2572,1152,2190,0.8185547908946532,0.49853249475890987,988,0.0,0.0,0.0,2.74481502532959,0.0,0.9230769230769231,general,True,selector v6 retained baseline; best raw improvement 0.2206; safety filters rejected candidates (p29_depth_conservative: depth/reflection/edge guard candidates are diagnostic-only by default; p29_reflection_guard: depth/reflection/edge guard candidates are diagnostic-only by default; p29_small_target_guard: raw improvement -0.0417 is below 0.6500; +18 more rejected),True,,12.788069913324478,v6_baseline,0.0,0.0,0.0,0.0,1.0,1.0,0.0,0.0,0.0,v6,strict,v6 baseline row; aligned metrics are not used for selection.,106_seq388,,,,,,
106_seq388,106,388,p29_depth_conservative,True,phase21_fixed_rgb_canvas,phase23_crop_plus_board_residual_transform,,"[296, 103]","[280, 115]","Phase29 candidate generated from calibration files, raw RGB/LWIR/depth, Phase24 board-affine geometry, Phase25 depth projection support, and raw-only scene reliability scoring. MM5 aligned images are evaluation-only.",1.0,0.9317578125,0.9317578125,0.9724054932594299,0.2570253312587738,1.0,1.0827360408213613,0.7458179969965608,0.9344131946563721,8.356893539428711,0.9317578125,1.060572015844943,1.1753345495009537,-0.3860708475112915,0.7444098591804504,0.9317578125,-0.3663369131123796,0.16133595702663084,p29_depth_conservative,board_all_median_floor,affine,affine_lmeds,1496,5.984659671783447,7.825484275817871,"[[0.964242690293037, 0.13137386244365368, -26.99199754875218], [-0.06631033534806513, 0.9894192701549352, 24.920322865264623]]",3.5,2.0,9,False,False,4.0,3,0.075,calibration/def_stereocalib_THERM.yml,calibration/def_thermalcam_ori.yml,640x480,broad_generalization_raw_only_selection,review,depth_conservative,False,v6,v9,support-v9,strict-selected,research,full,strict,all,12.723083651384016,4.474911868572235,0.809801459312439,8.140022277832031,12.85378646850586,7.252527713775635,3.7805679738521576,0.8284847140312195,6.732651233673096,12.43471622467041,7.225747108459473,4.855750113725662,8.008649945259094,595,4911,950,1.196506381034851,22.73040199279785,648,6904,984,6792,0.022109375,0.5806831566548881,1.0,1.0,0.7241062191056443,77.67275407777147,2572,1827,2210,0.812707182320442,0.5024896265560166,984,0.0,0.0,0.0,2.740202217102051,0.0,0.9230769230769231,general,False,,False,depth/reflection/edge guard candidates are diagnostic-only by default,12.723083651384016,diagnostic_guard_block,0.0,0.0,0.0,0.06498626194046153,0.9923430321592649,0.9096022498995581,0.07380601763725281,0.0,-0.16659009456634521,v6,strict,v6 adds strict raw/depth support-gated selection for v9; aligned metrics remain evaluation-only.,106_seq388,,,,,,
106_seq388,106,388,p29_reflection_guard,True,phase21_fixed_rgb_canvas,phase23_crop_plus_board_residual_transform,,"[296, 103]","[280, 115]","Phase29 candidate generated from calibration files, raw RGB/LWIR/depth, Phase24 board-affine geometry, Phase25 depth projection support, and raw-only scene reliability scoring. MM5 aligned images are evaluation-only.",1.0,0.9317578125,0.9317578125,0.9724054932594299,0.2570253312587738,1.0,1.0827360408213613,0.7458179969965608,0.9344131946563721,8.356893539428711,0.9317578125,1.060572015844943,1.1753345495009537,-0.3860708475112915,0.7444098591804504,0.9317578125,-0.3663369131123796,0.16133595702663084,p29_reflection_guard,board_all_median_floor,affine,affine_lmeds,1496,5.984659671783447,7.825484275817871,"[[0.964242690293037, 0.13137386244365368, -26.99199754875218], [-0.06631033534806513, 0.9894192701549352, 24.920322865264623]]",3.5,2.0,9,False,False,4.5,3,0.055,calibration/def_stereocalib_THERM.yml,calibration/def_thermalcam_ori.yml,640x480,broad_generalization_raw_only_selection,review,reflection_guard,False,v6,v9,support-v9,strict-selected,research,full,strict,all,12.684038483873945,4.474911868572235,0.809801459312439,8.140022277832031,12.85378646850586,7.252527713775635,3.7805679738521576,0.8284847140312195,6.732651233673096,12.43471622467041,7.225747108459473,4.855750113725662,8.008649945259094,595,4911,950,1.196506381034851,22.73040199279785,648,6904,984,6904,0.022473958333333332,1.0,1.0,1.0,0.7241062191056443,77.67275407777147,2572,1715,2169,0.812707182320442,0.5056651279899287,984,0.0,0.0,0.0,2.740202217102051,0.0,0.9230769230769231,general,False,,False,depth/reflection/edge guard candidates are diagnostic-only by default,12.684038483873945,diagnostic_guard_block,0.0,0.0,0.0,0.1040314294505329,0.9923430321592649,0.9246015802865943,0.07380601763725281,0.0,-0.16659009456634521,v6,strict,v6 adds strict raw/depth support-gated selection for v9; aligned metrics remain evaluation-only.,106_seq388,,,,,,
106_seq388,106,388,p29_small_target_guard,True,phase21_fixed_rgb_canvas,phase23_crop_plus_board_residual_transform,,"[296, 103]","[280, 115]","Phase29 candidate generated from calibration files, raw RGB/LWIR/depth, Phase24 board-affine geometry, Phase25 depth projection support, and raw-only scene reliability scoring. MM5 aligned images are evaluation-only.",1.0,0.9317578125,0.9317578125,0.9724054932594299,0.2570253312587738,1.0,1.0827360408213613,0.7458179969965608,0.9381318092346191,1.545539379119873,0.9317578125,1.1045996440091215,1.171607140328143,-0.3849424123764038,0.8709953427314758,0.9317578125,-0.36573144312834627,0.16291294202964268,p29_small_target_guard,board_all_median_floor,affine,affine_lmeds,1496,5.984659671783447,7.825484275817871,"[[0.964242690293037, 0.13137386244365368, -26.99199754875218], [-0.06631033534806513, 0.9894192701549352, 24.920322865264623]]",3.5,2.0,5,True,False,3.0,2,0.065,calibration/def_stereocalib_THERM.yml,calibration/def_thermalcam_ori.yml,640x480,broad_generalization_raw_only_selection,review,small_target_guard,False,v6,v9,support-v9,strict-selected,research,full,strict,all,12.829786547392954,4.676566004753113,0.7546327114105225,8.598499298095703,12.73231029510498,7.322006702423096,3.845072388648987,0.7844774723052979,6.905667304992676,11.412823677062988,7.212973117828369,5.062900096178055,7.842932462692261,599,5254,967,1.2922267317771912,21.854751586914062,648,7220,988,7467,0.024306640625,1.0,1.0,1.0,0.7257155994941947,77.80903609259725,2600,1152,2189,0.8212771595124536,0.49769392033542975,988,0.0,0.0,0.0,2.7457605361938477,0.0,0.9230769230769231,general,False,,False,raw improvement -0.0417 is below 0.6500,13.049786547392955,small_target_guard_block,0.0,0.0,0.0,-0.04171663406847692,0.9923430321592649,1.0,0.009301602840423584,0.1657174825668335,0.03506404161453247,v6,strict,v6 adds strict raw/depth support-gated selection for v9; aligned metrics remain evaluation-only.,106_seq388,,,,,,
106_seq388,106,388,p29_edge_contamination_guard,True,phase21_fixed_rgb_canvas,phase23_crop_plus_board_residual_transform,,"[296, 103]","[280, 115]","Phase29 candidate generated from calibration files, raw RGB/LWIR/depth, Phase24 board-affine geometry, Phase25 depth projection support, and raw-only scene reliability scoring. MM5 aligned images are evaluation-only.",1.0,0.9317578125,0.9317578125,0.9724054932594299,0.2570253312587738,1.0,1.0827360408213613,0.7458179969965608,0.9344131946563721,8.356893539428711,0.9317578125,1.060572015844943,1.1753345495009537,-0.3860708475112915,0.7444098591804504,0.9317578125,-0.3663369131123796,0.16133595702663084,p29_edge_contamination_guard,board_all_median_floor,affine,affine_lmeds,1496,5.984659671783447,7.825484275817871,"[[0.964242690293037, 0.13137386244365368, -26.99199754875218], [-0.06631033534806513, 0.9894192701549352, 24.920322865264623]]",3.5,2.0,9,False,False,4.0,3,0.08,calibration/def_stereocalib_THERM.yml,calibration/def_thermalcam_ori.yml,640x480,broad_generalization_raw_only_selection,review,edge_contamination_guard,False,v6,v9,support-v9,strict-selected,research,full,strict,all,12.696116896048032,4.474911868572235,0.809801459312439,8.140022277832031,12.85378646850586,7.252527713775635,3.7805679738521576,0.8284847140312195,6.732651233673096,12.43471622467041,7.225747108459473,4.855750113725662,8.008649945259094,595,4911,950,1.196506381034851,22.73040199279785,648,6904,984,6904,0.022473958333333332,1.0,1.0,1.0,0.7241062191056443,77.67275407777147,2572,1715,2198,0.812707182320442,0.5006263048016701,984,0.0,0.0,0.0,2.740202217102051,0.0,0.9230769230769231,general,False,,False,depth/reflection/edge guard candidates are diagnostic-only by default,12.696116896048032,diagnostic_guard_block,0.0,0.0,0.0,0.09195301727644534,0.9923430321592649,0.9246015802865943,0.07380601763725281,0.0,-0.16659009456634521,v6,strict,v6 adds strict raw/depth support-gated selection for v9; aligned metrics remain evaluation-only.,106_seq388,,,,,,
106_seq388,106,388,p29_v9_support_gated,True,phase21_fixed_rgb_canvas,phase23_crop_plus_board_residual_transform,,"[296, 103]","[280, 115]","Phase29 candidate generated from calibration files, raw RGB/LWIR/depth, Phase24 board-affine geometry, Phase25 depth projection support, and raw-only scene reliability scoring. MM5 aligned images are evaluation-only.",1.0,0.9317578125,0.9317578125,0.9724054932594299,0.2570253312587738,1.0,1.0827360408213613,0.7458179969965608,0.8873536586761475,1.694301962852478,0.9317578125,1.0186038455298987,0.9427733242057732,-0.46984514594078064,0.9641134142875671,0.9317578125,-0.4544881385843121,0.14094458561462625,p29_v9_support_gated,board_all_median_floor,affine,affine_lmeds,1496,5.984659671783447,7.825484275817871,"[[0.964242690293037, 0.13137386244365368, -26.99199754875218], [-0.06631033534806513, 0.9894192701549352, 24.920322865264623]]",3.5,2.0,5,True,False,7.0,3,0.075,calibration/def_stereocalib_THERM.yml,calibration/def_thermalcam_ori.yml,640x480,broad_generalization_raw_only_selection,review,v9_support_gated,False,v6,v9,support-v9,strict-selected,research,full,strict,all,12.706743534920458,4.644872546195984,0.8197667598724365,8.469978332519531,11.530061721801758,7.254911422729492,3.7480248510837555,0.8142378926277161,6.681811809539795,12.37380313873291,7.217631816864014,4.855750113725662,8.008649945259094,613,4911,950,1.399010181427002,22.625768661499023,631,6904,984,6904,0.022473958333333332,1.0,1.0,1.0,0.7246809978158409,77.75848585730928,2592,1715,2034,0.8203178991015895,0.5083682008368201,984,0.0,0.0,0.0,2.6558040237426757,0.0,0.9230769230769231,general,False,,False,v9 support-gated mode is reserved for reflection/background scenes,10.940499999999998,v9_reflection_block,0.0,0.0,0.0,0.0813263784040199,0.9663093415007658,0.9246015802865943,0.10634914040565491,0.0,0.0033705830574035645,v6,strict,v6 adds strict raw/depth support-gated selection for v9; aligned metrics remain evaluation-only.,106_seq388,True,v9_support_gated,11850,101,,0.9317578125
106_seq388,106,388,p29_v9_support_gated_tight,True,phase21_fixed_rgb_canvas,phase23_crop_plus_board_residual_transform,,"[296, 103]","[280, 115]","Phase29 candidate generated from calibration files, raw RGB/LWIR/depth, Phase24 board-affine geometry, Phase25 depth projection support, and raw-only scene reliability scoring. MM5 aligned images are evaluation-only.",1.0,0.9317578125,0.9317578125,0.9724054932594299,0.2570253312587738,1.0,1.0827360408213613,0.7458179969965608,0.89705890417099,1.894710898399353,0.9317578125,1.0265716779536265,0.939206927820217,-0.4779421389102936,0.9786940217018127,0.9317578125,-0.46209992884837187,0.14476249461421725,p29_v9_support_gated_tight,board_all_median_floor,affine,affine_lmeds,1496,5.984659671783447,7.825484275817871,"[[0.964242690293037, 0.13137386244365368, -26.99199754875218], [-0.06631033534806513, 0.9894192701549352, 24.920322865264623]]",3.5,2.0,5,True,False,8.0,4,0.055,calibration/def_stereocalib_THERM.yml,calibration/def_thermalcam_ori.yml,640x480,broad_generalization_raw_only_selection,review,v9_support_gated_tight,False,v6,v9,support-v9,strict-selected,research,full,strict,all,12.863672481280284,4.639519155025482,0.8250197172164917,8.454018592834473,11.518630981445312,7.266287326812744,3.8034659028053284,0.8240443468093872,6.7828874588012695,13.054096221923828,7.20551872253418,4.918950110673904,8.17297613620758,533,4605,940,1.379297286272049,24.352500915527344,537,6637,980,6352,0.020677083333333332,1.0,1.0,1.0,0.7384756868605586,77.34723822603395,2641,2267,2091,0.8432393347794649,0.49979018044481743,980,0.0,0.0,0.0,2.6546565628051755,0.0,0.9230769230769231,general,False,,False,v9 support candidate mode is diagnostic-only unless a dedicated raw/depth gate allows it,10.73586,v9_mode_block,0.0,0.0,0.0,-0.07560256795580678,0.8223583460949464,0.850676309093344,0.05090808868408203,-0.16432619094848633,-0.0019828081130981445,v6,strict,v6 adds strict raw/depth support-gated selection for v9; aligned metrics remain evaluation-only.,106_seq388,True,v9_support_gated_tight,10186,100,,0.9317578125
106_seq388,106,388,p29_v9_target_only,True,phase21_fixed_rgb_canvas,phase23_crop_plus_board_residual_transform,,"[296, 103]","[280, 115]","Phase29 candidate generated from calibration files, raw RGB/LWIR/depth, Phase24 board-affine geometry, Phase25 depth projection support, and raw-only scene reliability scoring. MM5 aligned images are evaluation-only.",1.0,0.9317578125,0.9317578125,0.9724054932594299,0.2570253312587738,1.0,1.0827360408213613,0.7458179969965608,0.8793912529945374,1.744917631149292,0.9317578125,0.9999463472617707,0.8734973336941936,-0.4356948733329773,0.9873344898223877,0.9317578125,-0.42189808891116204,0.13147194240499688,p29_v9_target_only,board_all_median_floor,affine,affine_lmeds,1496,5.984659671783447,7.825484275817871,"[[0.964242690293037, 0.13137386244365368, -26.99199754875218], [-0.06631033534806513, 0.9894192701549352, 24.920322865264623]]",3.5,2.0,5,True,False,8.0,4,0.045,calibration/def_stereocalib_THERM.yml,calibration/def_thermalcam_ori.yml,640x480,broad_generalization_raw_only_selection,review,v9_target_only,False,v6,v9,support-v9,strict-selected,research,full,strict,all,12.879981472051316,4.620439141988754,0.8357259631156921,8.405152320861816,11.525029182434082,7.735933303833008,3.7421838343143463,0.8307169079780579,6.653650760650635,13.063422203063965,7.697144031524658,4.711800128221512,8.05429995059967,548,4605,940,1.3918302953243256,24.41884422302246,555,6637,980,6352,0.020677083333333332,1.0,1.0,1.0,0.7055983446373146,75.41713381515729,3172,2267,2089,0.8334534967555876,0.49979018044481743,980,0.0,0.0,0.0,2.6933799171447754,0.0,0.9230769230769231,general,False,,False,v9 target-only blocked because baseline thermal target is not weak/small,10.73833,v9_target_only_block,0.0,0.0,0.0,-0.09191155872683865,0.8499234303215927,0.850676309093344,0.11219015717506409,-0.04565000534057617,-0.02106282114982605,v6,strict,v6 adds strict raw/depth support-gated selection for v9; aligned metrics remain evaluation-only.,106_seq388,True,v9_target_only,6833,73,,0.9317578125
106_seq388,106,388,p29_v9_depth_thermal,True,phase21_fixed_rgb_canvas,phase23_crop_plus_board_residual_transform,,"[296, 103]","[280, 115]","Phase29 candidate generated from calibration files, raw RGB/LWIR/depth, Phase24 board-affine geometry, Phase25 depth projection support, and raw-only scene reliability scoring. MM5 aligned images are evaluation-only.",1.0,0.9317578125,0.9317578125,0.9724054932594299,0.2570253312587738,1.0,1.0827360408213613,0.7458179969965608,0.8926894068717957,1.6895180940628052,0.9317578125,1.023205637945689,0.9376889309218026,-0.47419029474258423,0.9589195847511292,0.9317578125,-0.45810866839521247,0.1455676257058569,p29_v9_depth_thermal,board_all_median_floor,affine,affine_lmeds,1496,5.984659671783447,7.825484275817871,"[[0.964242690293037, 0.13137386244365368, -26.99199754875218], [-0.06631033534806513, 0.9894192701549352, 24.920322865264623]]",3.5,2.0,5,True,False,7.0,3,0.065,calibration/def_stereocalib_THERM.yml,calibration/def_thermalcam_ori.yml,640x480,broad_generalization_raw_only_selection,review,v9_depth_thermal,False,v6,v9,support-v9,strict-selected,research,full,strict,all,12.735931523569702,4.68334835767746,0.8236268758773804,8.543069839477539,11.292920112609863,7.260484218597412,3.7671955227851868,0.8172723054885864,6.717118740081787,12.11496353149414,7.219937324523926,4.918950110673904,8.008649945259094,590,4911,950,1.4183153212070465,22.196022033691406,604,6904,984,6904,0.022473958333333332,1.0,1.0,1.0,0.7242211748476837,77.69285553271133,2592,1715,2069,0.8262254223206867,0.5062761506276151,984,0.0,0.0,0.0,2.6135643577575682,0.0,0.9230769230769231,general,False,,False,v9 depth-thermal mode is reserved for double-edge mismatch scenes,10.88035,v9_depth_thermal_block,0.0,0.0,0.0,0.05213838975477536,0.9249617151607963,0.9246015802865943,0.08717846870422363,0.0,0.041846394538879395,v6,strict,v6 adds strict raw/depth support-gated selection for v9; aligned metrics remain evaluation-only.,106_seq388,True,v9_depth_thermal,11235,100,,0.9317578125
106_seq388,106,388,p29_v9_target_silhouette,True,phase21_fixed_rgb_canvas,phase23_crop_plus_board_residual_transform,,"[296, 103]","[280, 115]","Phase29 candidate generated from calibration files, raw RGB/LWIR/depth, Phase24 board-affine geometry, Phase25 depth projection support, and raw-only scene reliability scoring. MM5 aligned images are evaluation-only.",1.0,0.9317578125,0.9317578125,0.9724054932594299,0.2570253312587738,1.0,1.0827360408213613,0.7458179969965608,0.563656210899353,2.4149725437164307,0.9317578125,0.6724117673970823,0.8216359450668529,-0.3545588552951813,1.582643747329712,0.9317578125,-0.3484402384304556,0.10409652899135988,p29_v9_target_silhouette,board_all_median_floor,affine,affine_lmeds,1496,5.984659671783447,7.825484275817871,"[[0.964242690293037, 0.13137386244365368, -26.99199754875218], [-0.06631033534806513, 0.9894192701549352, 24.920322865264623]]",3.5,2.0,5,True,False,7.0,3,0.045,calibration/def_stereocalib_THERM.yml,calibration/def_thermalcam_ori.yml,640x480,broad_generalization_raw_only_selection,review,v9_target_silhouette,False,v6,v9,support-v9,strict-selected,research,full,strict,all,14.05396084470737,6.103017747402191,1.235488772392273,10.97054672241211,10.313939094543457,6.642678737640381,4.358580529689789,1.235488772392273,7.481672286987305,10.463860511779785,6.325415134429932,6.2075000405311584,8.802149891853333,500,4911,950,2.4449746906757355,18.199055194854736,500,6904,984,6904,0.022473958333333332,1.0,1.0,1.0,0.7183584320036785,73.46201195997841,2686,1715,2132,0.859264399722415,0.5104602510460251,984,0.0,0.0,0.0,2.3879233360290524,0.0,0.9230769230769231,general,False,,False,v9 silhouette LWIR edge count outside reliable range,10.62833,v9_silhouette_block,0.0,0.0,0.0,-1.2658909313828932,0.7656967840735069,0.9246015802865943,-0.5042065382003784,-0.7934999465942383,1.4615157842636108,v6,strict,v6 adds strict raw/depth support-gated selection for v9; aligned metrics remain evaluation-only.,106_seq388,True,v9_target_silhouette,6833,73,108.0,0.9317578125
106_seq388,106,388,p29_raw_shift_dx2p5_dy1p0_fill,True,phase21_fixed_rgb_canvas,phase23_crop_plus_board_residual_transform,,"[296, 103]","[280, 115]","Phase29 candidate generated from calibration files, raw RGB/LWIR/depth, Phase24 board-affine geometry, Phase25 depth projection support, and raw-only scene reliability scoring. MM5 aligned images are evaluation-only.",1.0,0.9331673177083334,0.9331673177083334,0.9724054932594299,0.2570253312587738,1.0,1.0827360408213613,0.7458179969965608,0.9459083080291748,1.5209437608718872,0.9331673177083334,1.1104031052587333,1.1574697319652654,-0.4051780104637146,0.791583240032196,0.9331673177083334,-0.38453950680817467,0.16925335397155375,p29_raw_shift_dx2p5_dy1p0_fill,board_all_median_floor,affine,affine_lmeds,1496,5.984659671783447,7.825484275817871,"[[0.964242690293037, 0.13137386244365368, -26.99199754875218], [-0.06631033534806513, 0.9894192701549352, 24.920322865264623]]",2.5,1.0,9,True,False,3.0,2,0.1,calibration/def_stereocalib_THERM.yml,calibration/def_thermalcam_ori.yml,640x480,broad_generalization_raw_only_selection,review,raw_shift_local,False,v6,v9,support-v9,strict-selected,research,full,strict,all,13.039175104830734,4.876662343740463,0.7849695086479187,8.968355178833008,12.771903991699219,7.7119269371032715,3.937429666519165,0.797736644744873,7.077122688293457,11.513097763061523,7.603703022003174,5.270050078630447,7.9910998940467834,589,5254,967,1.437007650732994,21.486794471740723,641,7220,986,7467,0.024306640625,1.0,1.0,1.0,0.7205425911024256,81.14321149638991,2525,1152,2175,0.8169051404345522,0.4981132075471698,986,0.0,0.0,0.0,2.776954154968262,0.0,0.9230769230769231,general,False,,False,raw improvement -0.2511 is below 0.6000,13.139175104830734,generic_block,-1.0,-1.0,2.0,-0.251105191506257,0.9816232771822359,1.0,-0.08305567502975464,0.01755005121231079,0.23516038060188293,v6,strict,v6 adds strict raw/depth support-gated selection for v9; aligned metrics remain evaluation-only.,106_seq388,,,,,,
106_seq388,106,388,p29_raw_shift_dx3p5_dy1p0_fill,True,phase21_fixed_rgb_canvas,phase23_crop_plus_board_residual_transform,,"[296, 103]","[280, 115]","Phase29 candidate generated from calibration files, raw RGB/LWIR/depth, Phase24 board-affine geometry, Phase25 depth projection support, and raw-only scene reliability scoring. MM5 aligned images are evaluation-only.",1.0,0.9327799479166666,0.9327799479166666,0.9724054932594299,0.2570253312587738,1.0,1.0827360408213613,0.7458179969965608,0.9326030611991882,1.7206004858016968,0.9327799479166666,1.096364741024579,1.1605685516013395,-0.40170469880104065,0.7681193947792053,0.9327799479166666,-0.381151343970817,0.16774714132599222,p29_raw_shift_dx3p5_dy1p0_fill,board_all_median_floor,affine,affine_lmeds,1496,5.984659671783447,7.825484275817871,"[[0.964242690293037, 0.13137386244365368, -26.99199754875218], [-0.06631033534806513, 0.9894192701549352, 24.920322865264623]]",3.5,1.0,9,True,False,3.0,2,0.1,calibration/def_stereocalib_THERM.yml,calibration/def_thermalcam_ori.yml,640x480,broad_generalization_raw_only_selection,review,raw_shift_local,False,v6,v9,support-v9,strict-selected,research,full,strict,all,13.343399446911906,5.1595127284526825,0.7795824408531189,9.539443016052246,12.301301002502441,7.654707908630371,4.145558476448059,0.7930901050567627,7.4980268478393555,10.96650218963623,7.543760776519775,5.396450072526932,8.518091261386871,576,5254,969,1.6434770673513412,20.780025482177734,628,7220,989,7467,0.024306640625,1.0,1.0,1.0,0.717783653293482,81.21742315169682,2557,1152,2172,0.8280026542800265,0.4981132075471698,989,0.0,0.0,0.0,2.7723766326904298,0.0,0.9230769230769231,general,False,,False,raw improvement -0.5553 is below 0.6000,13.393399446911907,generic_block,0.0,-1.0,1.0,-0.5553295335874289,0.9617151607963247,1.0,-0.2911844849586487,-0.5094413161277771,0.5180107653141022,v6,strict,v6 adds strict raw/depth support-gated selection for v9; aligned metrics remain evaluation-only.,106_seq388,,,,,,
106_seq388,106,388,p29_raw_shift_dx4p5_dy1p0_fill,True,phase21_fixed_rgb_canvas,phase23_crop_plus_board_residual_transform,,"[296, 103]","[280, 115]","Phase29 candidate generated from calibration files, raw RGB/LWIR/depth, Phase24 board-affine geometry, Phase25 depth projection support, and raw-only scene reliability scoring. MM5 aligned images are evaluation-only.",1.0,0.9323665364583333,0.9323665364583333,0.9724054932594299,0.2570253312587738,1.0,1.0827360408213613,0.7458179969965608,0.9163169264793396,1.783385157585144,0.9323665364583333,1.0798357259764895,1.161460736284405,-0.3970717787742615,0.8235235214233398,0.9323665364583333,-0.3772535874012891,0.16506221667674947,p29_raw_shift_dx4p5_dy1p0_fill,board_all_median_floor,affine,affine_lmeds,1496,5.984659671783447,7.825484275817871,"[[0.964242690293037, 0.13137386244365368, -26.99199754875218], [-0.06631033534806513, 0.9894192701549352, 24.920322865264623]]",4.5,1.0,9,True,False,3.0,2,0.1,calibration/def_stereocalib_THERM.yml,calibration/def_thermalcam_ori.yml,640x480,broad_generalization_raw_only_selection,review,raw_shift_local,False,v6,v9,support-v9,strict-selected,research,full,strict,all,13.117045462616757,4.942906975746155,0.8792469501495361,9.006567001342773,12.762822151184082,7.612689018249512,4.021467477083206,0.8957882523536682,7.147146701812744,11.557315826416016,7.507381439208984,5.252500087022781,8.324649930000305,590,5254,969,1.502601981163025,22.403172492980957,641,7220,989,7467,0.024306640625,1.0,1.0,1.0,0.7012300264398207,81.52859396886369,2501,1152,2174,0.8251812788398154,0.4989517819706499,989,0.0,0.0,0.0,2.769015121459961,0.0,0.9230769230769231,general,False,,False,raw improvement -0.3290 is below 0.6000,13.217045462616756,generic_block,1.0,-1.0,2.0,-0.328975549292279,0.9816232771822359,1.0,-0.16709348559379578,-0.31599998474121094,0.30140501260757446,v6,strict,v6 adds strict raw/depth support-gated selection for v9; aligned metrics remain evaluation-only.,106_seq388,,,,,,
106_seq388,106,388,p29_raw_shift_dx2p5_dy2p0_fill,True,phase21_fixed_rgb_canvas,phase23_crop_plus_board_residual_transform,,"[296, 103]","[280, 115]","Phase29 candidate generated from calibration files, raw RGB/LWIR/depth, Phase24 board-affine geometry, Phase25 depth projection support, and raw-only scene reliability scoring. MM5 aligned images are evaluation-only.",1.0,0.9321451822916667,0.9321451822916667,0.9724054932594299,0.2570253312587738,1.0,1.0827360408213613,0.7458179969965608,0.9532830119132996,1.2275547981262207,0.9321451822916667,1.1222755502631954,1.1757191142576888,-0.3911380171775818,0.8636158108711243,0.9321451822916667,-0.3715080199006938,0.16541128094743127,p29_raw_shift_dx2p5_dy2p0_fill,board_all_median_floor,affine,affine_lmeds,1496,5.984659671783447,7.825484275817871,"[[0.964242690293037, 0.13137386244365368, -26.99199754875218], [-0.06631033534806513, 0.9894192701549352, 24.920322865264623]]",2.5,2.0,9,True,False,3.0,2,0.1,calibration/def_stereocalib_THERM.yml,calibration/def_thermalcam_ori.yml,640x480,broad_generalization_raw_only_selection,review,raw_shift_local,False,v6,v9,support-v9,strict-selected,research,full,strict,all,12.7884269564397,4.711810797452927,0.7794050574302673,8.644216537475586,13.341917037963867,7.427097320556641,3.8690042197704315,0.8060435652732849,6.931964874267578,12.483583450317383,7.346549034118652,5.252500087022781,7.801499903202057,602,5254,964,1.2931815534830093,23.811800956726074,649,7220,979,7467,0.024306640625,1.0,1.0,1.0,0.25807564087826185,104.04385799185609,966,1152,2193,0.8121693121693122,0.49727463312368975,979,0.0,0.0,0.0,2.7541677856445315,0.0,0.9230769230769231,general,False,,False,raw improvement -0.0004 is below 0.6000,12.8384269564397,generic_block,-1.0,0.0,1.0,-0.0003570431152226661,0.9938744257274119,1.0,-0.014630228281021118,0.20715004205703735,0.07030883431434631,v6,strict,v6 adds strict raw/depth support-gated selection for v9; aligned metrics remain evaluation-only.,106_seq388,,,,,,
106_seq388,106,388,p29_raw_shift_dx4p5_dy2p0_fill,True,phase21_fixed_rgb_canvas,phase23_crop_plus_board_residual_transform,,"[296, 103]","[280, 115]","Phase29 candidate generated from calibration files, raw RGB/LWIR/depth, Phase24 board-affine geometry, Phase25 depth projection support, and raw-only scene reliability scoring. MM5 aligned images are evaluation-only.",1.0,0.9313444010416667,0.9313444010416667,0.9724054932594299,0.2570253312587738,1.0,1.0827360408213613,0.7458179969965608,0.921821117401123,1.5856640338897705,0.9313444010416667,1.0892599115947361,1.1796851893130118,-0.38128718733787537,0.8937788009643555,0.9313444010416667,-0.36262521063252556,0.16016433007423955,p29_raw_shift_dx4p5_dy2p0_fill,board_all_median_floor,affine,affine_lmeds,1496,5.984659671783447,7.825484275817871,"[[0.964242690293037, 0.13137386244365368, -26.99199754875218], [-0.06631033534806513, 0.9894192701549352, 24.920322865264623]]",4.5,2.0,9,True,False,3.0,2,0.1,calibration/def_stereocalib_THERM.yml,calibration/def_thermalcam_ori.yml,640x480,broad_generalization_raw_only_selection,review,raw_shift_local,False,v6,v9,support-v9,strict-selected,research,full,strict,all,13.004593099885163,4.840146481990814,0.8971632719039917,8.783129692077637,12.686615943908691,7.253776550292969,3.983130842447281,0.9340513348579407,7.032210350036621,11.32356071472168,7.152482986450195,5.126100093126297,8.179271340370178,596,5254,967,1.4018334746360779,22.158103942871094,643,7220,988,7467,0.024306640625,1.0,1.0,1.0,0.7120358661915163,77.92578726426511,2531,1152,2200,0.8251646903820817,0.5006289308176101,988,0.0,0.0,0.0,2.7403021240234375,0.0,0.9230769230769231,general,False,,False,raw improvement -0.2165 is below 0.6000,13.054593099885164,generic_block,1.0,0.0,1.0,-0.2165231865606856,0.9846860643185299,1.0,-0.12875685095787048,-0.17062139511108398,0.1986445188522339,v6,strict,v6 adds strict raw/depth support-gated selection for v9; aligned metrics remain evaluation-only.,106_seq388,,,,,,
106_seq388,106,388,p29_raw_shift_dx2p5_dy3p0_fill,True,phase21_fixed_rgb_canvas,phase23_crop_plus_board_residual_transform,,"[296, 103]","[280, 115]","Phase29 candidate generated from calibration files, raw RGB/LWIR/depth, Phase24 board-affine geometry, Phase25 depth projection support, and raw-only scene reliability scoring. MM5 aligned images are evaluation-only.",1.0,0.9310774739583333,0.9310774739583333,0.9724054932594299,0.2570253312587738,1.0,1.0827360408213613,0.7458179969965608,0.9492080807685852,1.3261079788208008,0.9310774739583333,1.114428477490776,1.1545136306341033,-0.3738831877708435,0.9977680444717407,0.9310774739583333,-0.3558102074398014,0.1603972573191504,p29_raw_shift_dx2p5_dy3p0_fill,board_all_median_floor,affine,affine_lmeds,1496,5.984659671783447,7.825484275817871,"[[0.964242690293037, 0.13137386244365368, -26.99199754875218], [-0.06631033534806513, 0.9894192701549352, 24.920322865264623]]",2.5,3.0,9,True,False,3.0,2,0.1,calibration/def_stereocalib_THERM.yml,calibration/def_thermalcam_ori.yml,640x480,broad_generalization_raw_only_selection,review,raw_shift_local,False,v6,v9,support-v9,strict-selected,research,full,strict,all,12.567450273445806,4.5087910592556,0.8482667803764343,8.169315338134766,13.568875312805176,7.265998840332031,3.807240843772888,0.8652513027191162,6.74923038482666,12.755121231079102,7.188196182250977,5.062900096178055,7.6399999260902405,598,5254,964,1.111550197005272,24.01156997680664,646,7220,979,7467,0.024306640625,1.0,1.0,1.0,0.2581905966203012,101.31265612949119,967,1152,2214,0.8033670919373931,0.4989517819706499,979,0.0,0.0,0.0,2.741279907226563,0.0,0.9230769230769231,general,False,,False,raw improvement 0.2206 is below 0.6000,12.667450273445805,generic_block,-1.0,1.0,2.0,0.22061963987867195,0.9892802450229708,1.0,0.04713314771652222,0.36865001916885376,-0.13271090388298035,v6,strict,v6 adds strict raw/depth support-gated selection for v9; aligned metrics remain evaluation-only.,106_seq388,,,,,,
106_seq388,106,388,p29_raw_shift_dx3p5_dy3p0_fill,True,phase21_fixed_rgb_canvas,phase23_crop_plus_board_residual_transform,,"[296, 103]","[280, 115]","Phase29 candidate generated from calibration files, raw RGB/LWIR/depth, Phase24 board-affine geometry, Phase25 depth projection support, and raw-only scene reliability scoring. MM5 aligned images are evaluation-only.",1.0,0.9306901041666666,0.9306901041666666,0.9724054932594299,0.2570253312587738,1.0,1.0827360408213613,0.7458179969965608,0.9344171285629272,1.516992211341858,0.9306901041666666,1.098817958895533,1.1566852240043795,-0.369096577167511,1.0026456117630005,0.9306901041666666,-0.35133538859454133,0.15851374829031767,p29_raw_shift_dx3p5_dy3p0_fill,board_all_median_floor,affine,affine_lmeds,1496,5.984659671783447,7.825484275817871,"[[0.964242690293037, 0.13137386244365368, -26.99199754875218], [-0.06631033534806513, 0.9894192701549352, 24.920322865264623]]",3.5,3.0,9,True,False,3.0,2,0.1,calibration/def_stereocalib_THERM.yml,calibration/def_thermalcam_ori.yml,640x480,broad_generalization_raw_only_selection,review,raw_shift_local,False,v6,v9,support-v9,strict-selected,research,full,strict,all,12.776826454355467,4.655259549617767,0.9179419279098511,8.392577171325684,12.814419746398926,7.097293853759766,3.887170433998108,0.9406168460845947,6.833724021911621,11.444643020629883,6.997373104095459,5.27005010843277,7.847149968147278,601,5254,967,1.2298766076564789,22.081557273864746,649,7220,988,7467,0.024306640625,1.0,1.0,1.0,0.7203126796183469,74.27955188950799,2584,1152,2206,0.8120725933719095,0.49559748427672956,988,0.0,0.0,0.0,2.7277835083007815,0.0,0.9230769230769231,general,False,,False,raw improvement 0.0112 is below 0.6000,12.826826454355468,generic_block,0.0,1.0,1.0,0.011243458969010689,0.9938744257274119,1.0,-0.03279644250869751,0.1614999771118164,0.013757586479187012,v6,strict,v6 adds strict raw/depth support-gated selection for v9; aligned metrics remain evaluation-only.,106_seq388,,,,,,
106_seq388,106,388,p29_raw_shift_dx4p5_dy3p0_fill,True,phase21_fixed_rgb_canvas,phase23_crop_plus_board_residual_transform,,"[296, 103]","[280, 115]","Phase29 candidate generated from calibration files, raw RGB/LWIR/depth, Phase24 board-affine geometry, Phase25 depth projection support, and raw-only scene reliability scoring. MM5 aligned images are evaluation-only.",1.0,0.9302766927083334,0.9302766927083334,0.9724054932594299,0.2570253312587738,1.0,1.0827360408213613,0.7458179969965608,0.9174039363861084,1.609096884727478,0.9302766927083334,1.081481850615615,1.1582166369191431,-0.36357244849205017,1.0056318044662476,0.9302766927083334,-0.34615911899731294,0.15631413547689818,p29_raw_shift_dx4p5_dy3p0_fill,board_all_median_floor,affine,affine_lmeds,1496,5.984659671783447,7.825484275817871,"[[0.964242690293037, 0.13137386244365368, -26.99199754875218], [-0.06631033534806513, 0.9894192701549352, 24.920322865264623]]",4.5,3.0,9,True,False,3.0,2,0.1,calibration/def_stereocalib_THERM.yml,calibration/def_thermalcam_ori.yml,640x480,broad_generalization_raw_only_selection,review,raw_shift_local,False,v6,v9,support-v9,strict-selected,research,full,strict,all,12.871233474781054,4.729796350002289,0.9831312894821167,8.476461410522461,12.655417442321777,7.095154762268066,3.959717094898224,1.0127002000808716,6.906733989715576,11.259931564331055,7.000161647796631,5.27005010843277,8.008649945259094,599,5254,967,1.2722417414188385,21.996593475341797,647,7220,988,7467,0.024306640625,1.0,1.0,1.0,0.7189332107138752,74.60355699557475,2568,1152,2203,0.8192438960357049,0.5006289308176101,988,0.0,0.0,0.0,2.727612380981445,0.0,0.9230769230769231,general,False,,False,raw improvement -0.0832 is below 0.6000,12.971233474781053,generic_block,1.0,1.0,2.0,-0.08316356145657622,0.9908116385911179,1.0,-0.10534310340881348,0.0,0.0882943868637085,v6,strict,v6 adds strict raw/depth support-gated selection for v9; aligned metrics remain evaluation-only.,106_seq388,,,,,,
106_seq388,106,388,p29_raw_shift_dx3p0_dy2p0_fill,True,phase21_fixed_rgb_canvas,phase23_crop_plus_board_residual_transform,,"[296, 103]","[280, 115]","Phase29 candidate generated from calibration files, raw RGB/LWIR/depth, Phase24 board-affine geometry, Phase25 depth projection support, and raw-only scene reliability scoring. MM5 aligned images are evaluation-only.",1.0,0.9317578125,0.9317578125,0.9724054932594299,0.2570253312587738,1.0,1.0827360408213613,0.7458179969965608,0.9451847076416016,1.5561015605926514,0.9317578125,1.1118408456396027,1.1732849824103808,-0.3890931010246277,0.8384378552436829,0.9317578125,-0.3693374889629094,0.1652415946212023,p29_raw_shift_dx3p0_dy2p0_fill,board_all_median_floor,affine,affine_lmeds,1496,5.984659671783447,7.825484275817871,"[[0.964242690293037, 0.13137386244365368, -26.99199754875218], [-0.06631033534806513, 0.9894192701549352, 24.920322865264623]]",3.0,2.0,9,True,False,3.0,2,0.1,calibration/def_stereocalib_THERM.yml,calibration/def_thermalcam_ori.yml,640x480,broad_generalization_raw_only_selection,review,raw_shift_local,False,v6,v9,support-v9,strict-selected,research,full,strict,all,13.380232428555322,5.045879811048508,0.7324809432029724,9.359278678894043,13.229507446289062,9.381011962890625,4.208393335342407,0.7585234642028809,7.658263206481934,11.80012321472168,9.31596565246582,5.5467109978199005,8.6072798371315,547,5254,967,1.4893064349889755,23.142589569091797,594,7220,988,7467,0.024306640625,1.0,1.0,1.0,0.7197379009081504,77.95170292585529,2535,1152,2197,0.8264506705616784,0.49937106918238994,988,0.0,0.0,0.0,2.9104809570312504,0.0,0.9230769230769231,general,False,,False,raw improvement -0.5922 is below 0.6000,13.405232428555323,generic_block,-0.5,0.0,0.5,-0.5921625152308447,0.9096477794793262,1.0,-0.3540193438529968,-0.598629891872406,0.40437784790992737,v6,strict,v6 adds strict raw/depth support-gated selection for v9; aligned metrics remain evaluation-only.,106_seq388,,,,,,
106_seq388,106,388,p29_raw_shift_dx4p0_dy2p0_fill,True,phase21_fixed_rgb_canvas,phase23_crop_plus_board_residual_transform,,"[296, 103]","[280, 115]","Phase29 candidate generated from calibration files, raw RGB/LWIR/depth, Phase24 board-affine geometry, Phase25 depth projection support, and raw-only scene reliability scoring. MM5 aligned images are evaluation-only.",1.0,0.9313444010416667,0.9313444010416667,0.9724054932594299,0.2570253312587738,1.0,1.0827360408213613,0.7458179969965608,0.92890465259552,1.5218069553375244,0.9313444010416667,1.0963381033383304,1.17709528316557,-0.3853406608104706,0.8488508462905884,0.9313444010416667,-0.36606164335649094,0.1624808168781546,p29_raw_shift_dx4p0_dy2p0_fill,board_all_median_floor,affine,affine_lmeds,1496,5.984659671783447,7.825484275817871,"[[0.964242690293037, 0.13137386244365368, -26.99199754875218], [-0.06631033534806513, 0.9894192701549352, 24.920322865264623]]",4.0,2.0,9,True,False,3.0,2,0.1,calibration/def_stereocalib_THERM.yml,calibration/def_thermalcam_ori.yml,640x480,broad_generalization_raw_only_selection,review,raw_shift_local,False,v6,v9,support-v9,strict-selected,research,full,strict,all,13.338522574614608,5.021000295877457,0.7970617413520813,9.244938850402832,13.51222038269043,9.069596290588379,4.244426906108856,0.8281978368759155,7.660655975341797,12.121827125549316,9.006449699401855,5.459650069475174,8.612549841403961,555,5254,967,1.4297108501195908,23.930471420288086,602,7220,988,7467,0.024306640625,1.0,1.0,1.0,0.7185883434877572,78.36313721989089,2573,1152,2191,0.8298661719888697,0.5014675052410902,988,0.0,0.0,0.0,2.8855677032470703,0.0,0.9230769230769231,general,False,,False,raw improvement -0.5505 is below 0.6000,13.363522574614608,generic_block,0.5,0.0,0.5,-0.5504526612901302,0.9218989280245024,1.0,-0.3900529146194458,-0.6038998961448669,0.37949833273887634,v6,strict,v6 adds strict raw/depth support-gated selection for v9; aligned metrics remain evaluation-only.,106_seq388,,,,,,
106_seq388,106,388,p29_raw_shift_dx3p5_dy1p5_fill,True,phase21_fixed_rgb_canvas,phase23_crop_plus_board_residual_transform,,"[296, 103]","[280, 115]","Phase29 candidate generated from calibration files, raw RGB/LWIR/depth, Phase24 board-affine geometry, Phase25 depth projection support, and raw-only scene reliability scoring. MM5 aligned images are evaluation-only.",1.0,0.9327799479166666,0.9327799479166666,0.9724054932594299,0.2570253312587738,1.0,1.0827360408213613,0.7458179969965608,0.9371748566627502,1.5627938508987427,0.9327799479166666,1.1047810257654453,1.1798862147205842,-0.3971027135848999,0.7725527882575989,0.9327799479166666,-0.3767558656659112,0.16654776432356205,p29_raw_shift_dx3p5_dy1p5_fill,board_all_median_floor,affine,affine_lmeds,1496,5.984659671783447,7.825484275817871,"[[0.964242690293037, 0.13137386244365368, -26.99199754875218], [-0.06631033534806513, 0.9894192701549352, 24.920322865264623]]",3.5,1.5,9,True,False,3.0,2,0.1,calibration/def_stereocalib_THERM.yml,calibration/def_thermalcam_ori.yml,640x480,broad_generalization_raw_only_selection,review,raw_shift_local,False,v6,v9,support-v9,strict-selected,research,full,strict,all,13.359959987634719,5.184506773948669,0.6815221309661865,9.687491416931152,12.050445556640625,7.5793681144714355,4.182500630617142,0.7068138718605042,7.658187389373779,10.670941352844238,7.473931312561035,5.540400058031082,8.675749838352203,576,5254,969,1.6709436029195786,20.207725524902344,624,7220,989,7467,0.024306640625,1.0,1.0,1.0,0.7103115300609265,80.17105547342325,2531,1152,2168,0.828696925329429,0.49769392033542975,989,0.0,0.0,0.0,2.766349449157715,0.0,0.9230769230769231,general,False,,False,raw improvement -0.5719 is below 0.6000,13.38495998763472,generic_block,0.0,-0.5,0.5,-0.5718900743102413,0.9555895865237366,1.0,-0.3281266391277313,-0.6670998930931091,0.5430048108100891,v6,strict,v6 adds strict raw/depth support-gated selection for v9; aligned metrics remain evaluation-only.,106_seq388,,,,,,
106_seq388,106,388,p29_raw_shift_dx3p5_dy2p5_fill,True,phase21_fixed_rgb_canvas,phase23_crop_plus_board_residual_transform,,"[296, 103]","[280, 115]","Phase29 candidate generated from calibration files, raw RGB/LWIR/depth, Phase24 board-affine geometry, Phase25 depth projection support, and raw-only scene reliability scoring. MM5 aligned images are evaluation-only.",1.0,0.9317578125,0.9317578125,0.9724054932594299,0.2570253312587738,1.0,1.0827360408213613,0.7458179969965608,0.9385319352149963,1.4361294507980347,0.9317578125,1.1070386437881639,1.1808232351863712,-0.38113611936569214,0.8686284422874451,0.9317578125,-0.36207116098609715,0.16184486022213124,p29_raw_shift_dx3p5_dy2p5_fill,board_all_median_floor,affine,affine_lmeds,1496,5.984659671783447,7.825484275817871,"[[0.964242690293037, 0.13137386244365368, -26.99199754875218], [-0.06631033534806513, 0.9894192701549352, 24.920322865264623]]",3.5,2.5,9,True,False,3.0,2,0.1,calibration/def_stereocalib_THERM.yml,calibration/def_thermalcam_ori.yml,640x480,broad_generalization_raw_only_selection,review,raw_shift_local,False,v6,v9,support-v9,strict-selected,research,full,strict,all,13.190626758022582,5.069819211959839,0.7461552619934082,9.39348316192627,11.88420295715332,7.259888648986816,4.146143227815628,0.7753854393959045,7.516901016235352,10.431768417358398,7.157442569732666,5.270050078630447,8.549349844455719,579,5254,967,1.5610134452581406,20.151901245117188,626,7220,988,7467,0.024306640625,1.0,1.0,1.0,0.7259455109782733,76.47894876369539,2569,1152,2189,0.8191447107109757,0.49727463312368975,988,0.0,0.0,0.0,2.719947624206543,0.0,0.9230769230769231,general,False,,False,raw improvement -0.4026 is below 0.6000,13.215626758022582,generic_block,0.0,0.5,0.5,-0.40255684469810404,0.9586523736600306,1.0,-0.29176923632621765,-0.5406998991966248,0.42831724882125854,v6,strict,v6 adds strict raw/depth support-gated selection for v9; aligned metrics remain evaluation-only.,106_seq388,,,,,,
273_seq559,273,559,p29_baseline,True,phase21_fixed_rgb_canvas,phase24_affine_lwir_subpixel_shift_depth_fill_then_morph_close,,"[296, 103]","[280, 115]","Phase29 candidate generated from calibration files, raw RGB/LWIR/depth, Phase24 board-affine geometry, Phase25 depth projection support, and raw-only scene reliability scoring. MM5 aligned images are evaluation-only.",1.0,0.9317578125,0.9317578125,0.8873290419578552,0.8768453598022461,1.0,1.047244343492575,1.1011758246235548,0.9645798206329346,2.2383930683135986,0.9317578125,1.2268728877662587,1.838156170288038,-0.4846145212650299,1.497298240661621,0.9317578125,-0.4060141883820064,0.5838941488466212,p29_baseline,board_all_median_floor,affine,affine_lmeds,1496,5.984659671783447,7.825484275817871,"[[0.964242690293037, 0.13137386244365368, -26.99199754875218], [-0.06631033534806513, 0.9894192701549352, 24.920322865264623]]",3.5,2.0,9,True,False,3.0,2,0.1,calibration/def_stereocalib_THERM.yml,calibration/def_thermalcam_ori.yml,640x480,broad_generalization_raw_only_selection,review,baseline,False,v6,v9,support-v9,strict-selected,research,full,strict,all,16.118514156594173,6.584102511405945,1.4453284740447998,11.72287654876709,11.521404266357422,8.237532615661621,4.751889228820801,1.4716815948486328,8.032096862792969,11.180244445800781,8.053263664245605,6.621800005435944,10.094200372695923,576,4110,2040,2.8557633757591248,18.67514991760254,601,7221,2118,6234,0.02029296875,0.3607635547000321,1.0,1.0,0.22255580211460646,79.54943879890189,623,1436,2627,0.8562976597423088,0.4240506329113924,2118,0.0,0.7569457811998719,0.0,2.7328553771972652,0.0,0.9230769230769231,general,False,,False,,16.118514156594173,v6_baseline,0.0,0.0,0.0,0.0,1.0,1.0,0.0,0.0,0.0,v6,strict,v6 baseline row; aligned metrics are not used for selection.,273_seq559,,,,,,
273_seq559,273,559,p29_depth_conservative,True,phase21_fixed_rgb_canvas,phase23_crop_plus_board_residual_transform,,"[296, 103]","[280, 115]","Phase29 candidate generated from calibration files, raw RGB/LWIR/depth, Phase24 board-affine geometry, Phase25 depth projection support, and raw-only scene reliability scoring. MM5 aligned images are evaluation-only.",1.0,0.9317578125,0.9317578125,0.8873290419578552,0.8768453598022461,1.0,1.047244343492575,1.1011758246235548,0.9641114473342896,2.874685287475586,0.9317578125,1.2221927225305709,1.8355292461408999,-0.4778284430503845,1.3829642534255981,0.9317578125,-0.3990150832293656,0.580740968943817,p29_depth_conservative,board_all_median_floor,affine,affine_lmeds,1496,5.984659671783447,7.825484275817871,"[[0.964242690293037, 0.13137386244365368, -26.99199754875218], [-0.06631033534806513, 0.9894192701549352, 24.920322865264623]]",3.5,2.0,9,False,False,4.0,3,0.075,calibration/def_stereocalib_THERM.yml,calibration/def_thermalcam_ori.yml,640x480,broad_generalization_raw_only_selection,review,depth_conservative,False,v6,v9,support-v9,strict-selected,research,full,strict,all,15.850203904022747,6.240910172462463,1.4209396839141846,11.060880661010742,11.766864776611328,8.187897682189941,4.611776113510132,1.4644956588745117,7.759056568145752,11.216126441955566,8.103962898254395,6.432200014591217,9.901100277900696,575,3733,2015,2.6044091284275055,18.639338493347168,619,6740,2110,5552,0.018072916666666668,0.3672550432276657,1.0,1.0,0.22255580211460646,79.54943879890189,623,2118,2607,0.8402242466713384,0.4307496823379924,2110,0.0,0.7309798270893373,0.0,2.7730674743652344,0.0,0.9230769230769231,general,False,,False,depth/reflection/edge guard candidates are diagnostic-only by default,15.850203904022747,diagnostic_guard_block,0.0,0.0,0.0,0.2683102525714265,1.0299500831946755,0.8905999358357395,0.14011311531066895,0.19310009479522705,-0.34319233894348145,v6,strict,v6 adds strict raw/depth support-gated selection for v9; aligned metrics remain evaluation-only.,273_seq559,,,,,,
273_seq559,273,559,p29_reflection_guard,True,phase21_fixed_rgb_canvas,phase23_crop_plus_board_residual_transform,,"[296, 103]","[280, 115]","Phase29 candidate generated from calibration files, raw RGB/LWIR/depth, Phase24 board-affine geometry, Phase25 depth projection support, and raw-only scene reliability scoring. MM5 aligned images are evaluation-only.",1.0,0.9317578125,0.9317578125,0.8873290419578552,0.8768453598022461,1.0,1.047244343492575,1.1011758246235548,0.9641114473342896,2.874685287475586,0.9317578125,1.2221927225305709,1.8355292461408999,-0.4778284430503845,1.3829642534255981,0.9317578125,-0.3990150832293656,0.580740968943817,p29_reflection_guard,board_all_median_floor,affine,affine_lmeds,1496,5.984659671783447,7.825484275817871,"[[0.964242690293037, 0.13137386244365368, -26.99199754875218], [-0.06631033534806513, 0.9894192701549352, 24.920322865264623]]",3.5,2.0,9,False,False,4.5,3,0.055,calibration/def_stereocalib_THERM.yml,calibration/def_thermalcam_ori.yml,640x480,broad_generalization_raw_only_selection,review,reflection_guard,False,v6,v9,support-v9,strict-selected,research,full,strict,all,15.877001555688622,6.240910172462463,1.4209396839141846,11.060880661010742,11.766864776611328,8.187897682189941,4.611776113510132,1.4644956588745117,7.759056568145752,11.216126441955566,8.103962898254395,6.432200014591217,9.901100277900696,575,3733,2015,2.6044091284275055,18.639338493347168,619,6740,2110,5552,0.018072916666666668,0.3672550432276657,1.0,1.0,0.22255580211460646,79.54943879890189,623,2118,2639,0.8402242466713384,0.43641439205955335,2110,0.0,0.7309798270893373,0.0,2.7730674743652344,0.0,0.9230769230769231,general,False,,False,depth/reflection/edge guard candidates are diagnostic-only by default,15.877001555688622,diagnostic_guard_block,0.0,0.0,0.0,0.24151260090555127,1.0299500831946755,0.8905999358357395,0.14011311531066895,0.19310009479522705,-0.34319233894348145,v6,strict,v6 adds strict raw/depth support-gated selection for v9; aligned metrics remain evaluation-only.,273_seq559,,,,,,
273_seq559,273,559,p29_small_target_guard,True,phase21_fixed_rgb_canvas,phase23_crop_plus_board_residual_transform,,"[296, 103]","[280, 115]","Phase29 candidate generated from calibration files, raw RGB/LWIR/depth, Phase24 board-affine geometry, Phase25 depth projection support, and raw-only scene reliability scoring. MM5 aligned images are evaluation-only.",1.0,0.9317578125,0.9317578125,0.8873290419578552,0.8768453598022461,1.0,1.047244343492575,1.1011758246235548,0.9637992978096008,2.338860273361206,0.9317578125,1.2234486112979683,1.8245498341902309,-0.4851044714450836,1.444658875465393,0.9317578125,-0.4078869025434223,0.5725701476963576,p29_small_target_guard,board_all_median_floor,affine,affine_lmeds,1496,5.984659671783447,7.825484275817871,"[[0.964242690293037, 0.13137386244365368, -26.99199754875218], [-0.06631033534806513, 0.9894192701549352, 24.920322865264623]]",3.5,2.0,5,True,False,3.0,2,0.065,calibration/def_stereocalib_THERM.yml,calibration/def_thermalcam_ori.yml,640x480,broad_generalization_raw_only_selection,review,small_target_guard,False,v6,v9,support-v9,strict-selected,research,full,strict,all,15.794416360176562,6.354086697101593,1.3203541040420532,11.387819290161133,11.4898681640625,8.168773651123047,4.427931249141693,1.3276995420455933,7.528162956237793,11.469860076904297,7.987786293029785,6.288250029087067,10.062600255012512,701,4110,2040,2.941805511713028,18.88230037689209,711,7221,2118,6234,0.02029296875,0.3607635547000321,1.0,1.0,0.3393812818169952,80.57010987439602,851,1436,2576,0.8269959493009278,0.43037974683544306,2118,0.0,0.7569457811998719,0.0,2.7216781616210937,0.0,0.9230769230769231,general,False,,False,raw improvement 0.3241 is below 0.6500,16.01441636017656,small_target_guard_block,0.0,0.0,0.0,0.32409779641761105,1.183028286189684,1.0,0.32395797967910767,0.031600117683410645,-0.2300158143043518,v6,strict,v6 adds strict raw/depth support-gated selection for v9; aligned metrics remain evaluation-only.,273_seq559,,,,,,
273_seq559,273,559,p29_edge_contamination_guard,True,phase21_fixed_rgb_canvas,phase23_crop_plus_board_residual_transform,,"[296, 103]","[280, 115]","Phase29 candidate generated from calibration files, raw RGB/LWIR/depth, Phase24 board-affine geometry, Phase25 depth projection support, and raw-only scene reliability scoring. MM5 aligned images are evaluation-only.",1.0,0.9317578125,0.9317578125,0.8873290419578552,0.8768453598022461,1.0,1.047244343492575,1.1011758246235548,0.9641114473342896,2.874685287475586,0.9317578125,1.2221927225305709,1.8355292461408999,-0.4778284430503845,1.3829642534255981,0.9317578125,-0.3990150832293656,0.580740968943817,p29_edge_contamination_guard,board_all_median_floor,affine,affine_lmeds,1496,5.984659671783447,7.825484275817871,"[[0.964242690293037, 0.13137386244365368, -26.99199754875218], [-0.06631033534806513, 0.9894192701549352, 24.920322865264623]]",3.5,2.0,9,False,False,4.0,3,0.08,calibration/def_stereocalib_THERM.yml,calibration/def_thermalcam_ori.yml,640x480,broad_generalization_raw_only_selection,review,edge_contamination_guard,False,v6,v9,support-v9,strict-selected,research,full,strict,all,15.850203904022747,6.240910172462463,1.4209396839141846,11.060880661010742,11.766864776611328,8.187897682189941,4.611776113510132,1.4644956588745117,7.759056568145752,11.216126441955566,8.103962898254395,6.432200014591217,9.901100277900696,575,3733,2015,2.6044091284275055,18.639338493347168,619,6740,2110,5552,0.018072916666666668,0.3672550432276657,1.0,1.0,0.22255580211460646,79.54943879890189,623,2118,2607,0.8402242466713384,0.4307496823379924,2110,0.0,0.7309798270893373,0.0,2.7730674743652344,0.0,0.9230769230769231,general,False,,False,depth/reflection/edge guard candidates are diagnostic-only by default,15.850203904022747,diagnostic_guard_block,0.0,0.0,0.0,0.2683102525714265,1.0299500831946755,0.8905999358357395,0.14011311531066895,0.19310009479522705,-0.34319233894348145,v6,strict,v6 adds strict raw/depth support-gated selection for v9; aligned metrics remain evaluation-only.,273_seq559,,,,,,
273_seq559,273,559,p29_v9_support_gated,True,phase21_fixed_rgb_canvas,phase23_crop_plus_board_residual_transform,,"[296, 103]","[280, 115]","Phase29 candidate generated from calibration files, raw RGB/LWIR/depth, Phase24 board-affine geometry, Phase25 depth projection support, and raw-only scene reliability scoring. MM5 aligned images are evaluation-only.",1.0,0.9317578125,0.9317578125,0.8873290419578552,0.8768453598022461,1.0,1.047244343492575,1.1011758246235548,0.9454474449157715,1.1372162103652954,0.9317578125,1.188773715308551,1.6676637843664748,-0.41214415431022644,1.327665090560913,0.9317578125,-0.3386466026814828,0.5430902811473942,p29_v9_support_gated,board_all_median_floor,affine,affine_lmeds,1496,5.984659671783447,7.825484275817871,"[[0.964242690293037, 0.13137386244365368, -26.99199754875218], [-0.06631033534806513, 0.9894192701549352, 24.920322865264623]]",3.5,2.0,5,True,False,7.0,3,0.075,calibration/def_stereocalib_THERM.yml,calibration/def_thermalcam_ori.yml,640x480,broad_generalization_raw_only_selection,review,v9_support_gated,False,v6,v9,support-v9,strict-selected,research,full,strict,all,15.756238155121222,6.183964848518372,1.4031145572662354,10.964815139770508,11.305100440979004,8.019621849060059,4.487402319908142,1.4522626399993896,7.5225419998168945,11.333884239196777,8.056958198547363,6.351450026035309,9.918649792671204,609,3733,2015,2.6762249767780304,18.594401836395264,639,6740,2110,5552,0.018072916666666668,0.3672550432276657,1.0,1.0,0.32071531131706044,84.32207419317541,750,2118,2695,0.8332166363254446,0.4439097744360902,2110,0.0,0.7309798270893373,0.0,2.6764878273010253,0.0,0.9230769230769231,general,False,,False,v9 support-gated mode is reserved for reflection/background scenes,10.943689999999998,v9_reflection_block,0.0,0.0,0.0,0.36227600147295114,1.0632279534109816,0.8905999358357395,0.2644869089126587,0.17555058002471924,-0.40013766288757324,v6,strict,v6 adds strict raw/depth support-gated selection for v9; aligned metrics remain evaluation-only.,273_seq559,True,v9_support_gated,10569,76,,0.9317578125
273_seq559,273,559,p29_v9_support_gated_tight,True,phase21_fixed_rgb_canvas,phase23_crop_plus_board_residual_transform,,"[296, 103]","[280, 115]","Phase29 candidate generated from calibration files, raw RGB/LWIR/depth, Phase24 board-affine geometry, Phase25 depth projection support, and raw-only scene reliability scoring. MM5 aligned images are evaluation-only.",1.0,0.9317578125,0.9317578125,0.8873290419578552,0.8768453598022461,1.0,1.047244343492575,1.1011758246235548,0.9493225812911987,1.1013751029968262,0.9317578125,1.195120680487601,1.6827089987625543,-0.4231486916542053,1.3198007345199585,0.9317578125,-0.3512273157228245,0.532267868923337,p29_v9_support_gated_tight,board_all_median_floor,affine,affine_lmeds,1496,5.984659671783447,7.825484275817871,"[[0.964242690293037, 0.13137386244365368, -26.99199754875218], [-0.06631033534806513, 0.9894192701549352, 24.920322865264623]]",3.5,2.0,5,True,False,8.0,4,0.055,calibration/def_stereocalib_THERM.yml,calibration/def_thermalcam_ori.yml,640x480,broad_generalization_raw_only_selection,review,v9_support_gated_tight,False,v6,v9,support-v9,strict-selected,research,full,strict,all,15.631224784299187,6.065938234329224,1.3970961570739746,10.734780311584473,10.74830436706543,8.186800956726074,4.420175313949585,1.4216384887695312,7.418712139129639,10.841785430908203,8.183774948120117,6.2250500321388245,9.711499810218811,578,3384,1989,2.5736378729343414,18.789265155792236,599,6242,2104,4894,0.015930989583333333,0.3753575807110748,1.0,1.0,0.2692859939955619,99.3391439770123,585,2776,2700,0.8409125245505363,0.44283065512978986,2104,0.0,0.6985696771557011,0.0,2.5896388626098634,0.0,0.9230769230769231,general,False,,False,v9 support candidate mode is diagnostic-only unless a dedicated raw/depth gate allows it,10.84039,v9_mode_block,0.0,0.0,0.0,0.4872893722949865,0.9966722129783694,0.7850497273018928,0.3317139148712158,0.3827005624771118,-0.5181642770767212,v6,strict,v6 adds strict raw/depth support-gated selection for v9; aligned metrics remain evaluation-only.,273_seq559,True,v9_support_gated_tight,8239,73,,0.9317578125
273_seq559,273,559,p29_v9_target_only,True,phase21_fixed_rgb_canvas,phase23_crop_plus_board_residual_transform,,"[296, 103]","[280, 115]","Phase29 candidate generated from calibration files, raw RGB/LWIR/depth, Phase24 board-affine geometry, Phase25 depth projection support, and raw-only scene reliability scoring. MM5 aligned images are evaluation-only.",1.0,0.9317578125,0.9317578125,0.8873290419578552,0.8768453598022461,1.0,1.047244343492575,1.1011758246235548,0.9575670957565308,1.3594253063201904,0.9317578125,1.198140739063196,1.658201300963909,-0.494070827960968,1.438843846321106,0.9317578125,-0.42481859568890795,0.5192353023332448,p29_v9_target_only,board_all_median_floor,affine,affine_lmeds,1496,5.984659671783447,7.825484275817871,"[[0.964242690293037, 0.13137386244365368, -26.99199754875218], [-0.06631033534806513, 0.9894192701549352, 24.920322865264623]]",3.5,2.0,5,True,False,8.0,4,0.045,calibration/def_stereocalib_THERM.yml,calibration/def_thermalcam_ori.yml,640x480,broad_generalization_raw_only_selection,review,v9_target_only,False,v6,v9,support-v9,strict-selected,research,full,strict,all,15.503888127551798,5.979088842868805,1.6050463914871216,10.353131294250488,10.49184513092041,6.861210823059082,4.417028903961182,1.6001224517822266,7.233935356140137,10.286428451538086,6.753045082092285,6.144300043582916,9.757149934768677,581,3384,1989,2.5013474225997925,19.089450359344482,596,6242,2104,4894,0.015930989583333333,0.3753575807110748,1.0,1.0,0.5568463647043467,99.3413471540472,2314,2776,2766,0.8415111378687538,0.44499381953028433,2104,0.0,0.6985696771557011,0.0,2.4374289894104004,0.0,0.9230769230769231,general,True,selector v6 selected v9_support_gated via v9_weak_target_only; raw_score delta -0.6146; adjusted score 1.7722; selection used raw RGB/LWIR/depth support gates only,True,,1.77223,v9_weak_target_only,0.0,0.0,0.0,0.6146260290423751,0.9916805324459235,0.7850497273018928,0.33486032485961914,0.3370504379272461,-0.6050136685371399,v6,strict,v6 adds strict raw/depth support-gated selection for v9; aligned metrics remain evaluation-only.,273_seq559,True,v9_target_only,2023,68,,0.9317578125
273_seq559,273,559,p29_v9_depth_thermal,True,phase21_fixed_rgb_canvas,phase23_crop_plus_board_residual_transform,,"[296, 103]","[280, 115]","Phase29 candidate generated from calibration files, raw RGB/LWIR/depth, Phase24 board-affine geometry, Phase25 depth projection support, and raw-only scene reliability scoring. MM5 aligned images are evaluation-only.",1.0,0.9317578125,0.9317578125,0.8873290419578552,0.8768453598022461,1.0,1.047244343492575,1.1011758246235548,0.946928858757019,1.1180393695831299,0.9317578125,1.192044749979851,1.6788275162688713,-0.41699036955833435,1.270244836807251,0.9317578125,-0.3439741217716708,0.5375847787167135,p29_v9_depth_thermal,board_all_median_floor,affine,affine_lmeds,1496,5.984659671783447,7.825484275817871,"[[0.964242690293037, 0.13137386244365368, -26.99199754875218], [-0.06631033534806513, 0.9894192701549352, 24.920322865264623]]",3.5,2.0,5,True,False,7.0,3,0.065,calibration/def_stereocalib_THERM.yml,calibration/def_thermalcam_ori.yml,640x480,broad_generalization_raw_only_selection,review,v9_depth_thermal,False,v6,v9,support-v9,strict-selected,research,full,strict,all,15.738718574276147,6.213211357593536,1.3768898248672485,11.049532890319824,11.042380332946777,7.984500885009766,4.478700578212738,1.4214414358139038,7.535959720611572,11.129454612731934,8.025510787963867,6.250323832035065,9.918649792671204,602,3733,2015,2.7141732275485992,18.732028007507324,632,6740,2110,5552,0.018072916666666668,0.3672550432276657,1.0,1.0,0.3335073750163164,90.25173525378413,678,2118,2707,0.8326090004205804,0.4439097744360902,2110,0.0,0.7309798270893373,0.0,2.626388530731201,0.0,0.9230769230769231,general,False,,False,v9 depth-thermal mode is reserved for double-edge mismatch scenes,10.921479999999999,v9_depth_thermal_block,0.0,0.0,0.0,0.37979558231802635,1.0515806988352745,0.8905999358357395,0.27318865060806274,0.17555058002471924,-0.37089115381240845,v6,strict,v6 adds strict raw/depth support-gated selection for v9; aligned metrics remain evaluation-only.,273_seq559,True,v9_depth_thermal,9748,75,,0.9317578125
273_seq559,273,559,p29_v9_target_silhouette,True,phase21_fixed_rgb_canvas,phase23_crop_plus_board_residual_transform,,"[296, 103]","[280, 115]","Phase29 candidate generated from calibration files, raw RGB/LWIR/depth, Phase24 board-affine geometry, Phase25 depth projection support, and raw-only scene reliability scoring. MM5 aligned images are evaluation-only.",1.0,0.9317578125,0.9317578125,0.8873290419578552,0.8768453598022461,1.0,1.047244343492575,1.1011758246235548,0.9503324031829834,1.1536966562271118,0.9317578125,1.1908035982028717,1.6492891663816729,-0.5068575739860535,1.2541790008544922,0.9317578125,-0.43576835457565,0.5240952894368696,p29_v9_target_silhouette,board_all_median_floor,affine,affine_lmeds,1496,5.984659671783447,7.825484275817871,"[[0.964242690293037, 0.13137386244365368, -26.99199754875218], [-0.06631033534806513, 0.9894192701549352, 24.920322865264623]]",3.5,2.0,5,True,False,7.0,3,0.045,calibration/def_stereocalib_THERM.yml,calibration/def_thermalcam_ori.yml,640x480,broad_generalization_raw_only_selection,review,v9_target_silhouette,False,v6,v9,support-v9,strict-selected,research,full,strict,all,25.90720311613772,15.770983099937439,2.469067335128784,29.072898864746094,11.00190258026123,28.166763305664062,15.16028916835785,2.469067335128784,27.851511001586914,11.00190258026123,28.508617401123047,22.881368279457092,38.745599031448364,250,3733,2015,8.797093689441681,50.50790500640869,250,6740,2110,5552,0.018072916666666668,0.3672550432276657,1.0,1.0,0.2682417438976635,86.14644874173607,557,2118,2804,0.9442035270309338,0.4306766917293233,2110,0.0,0.7309798270893373,0.0,2.9403424644470215,0.0,0.9230769230769231,general,False,,False,v9 silhouette blocked because baseline thermal target is too small,10.08023,v9_silhouette_block,0.0,0.0,0.0,-9.788688959543546,0.415973377703827,0.8905999358357395,-10.408399939537048,-28.65139865875244,9.186880588531494,v6,strict,v6 adds strict raw/depth support-gated selection for v9; aligned metrics remain evaluation-only.,273_seq559,True,v9_target_silhouette,2023,68,76.0,0.9317578125
273_seq559,273,559,p29_raw_shift_dx2p5_dy1p0_fill,True,phase21_fixed_rgb_canvas,phase23_crop_plus_board_residual_transform,,"[296, 103]","[280, 115]","Phase29 candidate generated from calibration files, raw RGB/LWIR/depth, Phase24 board-affine geometry, Phase25 depth projection support, and raw-only scene reliability scoring. MM5 aligned images are evaluation-only.",1.0,0.9331673177083334,0.9331673177083334,0.8873290419578552,0.8768453598022461,1.0,1.047244343492575,1.1011758246235548,0.959313154220581,2.1948301792144775,0.9331673177083334,1.2242433125888048,1.8539942629567379,-0.47607657313346863,1.4385277032852173,0.9331673177083334,-0.39688534065488074,0.5854826579886615,p29_raw_shift_dx2p5_dy1p0_fill,board_all_median_floor,affine,affine_lmeds,1496,5.984659671783447,7.825484275817871,"[[0.964242690293037, 0.13137386244365368, -26.99199754875218], [-0.06631033534806513, 0.9894192701549352, 24.920322865264623]]",2.5,1.0,9,True,False,3.0,2,0.1,calibration/def_stereocalib_THERM.yml,calibration/def_thermalcam_ori.yml,640x480,broad_generalization_raw_only_selection,review,raw_shift_local,False,v6,v9,support-v9,strict-selected,research,full,strict,all,16.181564398158358,6.643782377243042,1.5180878639221191,11.769476890563965,11.349065780639648,8.723034858703613,4.774730861186981,1.5439170598983765,8.005544662475586,11.254805564880371,8.399846076965332,6.621800005435944,10.441799879074097,608,4110,2035,2.979501485824585,18.54875135421753,626,7221,2144,6234,0.02029296875,0.3607635547000321,1.0,1.0,0.22020623939433495,79.69793685209174,599,1436,2605,0.8547244094488189,0.4278481012658228,2144,0.0,0.7569457811998719,0.0,2.740674629211426,0.0,0.9230769230769231,general,False,,False,raw improvement -0.0631 is below 0.6000,16.28156439815836,generic_block,-1.0,-1.0,2.0,-0.06305024156418426,1.0415973377703827,1.0,-0.02284163236618042,-0.34759950637817383,0.05967986583709717,v6,strict,v6 adds strict raw/depth support-gated selection for v9; aligned metrics remain evaluation-only.,273_seq559,,,,,,
273_seq559,273,559,p29_raw_shift_dx3p5_dy1p0_fill,True,phase21_fixed_rgb_canvas,phase23_crop_plus_board_residual_transform,,"[296, 103]","[280, 115]","Phase29 candidate generated from calibration files, raw RGB/LWIR/depth, Phase24 board-affine geometry, Phase25 depth projection support, and raw-only scene reliability scoring. MM5 aligned images are evaluation-only.",1.0,0.9327799479166666,0.9327799479166666,0.8873290419578552,0.8768453598022461,1.0,1.047244343492575,1.1011758246235548,0.9626070261001587,2.025296211242676,0.9327799479166666,1.2251519975552758,1.8313116581504874,-0.4783566892147064,1.4343183040618896,0.9327799479166666,-0.39908725158086267,0.5858356497214338,p29_raw_shift_dx3p5_dy1p0_fill,board_all_median_floor,affine,affine_lmeds,1496,5.984659671783447,7.825484275817871,"[[0.964242690293037, 0.13137386244365368, -26.99199754875218], [-0.06631033534806513, 0.9894192701549352, 24.920322865264623]]",3.5,1.0,9,True,False,3.0,2,0.1,calibration/def_stereocalib_THERM.yml,calibration/def_thermalcam_ori.yml,640x480,broad_generalization_raw_only_selection,review,raw_shift_local,False,v6,v9,support-v9,strict-selected,research,full,strict,all,15.94376321492214,6.55141407251358,1.4436999559402466,11.659128189086914,10.79887580871582,8.03653621673584,4.683770060539246,1.474679708480835,7.892860412597656,10.677721977233887,7.851771831512451,6.432200014591217,10.029253125190735,587,4110,2040,2.8749572932720184,18.071251392364502,605,7221,2118,6234,0.02029296875,0.3607635547000321,1.0,1.0,0.2438323978592873,77.305710595616,697,1436,2617,0.8572366692934069,0.42848101265822786,2118,0.0,0.7569457811998719,0.0,2.586720542907715,0.0,0.9230769230769231,general,False,,False,raw improvement 0.1748 is below 0.6000,15.99376321492214,generic_block,0.0,-1.0,1.0,0.1747509416720341,1.0066555740432612,1.0,0.06811916828155518,0.06494724750518799,-0.0326884388923645,v6,strict,v6 adds strict raw/depth support-gated selection for v9; aligned metrics remain evaluation-only.,273_seq559,,,,,,
273_seq559,273,559,p29_raw_shift_dx4p5_dy1p0_fill,True,phase21_fixed_rgb_canvas,phase23_crop_plus_board_residual_transform,,"[296, 103]","[280, 115]","Phase29 candidate generated from calibration files, raw RGB/LWIR/depth, Phase24 board-affine geometry, Phase25 depth projection support, and raw-only scene reliability scoring. MM5 aligned images are evaluation-only.",1.0,0.9323665364583333,0.9323665364583333,0.8873290419578552,0.8768453598022461,1.0,1.047244343492575,1.1011758246235548,0.9622563123703003,1.878564715385437,0.9323665364583333,1.220650382616471,1.7977697235898877,-0.47584712505340576,1.4829274415969849,0.9323665364583333,-0.3969929097344073,0.5850118664572024,p29_raw_shift_dx4p5_dy1p0_fill,board_all_median_floor,affine,affine_lmeds,1496,5.984659671783447,7.825484275817871,"[[0.964242690293037, 0.13137386244365368, -26.99199754875218], [-0.06631033534806513, 0.9894192701549352, 24.920322865264623]]",4.5,1.0,9,True,False,3.0,2,0.1,calibration/def_stereocalib_THERM.yml,calibration/def_thermalcam_ori.yml,640x480,broad_generalization_raw_only_selection,review,raw_shift_local,False,v6,v9,support-v9,strict-selected,research,full,strict,all,15.760875333163131,6.473054528236389,1.4189226627349854,11.527186393737793,10.489392280578613,7.5927300453186035,4.595237553119659,1.451757550239563,7.738717555999756,10.347536087036133,7.378141403198242,6.2250500321388245,9.860008358955383,567,4110,2040,2.8428190648555756,17.86410140991211,586,7221,2118,6234,0.02029296875,0.3607635547000321,1.0,1.0,0.26302049340817124,77.37559596676485,802,1436,2593,0.8565428533928338,0.4278481012658228,2118,0.0,0.7569457811998719,0.0,2.4955090141296385,0.0,0.9230769230769231,general,False,,False,raw improvement 0.3576 is below 0.6000,15.860875333163131,generic_block,1.0,-1.0,2.0,0.35763882343104214,0.9750415973377704,1.0,0.15665167570114136,0.23419201374053955,-0.11104798316955566,v6,strict,v6 adds strict raw/depth support-gated selection for v9; aligned metrics remain evaluation-only.,273_seq559,,,,,,
273_seq559,273,559,p29_raw_shift_dx2p5_dy2p0_fill,True,phase21_fixed_rgb_canvas,phase23_crop_plus_board_residual_transform,,"[296, 103]","[280, 115]","Phase29 candidate generated from calibration files, raw RGB/LWIR/depth, Phase24 board-affine geometry, Phase25 depth projection support, and raw-only scene reliability scoring. MM5 aligned images are evaluation-only.",1.0,0.9321451822916667,0.9321451822916667,0.8873290419578552,0.8768453598022461,1.0,1.047244343492575,1.1011758246235548,0.9612120985984802,2.380842685699463,0.9321451822916667,1.2264780227253096,1.8636732016068407,-0.48143547773361206,1.4145491123199463,0.9321451822916667,-0.4022562111557237,0.5844437416787205,p29_raw_shift_dx2p5_dy2p0_fill,board_all_median_floor,affine,affine_lmeds,1496,5.984659671783447,7.825484275817871,"[[0.964242690293037, 0.13137386244365368, -26.99199754875218], [-0.06631033534806513, 0.9894192701549352, 24.920322865264623]]",2.5,2.0,9,True,False,3.0,2,0.1,calibration/def_stereocalib_THERM.yml,calibration/def_thermalcam_ori.yml,640x480,broad_generalization_raw_only_selection,review,raw_shift_local,False,v6,v9,support-v9,strict-selected,research,full,strict,all,16.396531166061273,6.817126929759979,1.5592511892318726,12.075002670288086,11.254698753356934,8.908084869384766,4.923710823059082,1.5966262817382812,8.250795364379883,10.921889305114746,8.574811935424805,6.828949987888336,10.810449838638306,571,4110,2035,3.0960285663604736,18.963051795959473,594,7221,2144,6234,0.02029296875,0.3607635547000321,1.0,1.0,0.2219031458034199,79.65400101380794,622,1436,2666,0.8615971582686489,0.4186708860759494,2144,0.0,0.7569457811998719,0.0,2.7384925651550294,0.0,0.9230769230769231,general,False,,False,raw improvement -0.2780 is below 0.6000,16.446531166061273,generic_block,-1.0,0.0,1.0,-0.2780170094670993,0.9883527454242929,1.0,-0.17182159423828125,-0.7162494659423828,0.23302441835403442,v6,strict,v6 adds strict raw/depth support-gated selection for v9; aligned metrics remain evaluation-only.,273_seq559,,,,,,
273_seq559,273,559,p29_raw_shift_dx4p5_dy2p0_fill,True,phase21_fixed_rgb_canvas,phase23_crop_plus_board_residual_transform,,"[296, 103]","[280, 115]","Phase29 candidate generated from calibration files, raw RGB/LWIR/depth, Phase24 board-affine geometry, Phase25 depth projection support, and raw-only scene reliability scoring. MM5 aligned images are evaluation-only.",1.0,0.9313444010416667,0.9313444010416667,0.8873290419578552,0.8768453598022461,1.0,1.047244343492575,1.1011758246235548,0.9644554257392883,2.0598533153533936,0.9313444010416667,1.2223424398074794,1.801640893068744,-0.4817790985107422,1.4942773580551147,0.9313444010416667,-0.4033061623678926,0.5829240019412019,p29_raw_shift_dx4p5_dy2p0_fill,board_all_median_floor,affine,affine_lmeds,1496,5.984659671783447,7.825484275817871,"[[0.964242690293037, 0.13137386244365368, -26.99199754875218], [-0.06631033534806513, 0.9894192701549352, 24.920322865264623]]",4.5,2.0,9,True,False,3.0,2,0.1,calibration/def_stereocalib_THERM.yml,calibration/def_thermalcam_ori.yml,640x480,broad_generalization_raw_only_selection,review,raw_shift_local,False,v6,v9,support-v9,strict-selected,research,full,strict,all,15.979161454181504,6.503168761730194,1.3906739950180054,11.615663528442383,11.377274513244629,7.8028717041015625,4.637420237064362,1.4248625040054321,7.849977970123291,11.054730415344238,7.590620040893555,6.414650022983551,9.964300274848938,571,4110,2040,2.856823593378067,18.324052333831787,595,7221,2118,6234,0.02029296875,0.3607635547000321,1.0,1.0,0.24918417961101683,78.06702827686387,734,1436,2621,0.8555847568988173,0.4268987341772152,2118,0.0,0.7569457811998719,0.0,2.6721391487121586,0.0,0.9230769230769231,general,False,,False,raw improvement 0.1394 is below 0.6000,16.029161454181505,generic_block,1.0,0.0,1.0,0.13935270241266906,0.9900166389351082,1.0,0.11446899175643921,0.12990009784698486,-0.08093374967575073,v6,strict,v6 adds strict raw/depth support-gated selection for v9; aligned metrics remain evaluation-only.,273_seq559,,,,,,
273_seq559,273,559,p29_raw_shift_dx2p5_dy3p0_fill,True,phase21_fixed_rgb_canvas,phase23_crop_plus_board_residual_transform,,"[296, 103]","[280, 115]","Phase29 candidate generated from calibration files, raw RGB/LWIR/depth, Phase24 board-affine geometry, Phase25 depth projection support, and raw-only scene reliability scoring. MM5 aligned images are evaluation-only.",1.0,0.9310774739583333,0.9310774739583333,0.8873290419578552,0.8768453598022461,1.0,1.047244343492575,1.1011758246235548,0.9591904878616333,2.665907859802246,0.9310774739583333,1.2177391128111192,1.8302938140553306,-0.484266072511673,1.445109486579895,0.9310774739583333,-0.40545491546761153,0.583212093090272,p29_raw_shift_dx2p5_dy3p0_fill,board_all_median_floor,affine,affine_lmeds,1496,5.984659671783447,7.825484275817871,"[[0.964242690293037, 0.13137386244365368, -26.99199754875218], [-0.06631033534806513, 0.9894192701549352, 24.920322865264623]]",2.5,3.0,9,True,False,3.0,2,0.1,calibration/def_stereocalib_THERM.yml,calibration/def_thermalcam_ori.yml,640x480,broad_generalization_raw_only_selection,review,raw_shift_local,False,v6,v9,support-v9,strict-selected,research,full,strict,all,16.55595412175671,6.861976861953735,1.5652413368225098,12.158712387084961,11.892318725585938,9.141865730285645,5.038621604442596,1.6198714971542358,8.457371711730957,11.434793472290039,8.805399894714355,6.972899973392487,10.931939125061035,559,4110,2035,3.0563400387763977,19.61259937286377,591,7221,2144,6234,0.02029296875,0.3607635547000321,1.0,1.0,0.2192925205586738,80.81140219625144,589,1436,2649,0.8603668998284282,0.4151898734177215,2144,0.0,0.7569457811998719,0.0,2.8719666290283206,0.0,0.9230769230769231,general,False,,False,raw improvement -0.4374 is below 0.6000,16.65595412175671,generic_block,-1.0,1.0,2.0,-0.437439965162536,0.9833610648918469,1.0,-0.28673237562179565,-0.8377387523651123,0.2778743505477905,v6,strict,v6 adds strict raw/depth support-gated selection for v9; aligned metrics remain evaluation-only.,273_seq559,,,,,,
273_seq559,273,559,p29_raw_shift_dx3p5_dy3p0_fill,True,phase21_fixed_rgb_canvas,phase23_crop_plus_board_residual_transform,,"[296, 103]","[280, 115]","Phase29 candidate generated from calibration files, raw RGB/LWIR/depth, Phase24 board-affine geometry, Phase25 depth projection support, and raw-only scene reliability scoring. MM5 aligned images are evaluation-only.",1.0,0.9306901041666666,0.9306901041666666,0.8873290419578552,0.8768453598022461,1.0,1.047244343492575,1.1011758246235548,0.9628004431724548,2.3706557750701904,0.9306901041666666,1.2202847866101705,1.8113885205875793,-0.48692309856414795,1.4845004081726074,0.9306901041666666,-0.40849221610302294,0.5822525660677378,p29_raw_shift_dx3p5_dy3p0_fill,board_all_median_floor,affine,affine_lmeds,1496,5.984659671783447,7.825484275817871,"[[0.964242690293037, 0.13137386244365368, -26.99199754875218], [-0.06631033534806513, 0.9894192701549352, 24.920322865264623]]",3.5,3.0,9,True,False,3.0,2,0.1,calibration/def_stereocalib_THERM.yml,calibration/def_thermalcam_ori.yml,640x480,broad_generalization_raw_only_selection,review,raw_shift_local,False,v6,v9,support-v9,strict-selected,research,full,strict,all,16.396924428406056,6.77882194519043,1.486222267150879,12.07142162322998,11.829357147216797,8.457695960998535,4.874632894992828,1.514668583869934,8.234597206115723,11.38292121887207,8.280457496643066,6.828949987888336,10.396149754524231,573,4110,2040,3.003226488828659,19.347158908843994,601,7221,2118,6234,0.02029296875,0.3607635547000321,1.0,1.0,0.21968411434538573,79.91916402931093,601,1436,2644,0.8575003292506256,0.4224683544303797,2118,0.0,0.7569457811998719,0.0,2.805899963378906,0.0,0.9230769230769231,general,False,,False,raw improvement -0.2784 is below 0.6000,16.446924428406057,generic_block,0.0,1.0,1.0,-0.2784102718118824,1.0,1.0,-0.12274366617202759,-0.3019493818283081,0.19471943378448486,v6,strict,v6 adds strict raw/depth support-gated selection for v9; aligned metrics remain evaluation-only.,273_seq559,,,,,,
273_seq559,273,559,p29_raw_shift_dx4p5_dy3p0_fill,True,phase21_fixed_rgb_canvas,phase23_crop_plus_board_residual_transform,,"[296, 103]","[280, 115]","Phase29 candidate generated from calibration files, raw RGB/LWIR/depth, Phase24 board-affine geometry, Phase25 depth projection support, and raw-only scene reliability scoring. MM5 aligned images are evaluation-only.",1.0,0.9302766927083334,0.9302766927083334,0.8873290419578552,0.8768453598022461,1.0,1.047244343492575,1.1011758246235548,0.9625036120414734,2.2555882930755615,0.9302766927083334,1.2156403873856698,1.7778020340176646,-0.4854002892971039,1.4937978982925415,0.9302766927083334,-0.4071516121009145,0.5814097639062976,p29_raw_shift_dx4p5_dy3p0_fill,board_all_median_floor,affine,affine_lmeds,1496,5.984659671783447,7.825484275817871,"[[0.964242690293037, 0.13137386244365368, -26.99199754875218], [-0.06631033534806513, 0.9894192701549352, 24.920322865264623]]",4.5,3.0,9,True,False,3.0,2,0.1,calibration/def_stereocalib_THERM.yml,calibration/def_thermalcam_ori.yml,640x480,broad_generalization_raw_only_selection,review,raw_shift_local,False,v6,v9,support-v9,strict-selected,research,full,strict,all,16.107090431327027,6.580379605293274,1.340139627456665,11.820619583129883,11.54384994506836,8.03011417388916,4.6920205950737,1.3500512838363647,8.033989906311035,11.087665557861328,7.824646949768066,6.621800005435944,10.062600255012512,576,4110,2040,2.904009073972702,18.920218467712402,602,7221,2118,6234,0.02029296875,0.3607635547000321,1.0,1.0,0.2507505547578645,77.92224502941154,753,1436,2635,0.8537293729372938,0.42468354430379746,2118,0.0,0.7569457811998719,0.0,2.720302124023437,0.0,0.9230769230769231,general,False,,False,raw improvement 0.0114 is below 0.6000,16.20709043132703,generic_block,1.0,1.0,2.0,0.011423725267146523,1.0016638935108153,1.0,0.05986863374710083,0.031600117683410645,-0.0037229061126708984,v6,strict,v6 adds strict raw/depth support-gated selection for v9; aligned metrics remain evaluation-only.,273_seq559,,,,,,
273_seq559,273,559,p29_raw_shift_dx3p0_dy2p0_fill,True,phase21_fixed_rgb_canvas,phase23_crop_plus_board_residual_transform,,"[296, 103]","[280, 115]","Phase29 candidate generated from calibration files, raw RGB/LWIR/depth, Phase24 board-affine geometry, Phase25 depth projection support, and raw-only scene reliability scoring. MM5 aligned images are evaluation-only.",1.0,0.9317578125,0.9317578125,0.8873290419578552,0.8768453598022461,1.0,1.047244343492575,1.1011758246235548,0.9633209109306335,2.309622287750244,0.9317578125,1.2267844224866624,1.848808301883536,-0.48025551438331604,1.5463128089904785,0.9317578125,-0.4017041500223053,0.5855282747663575,p29_raw_shift_dx3p0_dy2p0_fill,board_all_median_floor,affine,affine_lmeds,1496,5.984659671783447,7.825484275817871,"[[0.964242690293037, 0.13137386244365368, -26.99199754875218], [-0.06631033534806513, 0.9894192701549352, 24.920322865264623]]",3.0,2.0,9,True,False,3.0,2,0.1,calibration/def_stereocalib_THERM.yml,calibration/def_thermalcam_ori.yml,640x480,broad_generalization_raw_only_selection,review,raw_shift_local,False,v6,v9,support-v9,strict-selected,research,full,strict,all,16.04136461556415,6.5773391127586365,1.4597758054733276,11.694902420043945,11.076125144958496,8.385684967041016,4.7266844511032104,1.4792735576629639,7.974095344543457,10.736804008483887,8.220144271850586,6.685000002384186,10.130358815193176,590,4110,2040,2.88324436545372,18.681467533111572,614,7221,2118,6234,0.02029296875,0.3607635547000321,1.0,1.0,0.2550580864116956,78.40245519963825,786,1436,2635,0.8511505588428665,0.42278481012658226,2118,0.0,0.7569457811998719,0.0,2.6645573234558104,0.0,0.9230769230769231,general,False,,False,raw improvement 0.0771 is below 0.6000,16.066364615564147,generic_block,-0.5,0.0,0.5,0.0771495410300247,1.021630615640599,1.0,0.025204777717590332,-0.03615844249725342,-0.00676339864730835,v6,strict,v6 adds strict raw/depth support-gated selection for v9; aligned metrics remain evaluation-only.,273_seq559,,,,,,
273_seq559,273,559,p29_raw_shift_dx4p0_dy2p0_fill,True,phase21_fixed_rgb_canvas,phase23_crop_plus_board_residual_transform,,"[296, 103]","[280, 115]","Phase29 candidate generated from calibration files, raw RGB/LWIR/depth, Phase24 board-affine geometry, Phase25 depth projection support, and raw-only scene reliability scoring. MM5 aligned images are evaluation-only.",1.0,0.9313444010416667,0.9313444010416667,0.8873290419578552,0.8768453598022461,1.0,1.047244343492575,1.1011758246235548,0.9649603962898254,2.318173885345459,0.9313444010416667,1.2236072764382782,1.8170394897368367,-0.4809510409832001,1.5418000221252441,0.9313444010416667,-0.4024756696800073,0.5848411429062949,p29_raw_shift_dx4p0_dy2p0_fill,board_all_median_floor,affine,affine_lmeds,1496,5.984659671783447,7.825484275817871,"[[0.964242690293037, 0.13137386244365368, -26.99199754875218], [-0.06631033534806513, 0.9894192701549352, 24.920322865264623]]",4.0,2.0,9,True,False,3.0,2,0.1,calibration/def_stereocalib_THERM.yml,calibration/def_thermalcam_ori.yml,640x480,broad_generalization_raw_only_selection,review,raw_shift_local,False,v6,v9,support-v9,strict-selected,research,full,strict,all,16.001376334404522,6.567952752113342,1.3965990543365479,11.739306449890137,11.084574699401855,7.935047149658203,4.621753990650177,1.4280215501785278,7.815486431121826,10.810338973999023,7.742878437042236,6.432200014591217,10.045049786567688,610,4110,2040,2.9574612081050873,18.469754695892334,631,7221,2118,6234,0.02029296875,0.3607635547000321,1.0,1.0,0.25453596136274637,78.33141579075183,778,1436,2632,0.8505053156582228,0.4291139240506329,2118,0.0,0.7569457811998719,0.0,2.63002721786499,0.0,0.9230769230769231,general,False,,False,raw improvement 0.1171 is below 0.6000,16.02637633440452,generic_block,0.5,0.0,0.5,0.11713782218965108,1.0499168053244592,1.0,0.13013523817062378,0.04915058612823486,-0.01614975929260254,v6,strict,v6 adds strict raw/depth support-gated selection for v9; aligned metrics remain evaluation-only.,273_seq559,,,,,,
273_seq559,273,559,p29_raw_shift_dx3p5_dy1p5_fill,True,phase21_fixed_rgb_canvas,phase23_crop_plus_board_residual_transform,,"[296, 103]","[280, 115]","Phase29 candidate generated from calibration files, raw RGB/LWIR/depth, Phase24 board-affine geometry, Phase25 depth projection support, and raw-only scene reliability scoring. MM5 aligned images are evaluation-only.",1.0,0.9327799479166666,0.9327799479166666,0.8873290419578552,0.8768453598022461,1.0,1.047244343492575,1.1011758246235548,0.9644820690155029,2.13342547416687,0.9327799479166666,1.2273065963894596,1.8375005347930524,-0.48356813192367554,1.5163993835449219,0.9327799479166666,-0.40477625773338666,0.5859351366103895,p29_raw_shift_dx3p5_dy1p5_fill,board_all_median_floor,affine,affine_lmeds,1496,5.984659671783447,7.825484275817871,"[[0.964242690293037, 0.13137386244365368, -26.99199754875218], [-0.06631033534806513, 0.9894192701549352, 24.920322865264623]]",3.5,1.5,9,True,False,3.0,2,0.1,calibration/def_stereocalib_THERM.yml,calibration/def_thermalcam_ori.yml,640x480,broad_generalization_raw_only_selection,review,raw_shift_local,False,v6,v9,support-v9,strict-selected,research,full,strict,all,15.98029764180287,6.597549080848694,1.4286224842071533,11.766475677490234,10.832725524902344,8.137042045593262,4.659928858280182,1.442001461982727,7.877856254577637,10.791915893554688,7.949850082397461,6.432200014591217,10.125800251960754,572,4110,2040,2.9690702855587006,18.116901397705078,585,7221,2118,6234,0.02029296875,0.3607635547000321,1.0,1.0,0.23756689727189662,78.01452754447614,657,1436,2598,0.8560516264980903,0.4221518987341772,2118,0.0,0.7569457811998719,0.0,2.600853958129883,0.0,0.9230769230769231,general,False,,False,raw improvement 0.1382 is below 0.6000,16.00529764180287,generic_block,0.0,-0.5,0.5,0.1382165147913028,0.9733777038269551,1.0,0.0919603705406189,-0.03159987926483154,0.013446569442749023,v6,strict,v6 adds strict raw/depth support-gated selection for v9; aligned metrics remain evaluation-only.,273_seq559,,,,,,
273_seq559,273,559,p29_raw_shift_dx3p5_dy2p5_fill,True,phase21_fixed_rgb_canvas,phase23_crop_plus_board_residual_transform,,"[296, 103]","[280, 115]","Phase29 candidate generated from calibration files, raw RGB/LWIR/depth, Phase24 board-affine geometry, Phase25 depth projection support, and raw-only scene reliability scoring. MM5 aligned images are evaluation-only.",1.0,0.9317578125,0.9317578125,0.8873290419578552,0.8768453598022461,1.0,1.047244343492575,1.1011758246235548,0.9645857214927673,2.6441688537597656,0.9317578125,1.2229945733425653,1.8284924331490442,-0.48710066080093384,1.4272634983062744,0.9317578125,-0.40808827005315695,0.583839811584097,p29_raw_shift_dx3p5_dy2p5_fill,board_all_median_floor,affine,affine_lmeds,1496,5.984659671783447,7.825484275817871,"[[0.964242690293037, 0.13137386244365368, -26.99199754875218], [-0.06631033534806513, 0.9894192701549352, 24.920322865264623]]",3.5,2.5,9,True,False,3.0,2,0.1,calibration/def_stereocalib_THERM.yml,calibration/def_thermalcam_ori.yml,640x480,broad_generalization_raw_only_selection,review,raw_shift_local,False,v6,v9,support-v9,strict-selected,research,full,strict,all,16.127295225946725,6.650946259498596,1.421051263809204,11.880841255187988,11.243003845214844,8.312112808227539,4.746868908405304,1.4343191385269165,8.059418678283691,11.180222511291504,8.128568649291992,6.685000002384186,10.234649777412415,575,4110,2040,2.962739795446396,18.812081336975098,587,7221,2118,6234,0.02029296875,0.3607635547000321,1.0,1.0,0.24187442892572772,78.06964476277534,687,1436,2599,0.8567852437417655,0.4240506329113924,2118,0.0,0.7569457811998719,0.0,2.688709716796875,0.0,0.9230769230769231,general,False,,False,raw improvement -0.0088 is below 0.6000,16.152295225946723,generic_block,0.0,0.5,0.5,-0.008781069352551185,0.9767054908485857,1.0,0.005020320415496826,-0.1404494047164917,0.06684374809265137,v6,strict,v6 adds strict raw/depth support-gated selection for v9; aligned metrics remain evaluation-only.,273_seq559,,,,,,
291_seq577,291,577,p29_baseline,True,phase21_fixed_rgb_canvas,phase24_affine_lwir_subpixel_shift_depth_fill_then_morph_close,,"[296, 103]","[280, 115]","Phase29 candidate generated from calibration files, raw RGB/LWIR/depth, Phase24 board-affine geometry, Phase25 depth projection support, and raw-only scene reliability scoring. MM5 aligned images are evaluation-only.",1.0,0.9317578125,0.9317578125,0.8466456532478333,0.882485032081604,1.0,0.9957985362412535,1.029651954572732,0.918829083442688,2.715479612350464,0.9317578125,1.1163124793372912,1.4251751571247064,-0.3527977466583252,1.2940860986709595,0.9317578125,-0.2882418403039078,0.4821361529762874,p29_baseline,board_all_median_floor,affine,affine_lmeds,1496,5.984659671783447,7.825484275817871,"[[0.964242690293037, 0.13137386244365368, -26.99199754875218], [-0.06631033534806513, 0.9894192701549352, 24.920322865264623]]",3.5,2.0,9,True,False,3.0,2,0.1,calibration/def_stereocalib_THERM.yml,calibration/def_thermalcam_ori.yml,640x480,broad_generalization_raw_only_selection,review,baseline,False,v6,v9,support-v9,strict-selected,research,full,strict,all,19.391030551972904,9.057621955871582,2.4382152557373047,15.67702865600586,12.662924766540527,13.580175399780273,7.821015000343323,2.3795979022979736,13.262432098388672,12.610657691955566,13.439557075500488,11.224750638008118,16.522899866104126,575,5620,3031,3.8673319220542908,28.58678150177002,598,8371,3054,11381,0.03704752604166667,0.5080397153149987,1.0,1.0,0.18891092129347162,134.21473531232581,1646,1752,3089,0.9104714415231188,0.37851731601731603,3054,0.0,0.1678411387400054,0.22,3.12,0.0,0.9230769230769231,double_edge_mismatch,True,selector v6 retained baseline; best raw improvement 0.9551; safety filters rejected candidates (p29_depth_conservative: depth/reflection/edge guard candidates are diagnostic-only by default; p29_reflection_guard: depth/reflection/edge guard candidates are diagnostic-only by default; p29_small_target_guard: LWIR edge growth 1.127 exceeds 1.080; +18 more rejected),True,,19.391030551972904,v6_baseline,0.0,0.0,0.0,0.0,1.0,1.0,0.0,0.0,0.0,v6,strict,v6 baseline row; aligned metrics are not used for selection.,291_seq577,,,,,,
291_seq577,291,577,p29_depth_conservative,True,phase21_fixed_rgb_canvas,phase23_crop_plus_board_residual_transform,,"[296, 103]","[280, 115]","Phase29 candidate generated from calibration files, raw RGB/LWIR/depth, Phase24 board-affine geometry, Phase25 depth projection support, and raw-only scene reliability scoring. MM5 aligned images are evaluation-only.",1.0,0.9317578125,0.9317578125,0.8466456532478333,0.882485032081604,1.0,0.9957985362412535,1.029651954572732,0.9171454906463623,4.538839340209961,0.9317578125,1.1035162641381282,1.4240253968868377,-0.3476439118385315,1.2412655353546143,0.9317578125,-0.2832558212454646,0.47890455870129717,p29_depth_conservative,board_all_median_floor,affine,affine_lmeds,1496,5.984659671783447,7.825484275817871,"[[0.964242690293037, 0.13137386244365368, -26.99199754875218], [-0.06631033534806513, 0.9894192701549352, 24.920322865264623]]",3.5,2.0,9,False,False,4.0,3,0.075,calibration/def_stereocalib_THERM.yml,calibration/def_thermalcam_ori.yml,640x480,broad_generalization_raw_only_selection,review,depth_conservative,False,v6,v9,support-v9,strict-selected,research,full,strict,all,19.068900590075476,8.834692478179932,2.4382152557373047,15.231169700622559,12.662924766540527,13.580175399780273,7.885026574134827,2.413233995437622,13.356819152832031,12.585736274719238,13.705978393554688,11.000049710273743,16.712499856948853,552,5240,3020,3.627790868282318,29.583561897277832,598,7946,3054,10529,0.034274088541666664,0.5075505746034761,1.0,1.0,0.18891092129347162,134.21473531232581,1646,2604,3081,0.9059411834742231,0.3811720021703744,3054,0.0,0.16979770158609586,0.0,3.12,0.0,0.9230769230769231,double_edge_mismatch,False,,False,depth/reflection/edge guard candidates are diagnostic-only by default,19.068900590075476,diagnostic_guard_block,0.0,0.0,0.0,0.3221299618974278,1.0,0.9251383885423073,-0.0640115737915039,-0.18959999084472656,-0.2229294776916504,v6,strict,v6 adds strict raw/depth support-gated selection for v9; aligned metrics remain evaluation-only.,291_seq577,,,,,,
291_seq577,291,577,p29_reflection_guard,True,phase21_fixed_rgb_canvas,phase23_crop_plus_board_residual_transform,,"[296, 103]","[280, 115]","Phase29 candidate generated from calibration files, raw RGB/LWIR/depth, Phase24 board-affine geometry, Phase25 depth projection support, and raw-only scene reliability scoring. MM5 aligned images are evaluation-only.",1.0,0.9317578125,0.9317578125,0.8466456532478333,0.882485032081604,1.0,0.9957985362412535,1.029651954572732,0.9171454906463623,4.538839340209961,0.9317578125,1.1035162641381282,1.4240253968868377,-0.3476439118385315,1.2412655353546143,0.9317578125,-0.2832558212454646,0.47890455870129717,p29_reflection_guard,board_all_median_floor,affine,affine_lmeds,1496,5.984659671783447,7.825484275817871,"[[0.964242690293037, 0.13137386244365368, -26.99199754875218], [-0.06631033534806513, 0.9894192701549352, 24.920322865264623]]",3.5,2.0,9,False,False,4.5,3,0.055,calibration/def_stereocalib_THERM.yml,calibration/def_thermalcam_ori.yml,640x480,broad_generalization_raw_only_selection,review,reflection_guard,False,v6,v9,support-v9,strict-selected,research,full,strict,all,19.091515739195163,8.834692478179932,2.4382152557373047,15.231169700622559,12.662924766540527,13.580175399780273,7.885026574134827,2.413233995437622,13.356819152832031,12.585736274719238,13.705978393554688,11.000049710273743,16.712499856948853,552,5240,3020,3.627790868282318,29.583561897277832,598,7946,3054,10529,0.034274088541666664,0.5075505746034761,1.0,1.0,0.18891092129347162,134.21473531232581,1646,2604,3098,0.9059411834742231,0.3911637931034483,3054,0.0,0.16979770158609586,0.0,3.12,0.0,0.9230769230769231,double_edge_mismatch,False,,False,depth/reflection/edge guard candidates are diagnostic-only by default,19.091515739195163,diagnostic_guard_block,0.0,0.0,0.0,0.2995148127777405,1.0,0.9251383885423073,-0.0640115737915039,-0.18959999084472656,-0.2229294776916504,v6,strict,v6 adds strict raw/depth support-gated selection for v9; aligned metrics remain evaluation-only.,291_seq577,,,,,,
291_seq577,291,577,p29_small_target_guard,True,phase21_fixed_rgb_canvas,phase23_crop_plus_board_residual_transform,,"[296, 103]","[280, 115]","Phase29 candidate generated from calibration files, raw RGB/LWIR/depth, Phase24 board-affine geometry, Phase25 depth projection support, and raw-only scene reliability scoring. MM5 aligned images are evaluation-only.",1.0,0.9317578125,0.9317578125,0.8466456532478333,0.882485032081604,1.0,0.9957985362412535,1.029651954572732,0.9125279188156128,2.6023216247558594,0.9317578125,1.109904486254519,1.4199366479162772,-0.33528196811676025,1.2906312942504883,0.9317578125,-0.2734280929597958,0.46398441948311614,p29_small_target_guard,board_all_median_floor,affine,affine_lmeds,1496,5.984659671783447,7.825484275817871,"[[0.964242690293037, 0.13137386244365368, -26.99199754875218], [-0.06631033534806513, 0.9894192701549352, 24.920322865264623]]",3.5,2.0,5,True,False,3.0,2,0.065,calibration/def_stereocalib_THERM.yml,calibration/def_thermalcam_ori.yml,640x480,broad_generalization_raw_only_selection,review,small_target_guard,False,v6,v9,support-v9,strict-selected,research,full,strict,all,18.4359163004049,8.134074449539185,2.3667454719543457,13.901403427124023,12.435652732849121,12.790813446044922,6.922734975814819,2.3018383979797363,11.543631553649902,12.454086303710938,12.729846000671387,9.855449795722961,14.71577000617981,654,5620,3031,3.3902819752693176,27.302104949951172,674,8371,3054,11381,0.03704752604166667,0.5080397153149987,1.0,1.0,0.1883770591824283,134.25452212968574,1637,1752,3073,0.8989864864864865,0.3828463203463203,3054,0.0,0.1678411387400054,0.22,3.12,0.0,0.9230769230769231,double_edge_mismatch,False,,False,LWIR edge growth 1.127 exceeds 1.080,18.6559163004049,small_target_guard_block,0.0,0.0,0.0,0.955114251568002,1.1270903010033444,1.0,0.8982800245285034,1.8071298599243164,-0.9235475063323975,v6,strict,v6 adds strict raw/depth support-gated selection for v9; aligned metrics remain evaluation-only.,291_seq577,,,,,,
291_seq577,291,577,p29_edge_contamination_guard,True,phase21_fixed_rgb_canvas,phase23_crop_plus_board_residual_transform,,"[296, 103]","[280, 115]","Phase29 candidate generated from calibration files, raw RGB/LWIR/depth, Phase24 board-affine geometry, Phase25 depth projection support, and raw-only scene reliability scoring. MM5 aligned images are evaluation-only.",1.0,0.9317578125,0.9317578125,0.8466456532478333,0.882485032081604,1.0,0.9957985362412535,1.029651954572732,0.9171454906463623,4.538839340209961,0.9317578125,1.1035162641381282,1.4240253968868377,-0.3476439118385315,1.2412655353546143,0.9317578125,-0.2832558212454646,0.47890455870129717,p29_edge_contamination_guard,board_all_median_floor,affine,affine_lmeds,1496,5.984659671783447,7.825484275817871,"[[0.964242690293037, 0.13137386244365368, -26.99199754875218], [-0.06631033534806513, 0.9894192701549352, 24.920322865264623]]",3.5,2.0,9,False,False,4.0,3,0.08,calibration/def_stereocalib_THERM.yml,calibration/def_thermalcam_ori.yml,640x480,broad_generalization_raw_only_selection,review,edge_contamination_guard,False,v6,v9,support-v9,strict-selected,research,full,strict,all,19.068900590075476,8.834692478179932,2.4382152557373047,15.231169700622559,12.662924766540527,13.580175399780273,7.885026574134827,2.413233995437622,13.356819152832031,12.585736274719238,13.705978393554688,11.000049710273743,16.712499856948853,552,5240,3020,3.627790868282318,29.583561897277832,598,7946,3054,10529,0.034274088541666664,0.5075505746034761,1.0,1.0,0.18891092129347162,134.21473531232581,1646,2604,3081,0.9059411834742231,0.3811720021703744,3054,0.0,0.16979770158609586,0.0,3.12,0.0,0.9230769230769231,double_edge_mismatch,False,,False,depth/reflection/edge guard candidates are diagnostic-only by default,19.068900590075476,diagnostic_guard_block,0.0,0.0,0.0,0.3221299618974278,1.0,0.9251383885423073,-0.0640115737915039,-0.18959999084472656,-0.2229294776916504,v6,strict,v6 adds strict raw/depth support-gated selection for v9; aligned metrics remain evaluation-only.,291_seq577,,,,,,
291_seq577,291,577,p29_v9_support_gated,True,phase21_fixed_rgb_canvas,phase23_crop_plus_board_residual_transform,,"[296, 103]","[280, 115]","Phase29 candidate generated from calibration files, raw RGB/LWIR/depth, Phase24 board-affine geometry, Phase25 depth projection support, and raw-only scene reliability scoring. MM5 aligned images are evaluation-only.",1.0,0.9317578125,0.9317578125,0.8466456532478333,0.882485032081604,1.0,0.9957985362412535,1.029651954572732,0.8475085496902466,1.2593350410461426,0.9317578125,1.0237802816819117,1.2255182815862802,-0.2670879364013672,1.451556921005249,0.9317578125,-0.20838630022206914,0.44940651803553033,p29_v9_support_gated,board_all_median_floor,affine,affine_lmeds,1496,5.984659671783447,7.825484275817871,"[[0.964242690293037, 0.13137386244365368, -26.99199754875218], [-0.06631033534806513, 0.9894192701549352, 24.920322865264623]]",3.5,2.0,5,True,False,7.0,3,0.075,calibration/def_stereocalib_THERM.yml,calibration/def_thermalcam_ori.yml,640x480,broad_generalization_raw_only_selection,review,v9_support_gated,False,v6,v9,support-v9,strict-selected,research,full,strict,all,19.597731559113267,9.21699833869934,2.3384652137756348,16.095531463623047,11.00736141204834,11.894588470458984,7.956354379653931,2.2554869651794434,13.657221794128418,10.951683044433594,11.741944313049316,10.540100693702698,17.34341597557068,544,5240,3020,4.09649795293808,24.398476600646973,582,7946,3054,10529,0.034274088541666664,0.5075505746034761,1.0,1.0,0.18830079316656498,134.2372578470113,1634,2604,3247,0.9024215674579507,0.3965383621803152,3054,0.0,0.16979770158609586,0.22,2.9328921318054197,0.0,0.9230769230769231,double_edge_mismatch,False,,False,v9 support-gated mode is reserved for reflection/background scenes,10.889660000000001,v9_reflection_block,0.0,0.0,0.0,-0.20670100714036366,0.9732441471571907,0.9251383885423073,-0.1353393793106079,-0.8205161094665527,0.1593763828277588,v6,strict,v6 adds strict raw/depth support-gated selection for v9; aligned metrics remain evaluation-only.,291_seq577,True,v9_support_gated,16566,115,,0.9317578125
291_seq577,291,577,p29_v9_support_gated_tight,True,phase21_fixed_rgb_canvas,phase23_crop_plus_board_residual_transform,,"[296, 103]","[280, 115]","Phase29 candidate generated from calibration files, raw RGB/LWIR/depth, Phase24 board-affine geometry, Phase25 depth projection support, and raw-only scene reliability scoring. MM5 aligned images are evaluation-only.",1.0,0.9317578125,0.9317578125,0.8466456532478333,0.882485032081604,1.0,0.9957985362412535,1.029651954572732,0.8658175468444824,1.2601653337478638,0.9317578125,1.0411525760997107,1.2193068083847705,-0.29024049639701843,1.4289883375167847,0.9317578125,-0.23155693330292232,0.44838328746131206,p29_v9_support_gated_tight,board_all_median_floor,affine,affine_lmeds,1496,5.984659671783447,7.825484275817871,"[[0.964242690293037, 0.13137386244365368, -26.99199754875218], [-0.06631033534806513, 0.9894192701549352, 24.920322865264623]]",3.5,2.0,5,True,False,8.0,4,0.055,calibration/def_stereocalib_THERM.yml,calibration/def_thermalcam_ori.yml,640x480,broad_generalization_raw_only_selection,review,v9_support_gated_tight,False,v6,v9,support-v9,strict-selected,research,full,strict,all,20.50400376560067,10.045927286148071,2.4820618629455566,17.609792709350586,10.589863777160645,13.792707443237305,9.237443804740906,2.465780019760132,16.00910758972168,10.484688758850098,13.86760425567627,11.431901097297668,22.165108919143677,480,4869,3008,4.849760711193085,24.62213134765625,523,7540,3054,9693,0.031552734375,0.5069637883008357,1.0,1.0,0.1898261134838316,133.96735271653085,1639,3440,3231,0.9118981598185026,0.39746245468669084,3054,0.0,0.17214484679665754,0.22,2.866175479888916,0.0,0.9230769230769231,double_edge_mismatch,False,,False,v9 support candidate mode is diagnostic-only unless a dedicated raw/depth gate allows it,10.745709999999999,v9_mode_block,0.0,0.0,0.0,-1.1129732136277681,0.8745819397993311,0.8516826289429751,-1.416428804397583,-5.642209053039551,0.9883053302764893,v6,strict,v6 adds strict raw/depth support-gated selection for v9; aligned metrics remain evaluation-only.,291_seq577,True,v9_support_gated_tight,13971,112,,0.9317578125
291_seq577,291,577,p29_v9_target_only,True,phase21_fixed_rgb_canvas,phase23_crop_plus_board_residual_transform,,"[296, 103]","[280, 115]","Phase29 candidate generated from calibration files, raw RGB/LWIR/depth, Phase24 board-affine geometry, Phase25 depth projection support, and raw-only scene reliability scoring. MM5 aligned images are evaluation-only.",1.0,0.9317578125,0.9317578125,0.8466456532478333,0.882485032081604,1.0,0.9957985362412535,1.029651954572732,0.9024084806442261,1.3262521028518677,0.9317578125,1.0854632487743419,1.2734152049815133,-0.3409244418144226,1.3692134618759155,0.9317578125,-0.2823532560896608,0.44524310997344896,p29_v9_target_only,board_all_median_floor,affine,affine_lmeds,1496,5.984659671783447,7.825484275817871,"[[0.964242690293037, 0.13137386244365368, -26.99199754875218], [-0.06631033534806513, 0.9894192701549352, 24.920322865264623]]",3.5,2.0,5,True,False,8.0,4,0.045,calibration/def_stereocalib_THERM.yml,calibration/def_thermalcam_ori.yml,640x480,broad_generalization_raw_only_selection,review,v9_target_only,False,v6,v9,support-v9,strict-selected,research,full,strict,all,21.177252409970592,10.444687366485596,2.5866212844848633,18.302753448486328,12.28322982788086,14.177347183227539,9.629241466522217,2.617283821105957,16.641199111938477,12.369839668273926,14.26326847076416,11.765450596809387,22.03520655632019,430,4869,3008,4.8242475390434265,27.91722583770752,471,7540,3054,9693,0.031552734375,0.5069637883008357,1.0,1.0,0.188071995118975,134.29803477377467,1633,3440,3218,0.9243803743045018,0.39772138788192646,3054,0.0,0.17214484679665754,0.22,3.12,0.0,0.9230769230769231,double_edge_mismatch,False,,False,v9 target-only mode is reserved for general weak-target scenes,10.56398,v9_target_only_block,0.0,0.0,0.0,-1.7862218579976883,0.7876254180602007,0.8516826289429751,-1.808226466178894,-5.5123066902160645,1.3870654106140137,v6,strict,v6 adds strict raw/depth support-gated selection for v9; aligned metrics remain evaluation-only.,291_seq577,True,v9_target_only,6198,92,,0.9317578125
291_seq577,291,577,p29_v9_depth_thermal,True,phase21_fixed_rgb_canvas,phase23_crop_plus_board_residual_transform,,"[296, 103]","[280, 115]","Phase29 candidate generated from calibration files, raw RGB/LWIR/depth, Phase24 board-affine geometry, Phase25 depth projection support, and raw-only scene reliability scoring. MM5 aligned images are evaluation-only.",1.0,0.9317578125,0.9317578125,0.8466456532478333,0.882485032081604,1.0,0.9957985362412535,1.029651954572732,0.8567978739738464,1.2604910135269165,0.9317578125,1.0338933545955347,1.231056178018998,-0.277925968170166,1.4412811994552612,0.9317578125,-0.21944354094323223,0.44753409615776885,p29_v9_depth_thermal,board_all_median_floor,affine,affine_lmeds,1496,5.984659671783447,7.825484275817871,"[[0.964242690293037, 0.13137386244365368, -26.99199754875218], [-0.06631033534806513, 0.9894192701549352, 24.920322865264623]]",3.5,2.0,5,True,False,7.0,3,0.065,calibration/def_stereocalib_THERM.yml,calibration/def_thermalcam_ori.yml,640x480,broad_generalization_raw_only_selection,review,v9_depth_thermal,False,v6,v9,support-v9,strict-selected,research,full,strict,all,19.673394325238903,9.273141622543335,2.357541561126709,16.18874168395996,11.087787628173828,11.909797668457031,8.056360721588135,2.284022331237793,13.828699111938477,11.043219566345215,11.888066291809082,10.540100693702698,17.656954050064087,534,5240,3020,4.131019413471222,24.695858001708984,571,7946,3054,10529,0.034274088541666664,0.5075505746034761,1.0,1.0,0.1892922513727883,134.1465062623037,1644,2604,3244,0.9051373954599761,0.3957633686385947,3054,0.0,0.16979770158609586,0.22,2.9485855865478516,0.0,0.9230769230769231,double_edge_mismatch,False,,False,v9 depth-thermal gate raw score is not high enough,10.85828,v9_depth_thermal_block,0.0,0.0,0.0,-0.28236377326599893,0.9548494983277592,0.9251383885423073,-0.235345721244812,-1.134054183959961,0.21551966667175293,v6,strict,v6 adds strict raw/depth support-gated selection for v9; aligned metrics remain evaluation-only.,291_seq577,True,v9_depth_thermal,15628,114,,0.9317578125
291_seq577,291,577,p29_v9_target_silhouette,True,phase21_fixed_rgb_canvas,phase23_crop_plus_board_residual_transform,,"[296, 103]","[280, 115]","Phase29 candidate generated from calibration files, raw RGB/LWIR/depth, Phase24 board-affine geometry, Phase25 depth projection support, and raw-only scene reliability scoring. MM5 aligned images are evaluation-only.",1.0,0.9317578125,0.9317578125,0.8466456532478333,0.882485032081604,1.0,0.9957985362412535,1.029651954572732,0.7080629467964172,3.353891611099243,0.9317578125,0.8677286848138527,1.1985939178935396,-0.411159873008728,1.4475857019424438,0.9317578125,-0.35211282090753604,0.45155044208564443,p29_v9_target_silhouette,board_all_median_floor,affine,affine_lmeds,1496,5.984659671783447,7.825484275817871,"[[0.964242690293037, 0.13137386244365368, -26.99199754875218], [-0.06631033534806513, 0.9894192701549352, 24.920322865264623]]",3.5,2.0,5,True,False,7.0,3,0.045,calibration/def_stereocalib_THERM.yml,calibration/def_thermalcam_ori.yml,640x480,broad_generalization_raw_only_selection,review,v9_target_silhouette,False,v6,v9,support-v9,strict-selected,research,full,strict,all,19.661714549613574,9.231467723846436,1.9371881484985352,16.525747299194336,14.014822959899902,13.668166160583496,8.344934940338135,1.9632148742675781,14.726655006408691,13.928048133850098,13.433327674865723,10.06260073184967,19.721452474594116,600,5240,3020,4.31689590215683,27.380754470825195,609,7946,3054,10529,0.034274088541666664,0.5075505746034761,1.0,1.0,0.24138194020744355,128.71517086535187,1711,2604,3063,0.8844364937388193,0.4097132523895634,3054,0.0,0.16979770158609586,0.22,3.12,0.0,0.9230769230769231,double_edge_mismatch,False,,False,v9 silhouette mode is reserved for general target-contamination scenes,10.83998,v9_silhouette_block,0.0,0.0,0.0,-0.2706839976406705,1.0183946488294315,0.9251383885423073,-0.523919939994812,-3.1985526084899902,0.17384576797485352,v6,strict,v6 adds strict raw/depth support-gated selection for v9; aligned metrics remain evaluation-only.,291_seq577,True,v9_target_silhouette,6198,92,138.0,0.9317578125
291_seq577,291,577,p29_raw_shift_dx2p5_dy1p0_fill,True,phase21_fixed_rgb_canvas,phase23_crop_plus_board_residual_transform,,"[296, 103]","[280, 115]","Phase29 candidate generated from calibration files, raw RGB/LWIR/depth, Phase24 board-affine geometry, Phase25 depth projection support, and raw-only scene reliability scoring. MM5 aligned images are evaluation-only.",1.0,0.9331673177083334,0.9331673177083334,0.8466456532478333,0.882485032081604,1.0,0.9957985362412535,1.029651954572732,0.9097790718078613,2.7677905559539795,0.9331673177083334,1.102231706889256,1.3937291894474582,-0.34459322690963745,1.348987340927124,0.9331673177083334,-0.28007200553973227,0.48410096943645287,p29_raw_shift_dx2p5_dy1p0_fill,board_all_median_floor,affine,affine_lmeds,1496,5.984659671783447,7.825484275817871,"[[0.964242690293037, 0.13137386244365368, -26.99199754875218], [-0.06631033534806513, 0.9894192701549352, 24.920322865264623]]",2.5,1.0,9,True,False,3.0,2,0.1,calibration/def_stereocalib_THERM.yml,calibration/def_thermalcam_ori.yml,640x480,broad_generalization_raw_only_selection,review,raw_shift_local,False,v6,v9,support-v9,strict-selected,research,full,strict,all,19.50377361612053,9.172445178031921,2.593254804611206,15.751635551452637,12.720191955566406,13.913012504577637,8.06459093093872,2.597047805786133,13.532134056091309,12.577573776245117,13.917377471923828,11.351150631904602,16.904189109802246,549,5620,3031,3.833901524543762,28.669641494750977,594,8371,3054,11381,0.03704752604166667,0.5080397153149987,1.0,1.0,0.18685173886516168,134.7114643178732,1639,1752,3095,0.9096064421004877,0.37554112554112556,3054,0.0,0.1678411387400054,0.22,3.12,0.0,0.9230769230769231,double_edge_mismatch,False,,False,raw improvement -0.1127 is below 0.6000,19.60377361612053,generic_block,-1.0,-1.0,2.0,-0.11274306414762592,0.9933110367892977,1.0,-0.24357593059539795,-0.3812892436981201,0.11482322216033936,v6,strict,v6 adds strict raw/depth support-gated selection for v9; aligned metrics remain evaluation-only.,291_seq577,,,,,,
291_seq577,291,577,p29_raw_shift_dx3p5_dy1p0_fill,True,phase21_fixed_rgb_canvas,phase23_crop_plus_board_residual_transform,,"[296, 103]","[280, 115]","Phase29 candidate generated from calibration files, raw RGB/LWIR/depth, Phase24 board-affine geometry, Phase25 depth projection support, and raw-only scene reliability scoring. MM5 aligned images are evaluation-only.",1.0,0.9327799479166666,0.9327799479166666,0.8466456532478333,0.882485032081604,1.0,0.9957985362412535,1.029651954572732,0.9143325686454773,2.587575912475586,0.9327799479166666,1.1094678500691162,1.4044049126566174,-0.3442780375480652,1.299606442451477,0.9327799479166666,-0.2796328976242039,0.4829518571904676,p29_raw_shift_dx3p5_dy1p0_fill,board_all_median_floor,affine,affine_lmeds,1496,5.984659671783447,7.825484275817871,"[[0.964242690293037, 0.13137386244365368, -26.99199754875218], [-0.06631033534806513, 0.9894192701549352, 24.920322865264623]]",3.5,1.0,9,True,False,3.0,2,0.1,calibration/def_stereocalib_THERM.yml,calibration/def_thermalcam_ori.yml,640x480,broad_generalization_raw_only_selection,review,raw_shift_local,False,v6,v9,support-v9,strict-selected,research,full,strict,all,19.371932890391584,9.05320417881012,2.571878671646118,15.534529685974121,12.521462440490723,13.504220962524414,7.8113096952438354,2.5174567699432373,13.105162620544434,12.466689109802246,13.378156661987305,10.982500195503235,16.558003187179565,566,5620,3031,3.8813952803611755,28.279576301574707,591,8371,3054,11381,0.03704752604166667,0.5080397153149987,1.0,1.0,0.18845332519829164,135.08007457989495,1645,1752,3069,0.9106696935300794,0.37635281385281383,3054,0.0,0.1678411387400054,0.22,3.12,0.0,0.9230769230769231,double_edge_mismatch,False,,False,raw improvement 0.0191 is below 0.6000,19.421932890391584,generic_block,0.0,-1.0,1.0,0.01909766158131987,0.9882943143812709,1.0,0.009705305099487305,-0.03510332107543945,-0.004417777061462402,v6,strict,v6 adds strict raw/depth support-gated selection for v9; aligned metrics remain evaluation-only.,291_seq577,,,,,,
291_seq577,291,577,p29_raw_shift_dx4p5_dy1p0_fill,True,phase21_fixed_rgb_canvas,phase23_crop_plus_board_residual_transform,,"[296, 103]","[280, 115]","Phase29 candidate generated from calibration files, raw RGB/LWIR/depth, Phase24 board-affine geometry, Phase25 depth projection support, and raw-only scene reliability scoring. MM5 aligned images are evaluation-only.",1.0,0.9323665364583333,0.9323665364583333,0.8466456532478333,0.882485032081604,1.0,0.9957985362412535,1.029651954572732,0.9138914346694946,2.654099464416504,0.9323665364583333,1.10830382108581,1.4022465546854295,-0.3435090184211731,1.286533236503601,0.9323665364583333,-0.27895410251162656,0.4818274355237876,p29_raw_shift_dx4p5_dy1p0_fill,board_all_median_floor,affine,affine_lmeds,1496,5.984659671783447,7.825484275817871,"[[0.964242690293037, 0.13137386244365368, -26.99199754875218], [-0.06631033534806513, 0.9894192701549352, 24.920322865264623]]",4.5,1.0,9,True,False,3.0,2,0.1,calibration/def_stereocalib_THERM.yml,calibration/def_thermalcam_ori.yml,640x480,broad_generalization_raw_only_selection,review,raw_shift_local,False,v6,v9,support-v9,strict-selected,research,full,strict,all,19.23262245685635,8.93986451625824,2.4723947048187256,15.407334327697754,11.93057632446289,13.04712200164795,7.671606183052063,2.488954782485962,12.854257583618164,11.888619422912598,12.8798189163208,10.810450673103333,16.701953172683716,598,5620,3031,3.9437466263771057,28.29817295074463,601,8371,3054,11381,0.03704752604166667,0.5080397153149987,1.0,1.0,0.21331604636973764,132.796173718591,1739,1752,3067,0.9050532517561749,0.3739177489177489,3054,0.0,0.1678411387400054,0.22,3.10750373840332,0.0,0.9230769230769231,double_edge_mismatch,False,,False,raw improvement 0.1584 is below 0.6000,19.332622456856352,generic_block,1.0,-1.0,2.0,0.15840809511655252,1.0050167224080269,1.0,0.14940881729125977,-0.17905330657958984,-0.11775743961334229,v6,strict,v6 adds strict raw/depth support-gated selection for v9; aligned metrics remain evaluation-only.,291_seq577,,,,,,
291_seq577,291,577,p29_raw_shift_dx2p5_dy2p0_fill,True,phase21_fixed_rgb_canvas,phase23_crop_plus_board_residual_transform,,"[296, 103]","[280, 115]","Phase29 candidate generated from calibration files, raw RGB/LWIR/depth, Phase24 board-affine geometry, Phase25 depth projection support, and raw-only scene reliability scoring. MM5 aligned images are evaluation-only.",1.0,0.9321451822916667,0.9321451822916667,0.8466456532478333,0.882485032081604,1.0,0.9957985362412535,1.029651954572732,0.9129827618598938,2.829347848892212,0.9321451822916667,1.1079534367074049,1.4129784129390952,-0.3513495624065399,1.3130701780319214,0.9321451822916667,-0.28662849430875575,0.4839965944398379,p29_raw_shift_dx2p5_dy2p0_fill,board_all_median_floor,affine,affine_lmeds,1496,5.984659671783447,7.825484275817871,"[[0.964242690293037, 0.13137386244365368, -26.99199754875218], [-0.06631033534806513, 0.9894192701549352, 24.920322865264623]]",2.5,2.0,9,True,False,3.0,2,0.1,calibration/def_stereocalib_THERM.yml,calibration/def_thermalcam_ori.yml,640x480,broad_generalization_raw_only_selection,review,raw_shift_local,False,v6,v9,support-v9,strict-selected,research,full,strict,all,19.50475615295957,9.155364632606506,2.4516565799713135,15.8590726852417,13.092591285705566,13.998003005981445,8.158045768737793,2.446016311645508,13.870075225830078,12.953492164611816,14.198132514953613,11.431901097297668,16.73004937171936,546,5620,3031,3.6798312067985535,29.188925743103027,593,8371,3054,11381,0.03704752604166667,0.5080397153149987,1.0,1.0,0.18654667480170836,134.20329357493392,1626,1752,3121,0.9108944564108378,0.375,3054,0.0,0.1678411387400054,0.22,3.12,0.0,0.9230769230769231,double_edge_mismatch,False,,False,raw improvement -0.1137 is below 0.6000,19.55475615295957,generic_block,-1.0,0.0,1.0,-0.1137256009866654,0.9916387959866221,1.0,-0.3370307683944702,-0.20714950561523438,0.09774267673492432,v6,strict,v6 adds strict raw/depth support-gated selection for v9; aligned metrics remain evaluation-only.,291_seq577,,,,,,
291_seq577,291,577,p29_raw_shift_dx4p5_dy2p0_fill,True,phase21_fixed_rgb_canvas,phase23_crop_plus_board_residual_transform,,"[296, 103]","[280, 115]","Phase29 candidate generated from calibration files, raw RGB/LWIR/depth, Phase24 board-affine geometry, Phase25 depth projection support, and raw-only scene reliability scoring. MM5 aligned images are evaluation-only.",1.0,0.9313444010416667,0.9313444010416667,0.8466456532478333,0.882485032081604,1.0,0.9957985362412535,1.029651954572732,0.9195693135261536,2.67449688911438,0.9313444010416667,1.1170196178611536,1.4233152377979075,-0.35107555985450745,1.322811484336853,0.9313444010416667,-0.28690216874555996,0.4807350667664575,p29_raw_shift_dx4p5_dy2p0_fill,board_all_median_floor,affine,affine_lmeds,1496,5.984659671783447,7.825484275817871,"[[0.964242690293037, 0.13137386244365368, -26.99199754875218], [-0.06631033534806513, 0.9894192701549352, 24.920322865264623]]",4.5,2.0,9,True,False,3.0,2,0.1,calibration/def_stereocalib_THERM.yml,calibration/def_thermalcam_ori.yml,640x480,broad_generalization_raw_only_selection,review,raw_shift_local,False,v6,v9,support-v9,strict-selected,research,full,strict,all,19.257316510625568,8.937288165092468,2.3323276042938232,15.542248725891113,12.125826835632324,13.145718574523926,7.682757377624512,2.349130630493164,13.01638412475586,12.067065238952637,12.971916198730469,10.7121502161026,16.558003664016724,597,5620,3031,3.8940317034721375,28.510247230529785,601,8371,3054,11381,0.03704752604166667,0.5080397153149987,1.0,1.0,0.19058877364246493,134.43702725507916,1658,1752,3085,0.9061048816400499,0.37743506493506496,3054,0.0,0.1678411387400054,0.22,3.12,0.0,0.9230769230769231,double_edge_mismatch,False,,False,raw improvement 0.1337 is below 0.6000,19.30731651062557,generic_block,1.0,0.0,1.0,0.13371404134733567,1.0050167224080269,1.0,0.13825762271881104,-0.035103797912597656,-0.12033379077911377,v6,strict,v6 adds strict raw/depth support-gated selection for v9; aligned metrics remain evaluation-only.,291_seq577,,,,,,
291_seq577,291,577,p29_raw_shift_dx2p5_dy3p0_fill,True,phase21_fixed_rgb_canvas,phase23_crop_plus_board_residual_transform,,"[296, 103]","[280, 115]","Phase29 candidate generated from calibration files, raw RGB/LWIR/depth, Phase24 board-affine geometry, Phase25 depth projection support, and raw-only scene reliability scoring. MM5 aligned images are evaluation-only.",1.0,0.9310774739583333,0.9310774739583333,0.8466456532478333,0.882485032081604,1.0,0.9957985362412535,1.029651954572732,0.9120500087738037,3.0527119636535645,0.9310774739583333,1.107090056711385,1.4223754647966849,-0.35612285137176514,1.4117223024368286,0.9310774739583333,-0.29217896184656356,0.4827614889321505,p29_raw_shift_dx2p5_dy3p0_fill,board_all_median_floor,affine,affine_lmeds,1496,5.984659671783447,7.825484275817871,"[[0.964242690293037, 0.13137386244365368, -26.99199754875218], [-0.06631033534806513, 0.9894192701549352, 24.920322865264623]]",2.5,3.0,9,True,False,3.0,2,0.1,calibration/def_stereocalib_THERM.yml,calibration/def_thermalcam_ori.yml,640x480,broad_generalization_raw_only_selection,review,raw_shift_local,False,v6,v9,support-v9,strict-selected,research,full,strict,all,19.467199926552308,9.137776255607605,2.324406385421753,15.951146125793457,13.610552787780762,14.118792533874512,8.134885549545288,2.3071484565734863,13.96262264251709,13.485556602478027,14.29221248626709,11.621500134468079,16.569237232208252,549,5620,3031,3.64520001411438,29.58041000366211,597,8371,3054,11381,0.03704752604166667,0.5080397153149987,1.0,1.0,0.22841671751067724,127.98386680466889,1762,1752,3083,0.9092764799274212,0.3768939393939394,3054,0.0,0.1678411387400054,0.22,3.12,0.0,0.9230769230769231,double_edge_mismatch,False,,False,raw improvement -0.0762 is below 0.6000,19.56719992655231,generic_block,-1.0,1.0,2.0,-0.07616937457940409,0.9983277591973244,1.0,-0.31387054920196533,-0.04633736610412598,0.08015429973602295,v6,strict,v6 adds strict raw/depth support-gated selection for v9; aligned metrics remain evaluation-only.,291_seq577,,,,,,
291_seq577,291,577,p29_raw_shift_dx3p5_dy3p0_fill,True,phase21_fixed_rgb_canvas,phase23_crop_plus_board_residual_transform,,"[296, 103]","[280, 115]","Phase29 candidate generated from calibration files, raw RGB/LWIR/depth, Phase24 board-affine geometry, Phase25 depth projection support, and raw-only scene reliability scoring. MM5 aligned images are evaluation-only.",1.0,0.9306901041666666,0.9306901041666666,0.8466456532478333,0.882485032081604,1.0,0.9957985362412535,1.029651954572732,0.9193057417869568,2.804553270339966,0.9306901041666666,1.118214678875079,1.4382417114010806,-0.3558266758918762,1.4326175451278687,0.9306901041666666,-0.2922742049530826,0.48098784139707224,p29_raw_shift_dx3p5_dy3p0_fill,board_all_median_floor,affine,affine_lmeds,1496,5.984659671783447,7.825484275817871,"[[0.964242690293037, 0.13137386244365368, -26.99199754875218], [-0.06631033534806513, 0.9894192701549352, 24.920322865264623]]",3.5,3.0,9,True,False,3.0,2,0.1,calibration/def_stereocalib_THERM.yml,calibration/def_thermalcam_ori.yml,640x480,broad_generalization_raw_only_selection,review,raw_shift_local,False,v6,v9,support-v9,strict-selected,research,full,strict,all,19.398669293824437,9.070066332817078,2.3181264400482178,15.822006225585938,13.103143692016602,13.729632377624512,7.862092852592468,2.2861087322235107,13.438076972961426,13.016717910766602,13.604887962341309,11.189650177955627,16.540449380874634,556,5620,3031,3.843085825443268,28.872929573059082,588,8371,3054,11381,0.03704752604166667,0.5080397153149987,1.0,1.0,0.1863941427699817,133.67613468828944,1611,1752,3086,0.9093590470788429,0.37932900432900435,3054,0.0,0.1678411387400054,0.22,3.12,0.0,0.9230769230769231,double_edge_mismatch,False,,False,raw improvement -0.0076 is below 0.6000,19.448669293824437,generic_block,0.0,1.0,1.0,-0.007638741851533126,0.9832775919732442,1.0,-0.04107785224914551,-0.017549514770507812,0.012444376945495605,v6,strict,v6 adds strict raw/depth support-gated selection for v9; aligned metrics remain evaluation-only.,291_seq577,,,,,,
291_seq577,291,577,p29_raw_shift_dx4p5_dy3p0_fill,True,phase21_fixed_rgb_canvas,phase23_crop_plus_board_residual_transform,,"[296, 103]","[280, 115]","Phase29 candidate generated from calibration files, raw RGB/LWIR/depth, Phase24 board-affine geometry, Phase25 depth projection support, and raw-only scene reliability scoring. MM5 aligned images are evaluation-only.",1.0,0.9302766927083334,0.9302766927083334,0.8466456532478333,0.882485032081604,1.0,0.9957985362412535,1.029651954572732,0.9212939739227295,3.0098140239715576,0.9302766927083334,1.1188141230474264,1.437193555123509,-0.35600796341896057,1.4627195596694946,0.9302766927083334,-0.29291054715844356,0.47915822412356013,p29_raw_shift_dx4p5_dy3p0_fill,board_all_median_floor,affine,affine_lmeds,1496,5.984659671783447,7.825484275817871,"[[0.964242690293037, 0.13137386244365368, -26.99199754875218], [-0.06631033534806513, 0.9894192701549352, 24.920322865264623]]",4.5,3.0,9,True,False,3.0,2,0.1,calibration/def_stereocalib_THERM.yml,calibration/def_thermalcam_ori.yml,640x480,broad_generalization_raw_only_selection,review,raw_shift_local,False,v6,v9,support-v9,strict-selected,research,full,strict,all,19.271616957109902,8.9547039270401,2.253676652908325,15.655731201171875,12.689682960510254,13.295429229736328,7.706126093864441,2.269188642501831,13.14306354522705,12.615081787109375,13.115519523620605,10.6489497423172,16.378949880599976,587,5620,3031,3.843315303325653,28.689300537109375,592,8371,3054,11381,0.03704752604166667,0.5080397153149987,1.0,1.0,0.19051250762660157,133.7109821532398,1644,1752,3068,0.9076277910007934,0.38122294372294374,3054,0.0,0.1678411387400054,0.22,3.12,0.0,0.9230769230769231,double_edge_mismatch,False,,False,raw improvement 0.1194 is below 0.6000,19.371616957109904,generic_block,1.0,1.0,2.0,0.1194135948630013,0.9899665551839465,1.0,0.11488890647888184,0.1439499855041504,-0.10291802883148193,v6,strict,v6 adds strict raw/depth support-gated selection for v9; aligned metrics remain evaluation-only.,291_seq577,,,,,,
291_seq577,291,577,p29_raw_shift_dx3p0_dy2p0_fill,True,phase21_fixed_rgb_canvas,phase23_crop_plus_board_residual_transform,,"[296, 103]","[280, 115]","Phase29 candidate generated from calibration files, raw RGB/LWIR/depth, Phase24 board-affine geometry, Phase25 depth projection support, and raw-only scene reliability scoring. MM5 aligned images are evaluation-only.",1.0,0.9317578125,0.9317578125,0.8466456532478333,0.882485032081604,1.0,0.9957985362412535,1.029651954572732,0.9149616956710815,2.468971014022827,0.9317578125,1.1124455877370094,1.4153181210004324,-0.3424067497253418,1.2971959114074707,0.9317578125,-0.2785061444184781,0.47789187183539,p29_raw_shift_dx3p0_dy2p0_fill,board_all_median_floor,affine,affine_lmeds,1496,5.984659671783447,7.825484275817871,"[[0.964242690293037, 0.13137386244365368, -26.99199754875218], [-0.06631033534806513, 0.9894192701549352, 24.920322865264623]]",3.0,2.0,9,True,False,3.0,2,0.1,calibration/def_stereocalib_THERM.yml,calibration/def_thermalcam_ori.yml,640x480,broad_generalization_raw_only_selection,review,raw_shift_local,False,v6,v9,support-v9,strict-selected,research,full,strict,all,19.520633723110233,9.185524106025696,2.4587690830230713,15.91227912902832,12.609824180603027,13.882861137390137,7.935179233551025,2.3946123123168945,13.475746154785156,12.539421081542969,13.793844223022461,11.351149678230286,16.603649377822876,539,5620,3031,3.9012572169303894,28.076977729797363,582,8371,3054,11381,0.03704752604166667,0.5080397153149987,1.0,1.0,0.1863941427699817,134.5110806589141,1633,1752,3090,0.9117213207761262,0.37743506493506496,3054,0.0,0.1678411387400054,0.22,3.12,0.0,0.9230769230769231,double_edge_mismatch,False,,False,raw improvement -0.1296 is below 0.6000,19.54563372311023,generic_block,-0.5,0.0,0.5,-0.12960317113732955,0.9732441471571907,1.0,-0.11416423320770264,-0.08074951171875,0.12790215015411377,v6,strict,v6 adds strict raw/depth support-gated selection for v9; aligned metrics remain evaluation-only.,291_seq577,,,,,,
291_seq577,291,577,p29_raw_shift_dx4p0_dy2p0_fill,True,phase21_fixed_rgb_canvas,phase23_crop_plus_board_residual_transform,,"[296, 103]","[280, 115]","Phase29 candidate generated from calibration files, raw RGB/LWIR/depth, Phase24 board-affine geometry, Phase25 depth projection support, and raw-only scene reliability scoring. MM5 aligned images are evaluation-only.",1.0,0.9313444010416667,0.9313444010416667,0.8466456532478333,0.882485032081604,1.0,0.9957985362412535,1.029651954572732,0.9176773428916931,2.3454270362854004,0.9313444010416667,1.116901807594905,1.4219801794728295,-0.3443678319454193,1.3468111753463745,0.9313444010416667,-0.28096043807305904,0.47658840616292353,p29_raw_shift_dx4p0_dy2p0_fill,board_all_median_floor,affine,affine_lmeds,1496,5.984659671783447,7.825484275817871,"[[0.964242690293037, 0.13137386244365368, -26.99199754875218], [-0.06631033534806513, 0.9894192701549352, 24.920322865264623]]",4.0,2.0,9,True,False,3.0,2,0.1,calibration/def_stereocalib_THERM.yml,calibration/def_thermalcam_ori.yml,640x480,broad_generalization_raw_only_selection,review,raw_shift_local,False,v6,v9,support-v9,strict-selected,research,full,strict,all,19.39939394597928,9.06782865524292,2.3746633529663086,15.760993957519531,12.315535545349121,13.462265014648438,7.772570967674255,2.3863227367401123,13.158819198608398,12.286771774291992,13.284536361694336,11.017600178718567,16.558003664016724,585,5620,3031,3.9347586035728455,27.927404403686523,587,8371,3054,11381,0.03704752604166667,0.5080397153149987,1.0,1.0,0.18974984746796827,134.66548626811056,1654,1752,3088,0.9105137801973461,0.37716450216450215,3054,0.0,0.1678411387400054,0.22,3.12,0.0,0.9230769230769231,double_edge_mismatch,False,,False,raw improvement -0.0084 is below 0.6000,19.42439394597928,generic_block,0.5,0.0,0.5,-0.008363394006376978,0.9816053511705686,1.0,0.04844403266906738,-0.035103797912597656,0.01020669937133789,v6,strict,v6 adds strict raw/depth support-gated selection for v9; aligned metrics remain evaluation-only.,291_seq577,,,,,,
291_seq577,291,577,p29_raw_shift_dx3p5_dy1p5_fill,True,phase21_fixed_rgb_canvas,phase23_crop_plus_board_residual_transform,,"[296, 103]","[280, 115]","Phase29 candidate generated from calibration files, raw RGB/LWIR/depth, Phase24 board-affine geometry, Phase25 depth projection support, and raw-only scene reliability scoring. MM5 aligned images are evaluation-only.",1.0,0.9327799479166666,0.9327799479166666,0.8466456532478333,0.882485032081604,1.0,0.9957985362412535,1.029651954572732,0.91786789894104,2.541490316390991,0.9327799479166666,1.1152366195250885,1.417451083215962,-0.34745511412620544,1.3397388458251953,0.9327799479166666,-0.2823887303859564,0.4873654454346681,p29_raw_shift_dx3p5_dy1p5_fill,board_all_median_floor,affine,affine_lmeds,1496,5.984659671783447,7.825484275817871,"[[0.964242690293037, 0.13137386244365368, -26.99199754875218], [-0.06631033534806513, 0.9894192701549352, 24.920322865264623]]",3.5,1.5,9,True,False,3.0,2,0.1,calibration/def_stereocalib_THERM.yml,calibration/def_thermalcam_ori.yml,640x480,broad_generalization_raw_only_selection,review,raw_shift_local,False,v6,v9,support-v9,strict-selected,research,full,strict,all,20.502725608398624,10.162655711174011,2.3448197841644287,17.980491638183594,11.49024486541748,13.548870086669922,9.011680603027344,2.2754974365234375,15.74786376953125,11.383323669433594,13.414430618286133,11.667150139808655,20.594287633895874,540,5620,3031,4.799547016620636,25.405799865722656,565,8371,3054,11381,0.03704752604166667,0.5080397153149987,1.0,1.0,0.5035082367297132,75.93862859826888,4000,1752,3101,0.9107772846250142,0.3782467532467532,3054,0.0,0.1678411387400054,0.22,3.0282440757751465,0.0,0.9230769230769231,double_edge_mismatch,False,,False,raw improvement -1.1117 is below 0.6000,20.527725608398622,generic_block,0.0,-0.5,0.5,-1.1116950564257202,0.9448160535117057,1.0,-1.190665602684021,-4.071387767791748,1.1050337553024292,v6,strict,v6 adds strict raw/depth support-gated selection for v9; aligned metrics remain evaluation-only.,291_seq577,,,,,,
291_seq577,291,577,p29_raw_shift_dx3p5_dy2p5_fill,True,phase21_fixed_rgb_canvas,phase23_crop_plus_board_residual_transform,,"[296, 103]","[280, 115]","Phase29 candidate generated from calibration files, raw RGB/LWIR/depth, Phase24 board-affine geometry, Phase25 depth projection support, and raw-only scene reliability scoring. MM5 aligned images are evaluation-only.",1.0,0.9317578125,0.9317578125,0.8466456532478333,0.882485032081604,1.0,0.9957985362412535,1.029651954572732,0.9204782843589783,2.823294162750244,0.9317578125,1.1189096741096793,1.4358076981813512,-0.3497290313243866,1.3644466400146484,0.9317578125,-0.2849871594165727,0.48619034498601227,p29_raw_shift_dx3p5_dy2p5_fill,board_all_median_floor,affine,affine_lmeds,1496,5.984659671783447,7.825484275817871,"[[0.964242690293037, 0.13137386244365368, -26.99199754875218], [-0.06631033534806513, 0.9894192701549352, 24.920322865264623]]",3.5,2.5,9,True,False,3.0,2,0.1,calibration/def_stereocalib_THERM.yml,calibration/def_thermalcam_ori.yml,640x480,broad_generalization_raw_only_selection,review,raw_shift_local,False,v6,v9,support-v9,strict-selected,research,full,strict,all,20.435450777706418,10.169758558273315,2.25105619430542,18.08846092224121,11.69454574584961,13.645227432250977,8.988104820251465,2.1920013427734375,15.784208297729492,11.542702674865723,13.510526657104492,11.49510109424591,20.125205755233765,533,5620,3031,4.712955176830292,25.475308418273926,562,8371,3054,11381,0.03704752604166667,0.5080397153149987,1.0,1.0,0.1883770591824283,134.00148261452875,1633,1752,3070,0.9104562521333485,0.3782467532467532,3054,0.0,0.1678411387400054,0.22,3.0650182342529297,0.0,0.9230769230769231,double_edge_mismatch,False,,False,raw improvement -1.0444 is below 0.6000,20.460450777706416,generic_block,0.0,0.5,0.5,-1.0444202257335142,0.939799331103679,1.0,-1.167089819908142,-3.6023058891296387,1.1121366024017334,v6,strict,v6 adds strict raw/depth support-gated selection for v9; aligned metrics remain evaluation-only.,291_seq577,,,,,,
302_seq588,302,588,p29_baseline,True,phase21_fixed_rgb_canvas,phase24_affine_lwir_subpixel_shift_depth_fill_then_morph_close,,"[296, 103]","[280, 115]","Phase29 candidate generated from calibration files, raw RGB/LWIR/depth, Phase24 board-affine geometry, Phase25 depth projection support, and raw-only scene reliability scoring. MM5 aligned images are evaluation-only.",1.0,0.9317578125,0.9317578125,0.831290602684021,0.835287868976593,1.0,0.977870007239415,1.010607545128357,0.9367192387580872,2.5895707607269287,0.9317578125,1.1153168244865344,1.2942334019520585,-0.14153701066970825,1.330528736114502,0.9317578125,-0.09445924334138929,0.3670729316333732,p29_baseline,board_all_median_floor,affine,affine_lmeds,1496,5.984659671783447,7.825484275817871,"[[0.964242690293037, 0.13137386244365368, -26.99199754875218], [-0.06631033534806513, 0.9894192701549352, 24.920322865264623]]",3.5,2.0,9,True,False,3.0,2,0.1,calibration/def_stereocalib_THERM.yml,calibration/def_thermalcam_ori.yml,640x480,broad_generalization_raw_only_selection,review,baseline,False,v6,v9,support-v9,strict-selected,research,full,strict,all,13.640401287386068,6.031586945056915,1.5117965936660767,10.551377296447754,9.124351501464844,5.326313495635986,4.382874071598053,1.5117965936660767,7.253951549530029,9.124351501464844,5.268628120422363,5.747550070285797,9.648299813270569,728,3691,1847,2.5607878267765045,17.88446807861328,728,5507,1851,8223,0.026767578125,1.0,1.0,1.0,0.21428571428571427,67.7745395731924,648,1280,2114,0.8183927091963547,0.4423152131403989,1851,0.0,0.0,0.0,2.0684883499145506,0.0,0.9230769230769231,general,False,,False,,13.640401287386068,v6_baseline,0.0,0.0,0.0,0.0,1.0,1.0,0.0,0.0,0.0,v6,strict,v6 baseline row; aligned metrics are not used for selection.,302_seq588,,,,,,
302_seq588,302,588,p29_depth_conservative,True,phase21_fixed_rgb_canvas,phase23_crop_plus_board_residual_transform,,"[296, 103]","[280, 115]","Phase29 candidate generated from calibration files, raw RGB/LWIR/depth, Phase24 board-affine geometry, Phase25 depth projection support, and raw-only scene reliability scoring. MM5 aligned images are evaluation-only.",1.0,0.9317578125,0.9317578125,0.831290602684021,0.835287868976593,1.0,0.977870007239415,1.010607545128357,0.932178258895874,8.52141284942627,0.9317578125,1.0744371769040204,1.2892493006980263,-0.13905121386051178,1.3422788381576538,0.9317578125,-0.09261746183171299,0.3632495003849648,p29_depth_conservative,board_all_median_floor,affine,affine_lmeds,1496,5.984659671783447,7.825484275817871,"[[0.964242690293037, 0.13137386244365368, -26.99199754875218], [-0.06631033534806513, 0.9894192701549352, 24.920322865264623]]",3.5,2.0,9,False,False,4.0,3,0.075,calibration/def_stereocalib_THERM.yml,calibration/def_thermalcam_ori.yml,640x480,broad_generalization_raw_only_selection,review,depth_conservative,False,v6,v9,support-v9,strict-selected,research,full,strict,all,13.439618693159298,5.779151737689972,1.5117965936660767,10.046506881713867,9.124351501464844,5.268628120422363,4.202331602573395,1.5117965936660767,6.892866611480713,9.124351501464844,5.268628120422363,5.730000078678131,9.170799851417542,728,3452,1847,2.3695200979709625,17.88446807861328,728,5255,1847,7583,0.024684244791666667,1.0,1.0,1.0,0.21428571428571427,67.7745395731924,648,1920,2086,0.8104789901435241,0.4380952380952381,1847,0.0,0.0,0.0,2.0638735198974607,0.0,0.9230769230769231,general,False,,False,depth/reflection/edge guard candidates are diagnostic-only by default,13.439618693159298,diagnostic_guard_block,0.0,0.0,0.0,0.20078259422676936,1.0,0.9221695245044388,0.1805424690246582,0.47749996185302734,-0.25243520736694336,v6,strict,v6 adds strict raw/depth support-gated selection for v9; aligned metrics remain evaluation-only.,302_seq588,,,,,,
302_seq588,302,588,p29_reflection_guard,True,phase21_fixed_rgb_canvas,phase23_crop_plus_board_residual_transform,,"[296, 103]","[280, 115]","Phase29 candidate generated from calibration files, raw RGB/LWIR/depth, Phase24 board-affine geometry, Phase25 depth projection support, and raw-only scene reliability scoring. MM5 aligned images are evaluation-only.",1.0,0.9317578125,0.9317578125,0.831290602684021,0.835287868976593,1.0,0.977870007239415,1.010607545128357,0.932178258895874,8.52141284942627,0.9317578125,1.0744371769040204,1.2892493006980263,-0.13905121386051178,1.3422788381576538,0.9317578125,-0.09261746183171299,0.3632495003849648,p29_reflection_guard,board_all_median_floor,affine,affine_lmeds,1496,5.984659671783447,7.825484275817871,"[[0.964242690293037, 0.13137386244365368, -26.99199754875218], [-0.06631033534806513, 0.9894192701549352, 24.920322865264623]]",3.5,2.0,9,False,False,4.5,3,0.055,calibration/def_stereocalib_THERM.yml,calibration/def_thermalcam_ori.yml,640x480,broad_generalization_raw_only_selection,review,reflection_guard,False,v6,v9,support-v9,strict-selected,research,full,strict,all,13.428620542903179,5.779151737689972,1.5117965936660767,10.046506881713867,9.124351501464844,5.268628120422363,4.202331602573395,1.5117965936660767,6.892866611480713,9.124351501464844,5.268628120422363,5.730000078678131,9.170799851417542,728,3452,1847,2.3695200979709625,17.88446807861328,728,5255,1847,7583,0.024684244791666667,1.0,1.0,1.0,0.21428571428571427,67.7745395731924,648,1920,2088,0.8104789901435241,0.42788844621513944,1847,0.0,0.0,0.0,2.0638735198974607,0.0,0.9230769230769231,general,False,,False,depth/reflection/edge guard candidates are diagnostic-only by default,13.428620542903179,diagnostic_guard_block,0.0,0.0,0.0,0.21178074448288875,1.0,0.9221695245044388,0.1805424690246582,0.47749996185302734,-0.25243520736694336,v6,strict,v6 adds strict raw/depth support-gated selection for v9; aligned metrics remain evaluation-only.,302_seq588,,,,,,
302_seq588,302,588,p29_small_target_guard,True,phase21_fixed_rgb_canvas,phase23_crop_plus_board_residual_transform,,"[296, 103]","[280, 115]","Phase29 candidate generated from calibration files, raw RGB/LWIR/depth, Phase24 board-affine geometry, Phase25 depth projection support, and raw-only scene reliability scoring. MM5 aligned images are evaluation-only.",1.0,0.9317578125,0.9317578125,0.831290602684021,0.835287868976593,1.0,0.977870007239415,1.010607545128357,0.934759259223938,2.573350191116333,0.9317578125,1.1112120964064771,1.279286255528248,-0.14183297753334045,1.3232035636901855,0.9317578125,-0.09622750850161632,0.35696460275910175,p29_small_target_guard,board_all_median_floor,affine,affine_lmeds,1496,5.984659671783447,7.825484275817871,"[[0.964242690293037, 0.13137386244365368, -26.99199754875218], [-0.06631033534806513, 0.9894192701549352, 24.920322865264623]]",3.5,2.0,5,True,False,3.0,2,0.065,calibration/def_stereocalib_THERM.yml,calibration/def_thermalcam_ori.yml,640x480,broad_generalization_raw_only_selection,review,small_target_guard,False,v6,v9,support-v9,strict-selected,research,full,strict,all,13.628971836373765,6.006861388683319,1.5112117528915405,10.502511024475098,9.195358276367188,5.333498477935791,4.364844977855682,1.5112117528915405,7.218478202819824,9.195358276367188,5.275516510009766,5.9547001123428345,9.56754982471466,731,3691,1847,2.533903867006302,17.84654998779297,731,5507,1851,8223,0.026767578125,1.0,1.0,1.0,0.21823617339312407,67.42173617880705,669,1280,2113,0.8182872287560047,0.4423152131403989,1851,0.0,0.0,0.0,2.081844367980957,0.0,0.9230769230769231,general,False,,False,raw improvement 0.0114 is below 0.6500,13.848971836373765,small_target_guard_block,0.0,0.0,0.0,0.01142945101230275,1.004120879120879,1.0,0.018029093742370605,0.0807499885559082,-0.02472555637359619,v6,strict,v6 adds strict raw/depth support-gated selection for v9; aligned metrics remain evaluation-only.,302_seq588,,,,,,
302_seq588,302,588,p29_edge_contamination_guard,True,phase21_fixed_rgb_canvas,phase23_crop_plus_board_residual_transform,,"[296, 103]","[280, 115]","Phase29 candidate generated from calibration files, raw RGB/LWIR/depth, Phase24 board-affine geometry, Phase25 depth projection support, and raw-only scene reliability scoring. MM5 aligned images are evaluation-only.",1.0,0.9317578125,0.9317578125,0.831290602684021,0.835287868976593,1.0,0.977870007239415,1.010607545128357,0.932178258895874,8.52141284942627,0.9317578125,1.0744371769040204,1.2892493006980263,-0.13905121386051178,1.3422788381576538,0.9317578125,-0.09261746183171299,0.3632495003849648,p29_edge_contamination_guard,board_all_median_floor,affine,affine_lmeds,1496,5.984659671783447,7.825484275817871,"[[0.964242690293037, 0.13137386244365368, -26.99199754875218], [-0.06631033534806513, 0.9894192701549352, 24.920322865264623]]",3.5,2.0,9,False,False,4.0,3,0.08,calibration/def_stereocalib_THERM.yml,calibration/def_thermalcam_ori.yml,640x480,broad_generalization_raw_only_selection,review,edge_contamination_guard,False,v6,v9,support-v9,strict-selected,research,full,strict,all,13.439618693159298,5.779151737689972,1.5117965936660767,10.046506881713867,9.124351501464844,5.268628120422363,4.202331602573395,1.5117965936660767,6.892866611480713,9.124351501464844,5.268628120422363,5.730000078678131,9.170799851417542,728,3452,1847,2.3695200979709625,17.88446807861328,728,5255,1847,7583,0.024684244791666667,1.0,1.0,1.0,0.21428571428571427,67.7745395731924,648,1920,2086,0.8104789901435241,0.4380952380952381,1847,0.0,0.0,0.0,2.0638735198974607,0.0,0.9230769230769231,general,False,,False,depth/reflection/edge guard candidates are diagnostic-only by default,13.439618693159298,diagnostic_guard_block,0.0,0.0,0.0,0.20078259422676936,1.0,0.9221695245044388,0.1805424690246582,0.47749996185302734,-0.25243520736694336,v6,strict,v6 adds strict raw/depth support-gated selection for v9; aligned metrics remain evaluation-only.,302_seq588,,,,,,
302_seq588,302,588,p29_v9_support_gated,True,phase21_fixed_rgb_canvas,phase23_crop_plus_board_residual_transform,,"[296, 103]","[280, 115]","Phase29 candidate generated from calibration files, raw RGB/LWIR/depth, Phase24 board-affine geometry, Phase25 depth projection support, and raw-only scene reliability scoring. MM5 aligned images are evaluation-only.",1.0,0.9317578125,0.9317578125,0.831290602684021,0.835287868976593,1.0,0.977870007239415,1.010607545128357,0.9219093918800354,1.1187201738357544,0.9317578125,1.066998047865319,1.0120065135219867,-0.057617977261543274,1.2618486881256104,0.9317578125,-0.02060777136505955,0.2972086535015826,p29_v9_support_gated,board_all_median_floor,affine,affine_lmeds,1496,5.984659671783447,7.825484275817871,"[[0.964242690293037, 0.13137386244365368, -26.99199754875218], [-0.06631033534806513, 0.9894192701549352, 24.920322865264623]]",3.5,2.0,5,True,False,7.0,3,0.075,calibration/def_stereocalib_THERM.yml,calibration/def_thermalcam_ori.yml,640x480,broad_generalization_raw_only_selection,review,v9_support_gated,False,v6,v9,support-v9,strict-selected,research,full,strict,all,13.321792914590294,5.796304643154144,1.5244749784469604,10.068134307861328,9.129323959350586,5.290195465087891,4.212348997592926,1.5339633226394653,6.890734672546387,9.11156940460205,5.290195465087891,5.9371501207351685,9.169043183326721,730,3452,1847,2.3762164413928986,17.859187126159668,734,5255,1847,7583,0.024684244791666667,1.0,1.0,1.0,0.2194106342088405,67.93783951408608,674,1920,1870,0.8135593220338984,0.4291920069504778,1847,0.0,0.0,0.0,2.0664939498901367,0.0,0.9230769230769231,general,False,,False,v9 support-gated mode is reserved for reflection/background scenes,11.14441,v9_reflection_block,0.0,0.0,0.0,0.31860837279577403,1.0082417582417582,0.9221695245044388,0.17052507400512695,0.47925662994384766,-0.235282301902771,v6,strict,v6 adds strict raw/depth support-gated selection for v9; aligned metrics remain evaluation-only.,302_seq588,True,v9_support_gated,11641,107,,0.9317578125
302_seq588,302,588,p29_v9_support_gated_tight,True,phase21_fixed_rgb_canvas,phase23_crop_plus_board_residual_transform,,"[296, 103]","[280, 115]","Phase29 candidate generated from calibration files, raw RGB/LWIR/depth, Phase24 board-affine geometry, Phase25 depth projection support, and raw-only scene reliability scoring. MM5 aligned images are evaluation-only.",1.0,0.9317578125,0.9317578125,0.831290602684021,0.835287868976593,1.0,0.977870007239415,1.010607545128357,0.9215896129608154,1.1390045881271362,0.9317578125,1.0659761448928162,1.0081370630717572,-0.07673117518424988,1.2469967603683472,0.9317578125,-0.041686503612117905,0.28351101422894703,p29_v9_support_gated_tight,board_all_median_floor,affine,affine_lmeds,1496,5.984659671783447,7.825484275817871,"[[0.964242690293037, 0.13137386244365368, -26.99199754875218], [-0.06631033534806513, 0.9894192701549352, 24.920322865264623]]",3.5,2.0,5,True,False,8.0,4,0.055,calibration/def_stereocalib_THERM.yml,calibration/def_thermalcam_ori.yml,640x480,broad_generalization_raw_only_selection,review,v9_support_gated_tight,False,v6,v9,support-v9,strict-selected,research,full,strict,all,13.196928823168552,5.576365530490875,1.5185796022415161,9.634151458740234,9.136301040649414,5.307569980621338,4.053823471069336,1.5310983657836914,6.5765485763549805,9.121293067932129,5.307569980621338,5.747550129890442,8.693299889564514,726,3204,1847,2.195867031812668,17.87814998626709,731,5018,1847,6943,0.022600911458333334,1.0,1.0,1.0,0.21962417253897074,68.13256607731343,676,2560,1867,0.8072832161528755,0.4376926464112726,1847,0.0,0.0,0.0,2.0691397857666014,0.0,0.9230769230769231,general,False,,False,v9 support candidate mode is diagnostic-only unless a dedicated raw/depth gate allows it,11.12181,v9_mode_block,0.0,0.0,0.0,0.44347246421751585,1.004120879120879,0.8443390490088776,0.32905060052871704,0.9549999237060547,-0.45522141456604004,v6,strict,v6 adds strict raw/depth support-gated selection for v9; aligned metrics remain evaluation-only.,302_seq588,True,v9_support_gated_tight,9981,102,,0.9317578125
302_seq588,302,588,p29_v9_target_only,True,phase21_fixed_rgb_canvas,phase23_crop_plus_board_residual_transform,,"[296, 103]","[280, 115]","Phase29 candidate generated from calibration files, raw RGB/LWIR/depth, Phase24 board-affine geometry, Phase25 depth projection support, and raw-only scene reliability scoring. MM5 aligned images are evaluation-only.",1.0,0.9317578125,0.9317578125,0.831290602684021,0.835287868976593,1.0,0.977870007239415,1.010607545128357,0.928520679473877,1.484632134437561,0.9317578125,1.0713778917534764,1.0117667005748323,-0.2235502004623413,1.3906091451644897,0.9317578125,-0.18447800598252384,0.3161056623386961,p29_v9_target_only,board_all_median_floor,affine,affine_lmeds,1496,5.984659671783447,7.825484275817871,"[[0.964242690293037, 0.13137386244365368, -26.99199754875218], [-0.06631033534806513, 0.9894192701549352, 24.920322865264623]]",3.5,2.0,5,True,False,8.0,4,0.045,calibration/def_stereocalib_THERM.yml,calibration/def_thermalcam_ori.yml,640x480,broad_generalization_raw_only_selection,review,v9_target_only,False,v6,v9,support-v9,strict-selected,research,full,strict,all,20.443501498935767,12.714198768138885,1.6806119680404663,23.747785568237305,5.3811936378479,16.15589714050293,9.96129459142685,1.7405976057052612,18.181991577148438,5.158267498016357,16.15589714050293,14.883249878883362,20.880437970161438,322,3204,1847,6.473013669252396,23.51861333847046,333,5018,1847,6943,0.022600911458333334,1.0,1.0,1.0,0.30920350202861413,67.31126131181962,1095,2560,1868,0.9115969581749049,0.43152796125055043,1847,0.0,0.0,0.0,1.928614854812622,0.0,0.9230769230769231,general,True,selector v6 selected v9_support_gated via v9_weak_target_only; raw_score delta +6.8031; adjusted score 1.2427; selection used raw RGB/LWIR/depth support gates only,True,,1.24274,v9_weak_target_only,0.0,0.0,0.0,-6.803100211549699,0.4574175824175824,0.8443390490088776,-5.578420519828796,-11.23213815689087,6.68261182308197,v6,strict,v6 adds strict raw/depth support-gated selection for v9; aligned metrics remain evaluation-only.,302_seq588,True,v9_target_only,1674,0,,0.9317578125
302_seq588,302,588,p29_v9_depth_thermal,True,phase21_fixed_rgb_canvas,phase23_crop_plus_board_residual_transform,,"[296, 103]","[280, 115]","Phase29 candidate generated from calibration files, raw RGB/LWIR/depth, Phase24 board-affine geometry, Phase25 depth projection support, and raw-only scene reliability scoring. MM5 aligned images are evaluation-only.",1.0,0.9317578125,0.9317578125,0.831290602684021,0.835287868976593,1.0,0.977870007239415,1.010607545128357,0.9207053780555725,1.1328984498977661,0.9317578125,1.0639837391099607,1.000505011691831,-0.06571526825428009,1.2514320611953735,0.9317578125,-0.025861670200212083,0.3157479361416017,p29_v9_depth_thermal,board_all_median_floor,affine,affine_lmeds,1496,5.984659671783447,7.825484275817871,"[[0.964242690293037, 0.13137386244365368, -26.99199754875218], [-0.06631033534806513, 0.9894192701549352, 24.920322865264623]]",3.5,2.0,5,True,False,7.0,3,0.065,calibration/def_stereocalib_THERM.yml,calibration/def_thermalcam_ori.yml,640x480,broad_generalization_raw_only_selection,review,v9_depth_thermal,False,v6,v9,support-v9,strict-selected,research,full,strict,all,13.314523150927338,5.787559628486633,1.513819932937622,10.061299324035645,9.163135528564453,5.312117099761963,4.20588743686676,1.527378797531128,6.884396076202393,9.140218734741211,5.312117099761963,5.9371501207351685,9.170799851417542,731,3452,1847,2.3743721544742584,17.84654998779297,737,5255,1847,7583,0.024684244791666667,1.0,1.0,1.0,0.21951740337390563,68.03586030965135,675,1920,1866,0.8118623551789729,0.4291920069504778,1847,0.0,0.0,0.0,2.0743337631225587,0.0,0.9230769230769231,general,False,,False,v9 depth-thermal mode is reserved for double-edge mismatch scenes,11.144010000000002,v9_depth_thermal_block,0.0,0.0,0.0,0.32587813645873,1.0123626373626373,0.9221695245044388,0.17698663473129272,0.47749996185302734,-0.24402731657028198,v6,strict,v6 adds strict raw/depth support-gated selection for v9; aligned metrics remain evaluation-only.,302_seq588,True,v9_depth_thermal,11001,105,,0.9317578125
302_seq588,302,588,p29_v9_target_silhouette,True,phase21_fixed_rgb_canvas,phase23_crop_plus_board_residual_transform,,"[296, 103]","[280, 115]","Phase29 candidate generated from calibration files, raw RGB/LWIR/depth, Phase24 board-affine geometry, Phase25 depth projection support, and raw-only scene reliability scoring. MM5 aligned images are evaluation-only.",1.0,0.9317578125,0.9317578125,0.831290602684021,0.835287868976593,1.0,0.977870007239415,1.010607545128357,0.8417336940765381,2.2312986850738525,0.9317578125,0.9775774727854147,0.9948771387954656,-0.2354901134967804,1.187972903251648,0.9317578125,-0.19571006389091303,0.3127192468358485,p29_v9_target_silhouette,board_all_median_floor,affine,affine_lmeds,1496,5.984659671783447,7.825484275817871,"[[0.964242690293037, 0.13137386244365368, -26.99199754875218], [-0.06631033534806513, 0.9894192701549352, 24.920322865264623]]",3.5,2.0,5,True,False,7.0,3,0.045,calibration/def_stereocalib_THERM.yml,calibration/def_thermalcam_ori.yml,640x480,broad_generalization_raw_only_selection,review,v9_target_silhouette,False,v6,v9,support-v9,strict-selected,research,full,strict,all,22.882664730195515,14.720951855182648,1.8039013147354126,27.638002395629883,7.550268173217773,20.158620834350586,11.726182401180267,1.5855339765548706,21.866830825805664,6.707950115203857,20.214101791381836,16.709335386753082,23.805476307868958,242,3452,1847,7.44613853096962,25.865753650665283,293,5255,1847,7583,0.024684244791666667,1.0,1.0,1.0,0.6489429852658553,48.475467416858145,2810,1920,1924,0.9254465913233686,0.43788010425716767,1847,0.0,0.0,0.0,2.319048271179199,0.0,0.9230769230769231,general,False,,False,v9 silhouette blocked because baseline thermal target is too small,10.162740000000001,v9_silhouette_block,0.0,0.0,0.0,-9.242263442809447,0.4024725274725275,0.9221695245044388,-7.343308329582214,-14.157176494598389,8.689364910125732,v6,strict,v6 adds strict raw/depth support-gated selection for v9; aligned metrics remain evaluation-only.,302_seq588,True,v9_target_silhouette,1674,0,91.0,0.9317578125
302_seq588,302,588,p29_raw_shift_dx2p5_dy1p0_fill,True,phase21_fixed_rgb_canvas,phase23_crop_plus_board_residual_transform,,"[296, 103]","[280, 115]","Phase29 candidate generated from calibration files, raw RGB/LWIR/depth, Phase24 board-affine geometry, Phase25 depth projection support, and raw-only scene reliability scoring. MM5 aligned images are evaluation-only.",1.0,0.9331673177083334,0.9331673177083334,0.831290602684021,0.835287868976593,1.0,0.977870007239415,1.010607545128357,0.9203055500984192,2.909874439239502,0.9331673177083334,1.0935468678679914,1.2713370960333954,-0.1427798718214035,1.2951847314834595,0.9331673177083334,-0.09558749127636373,0.36642325955960353,p29_raw_shift_dx2p5_dy1p0_fill,board_all_median_floor,affine,affine_lmeds,1496,5.984659671783447,7.825484275817871,"[[0.964242690293037, 0.13137386244365368, -26.99199754875218], [-0.06631033534806513, 0.9894192701549352, 24.920322865264623]]",2.5,1.0,9,True,False,3.0,2,0.1,calibration/def_stereocalib_THERM.yml,calibration/def_thermalcam_ori.yml,640x480,broad_generalization_raw_only_selection,review,raw_shift_local,False,v6,v9,support-v9,strict-selected,research,full,strict,all,13.492446773066563,5.946223199367523,1.3898676633834839,10.502578735351562,8.956771850585938,5.3592305183410645,4.285775125026703,1.3898676633834839,7.181682586669922,8.956771850585938,5.302494525909424,5.747550070285797,9.486799836158752,731,3691,1847,2.5321480333805084,17.495450019836426,731,5507,1851,8223,0.026767578125,1.0,1.0,1.0,0.25112107623318386,58.1351722043785,698,1280,2099,0.8108782435129741,0.4337113805240516,1851,0.0,0.0,0.0,2.040957374572754,0.0,0.9230769230769231,general,False,,False,raw improvement 0.1480 is below 0.6000,13.592446773066563,generic_block,-1.0,-1.0,2.0,0.14795451431950468,1.004120879120879,1.0,0.0970989465713501,0.1614999771118164,-0.08536374568939209,v6,strict,v6 adds strict raw/depth support-gated selection for v9; aligned metrics remain evaluation-only.,302_seq588,,,,,,
302_seq588,302,588,p29_raw_shift_dx3p5_dy1p0_fill,True,phase21_fixed_rgb_canvas,phase23_crop_plus_board_residual_transform,,"[296, 103]","[280, 115]","Phase29 candidate generated from calibration files, raw RGB/LWIR/depth, Phase24 board-affine geometry, Phase25 depth projection support, and raw-only scene reliability scoring. MM5 aligned images are evaluation-only.",1.0,0.9327799479166666,0.9327799479166666,0.831290602684021,0.835287868976593,1.0,0.977870007239415,1.010607545128357,0.9290229082107544,2.6528189182281494,0.9327799479166666,1.1061829180206875,1.287179488795346,-0.14163336157798767,1.3127483129501343,0.9327799479166666,-0.0945105600058343,0.3666619429990278,p29_raw_shift_dx3p5_dy1p0_fill,board_all_median_floor,affine,affine_lmeds,1496,5.984659671783447,7.825484275817871,"[[0.964242690293037, 0.13137386244365368, -26.99199754875218], [-0.06631033534806513, 0.9894192701549352, 24.920322865264623]]",3.5,1.0,9,True,False,3.0,2,0.1,calibration/def_stereocalib_THERM.yml,calibration/def_thermalcam_ori.yml,640x480,broad_generalization_raw_only_selection,review,raw_shift_local,False,v6,v9,support-v9,strict-selected,research,full,strict,all,13.427315487761637,5.933375179767609,1.4412094354629517,10.425540924072266,8.751285552978516,5.0136284828186035,4.255479633808136,1.4412094354629517,7.06974983215332,8.751285552978516,4.957334518432617,5.666800081729889,9.377949833869934,728,3691,1847,2.522383004426956,16.929468154907227,728,5507,1851,8223,0.026767578125,1.0,1.0,1.0,0.25923553277813366,62.58565630935339,747,1280,2101,0.8142738589211618,0.4348846304262808,1851,0.0,0.0,0.0,1.976321678161621,0.0,0.9230769230769231,general,False,,False,raw improvement 0.2131 is below 0.6000,13.477315487761638,generic_block,0.0,-1.0,1.0,0.2130857996244302,1.0,1.0,0.127394437789917,0.27034997940063477,-0.09821176528930664,v6,strict,v6 adds strict raw/depth support-gated selection for v9; aligned metrics remain evaluation-only.,302_seq588,,,,,,
302_seq588,302,588,p29_raw_shift_dx4p5_dy1p0_fill,True,phase21_fixed_rgb_canvas,phase23_crop_plus_board_residual_transform,,"[296, 103]","[280, 115]","Phase29 candidate generated from calibration files, raw RGB/LWIR/depth, Phase24 board-affine geometry, Phase25 depth projection support, and raw-only scene reliability scoring. MM5 aligned images are evaluation-only.",1.0,0.9323665364583333,0.9323665364583333,0.831290602684021,0.835287868976593,1.0,0.977870007239415,1.010607545128357,0.9348891973495483,2.5919241905212402,0.9323665364583333,1.113850687342473,1.2967535675736808,-0.14191441237926483,1.3277968168258667,0.9323665364583333,-0.09490127552189545,0.36653278505549725,p29_raw_shift_dx4p5_dy1p0_fill,board_all_median_floor,affine,affine_lmeds,1496,5.984659671783447,7.825484275817871,"[[0.964242690293037, 0.13137386244365368, -26.99199754875218], [-0.06631033534806513, 0.9894192701549352, 24.920322865264623]]",4.5,1.0,9,True,False,3.0,2,0.1,calibration/def_stereocalib_THERM.yml,calibration/def_thermalcam_ori.yml,640x480,broad_generalization_raw_only_selection,review,raw_shift_local,False,v6,v9,support-v9,strict-selected,research,full,strict,all,13.333170901699482,5.908224701881409,1.4732639789581299,10.343185424804688,8.535526275634766,4.6783576011657715,4.218076825141907,1.4732639789581299,6.962889671325684,8.535526275634766,4.622233867645264,5.5404000878334045,9.170799851417542,729,3691,1847,2.4828478395938873,16.697041034698486,729,5507,1851,8223,0.026767578125,1.0,1.0,1.0,0.2637198377108691,64.25195856270115,766,1280,2090,0.8167191905788688,0.43253813062182245,1851,0.0,0.0,0.0,1.9106633377075195,0.0,0.9230769230769231,general,False,,False,raw improvement 0.3072 is below 0.6000,13.433170901699482,generic_block,1.0,-1.0,2.0,0.30723038568658545,1.0013736263736264,1.0,0.16479724645614624,0.47749996185302734,-0.12336224317550659,v6,strict,v6 adds strict raw/depth support-gated selection for v9; aligned metrics remain evaluation-only.,302_seq588,,,,,,
302_seq588,302,588,p29_raw_shift_dx2p5_dy2p0_fill,True,phase21_fixed_rgb_canvas,phase23_crop_plus_board_residual_transform,,"[296, 103]","[280, 115]","Phase29 candidate generated from calibration files, raw RGB/LWIR/depth, Phase24 board-affine geometry, Phase25 depth projection support, and raw-only scene reliability scoring. MM5 aligned images are evaluation-only.",1.0,0.9321451822916667,0.9321451822916667,0.831290602684021,0.835287868976593,1.0,0.977870007239415,1.010607545128357,0.9257953763008118,2.937553644180298,0.9321451822916667,1.0992843521210045,1.2740953179018297,-0.1430286318063736,1.3126543760299683,0.9321451822916667,-0.09574612537198243,0.3677228846038064,p29_raw_shift_dx2p5_dy2p0_fill,board_all_median_floor,affine,affine_lmeds,1496,5.984659671783447,7.825484275817871,"[[0.964242690293037, 0.13137386244365368, -26.99199754875218], [-0.06631033534806513, 0.9894192701549352, 24.920322865264623]]",2.5,2.0,9,True,False,3.0,2,0.1,calibration/def_stereocalib_THERM.yml,calibration/def_thermalcam_ori.yml,640x480,broad_generalization_raw_only_selection,review,raw_shift_local,False,v6,v9,support-v9,strict-selected,research,full,strict,all,13.743746184313787,6.076066732406616,1.5015320777893066,10.650601387023926,9.334372520446777,5.6409478187561035,4.444154739379883,1.5015320777893066,7.386777400970459,9.334372520446777,5.5830464363098145,6.017900049686432,9.855449795722961,733,3691,1847,2.5957744419574738,18.154818058013916,733,5507,1851,8223,0.026767578125,1.0,1.0,1.0,0.2044629510997224,65.93907767210102,619,1280,2128,0.8149189546807807,0.43918654673445445,1851,0.0,0.0,0.0,2.131462879180908,0.0,0.9230769230769231,general,False,,False,raw improvement -0.1033 is below 0.6000,13.793746184313788,generic_block,-1.0,0.0,1.0,-0.10334489692771953,1.0068681318681318,1.0,-0.061280667781829834,-0.20714998245239258,0.04447978734970093,v6,strict,v6 adds strict raw/depth support-gated selection for v9; aligned metrics remain evaluation-only.,302_seq588,,,,,,
302_seq588,302,588,p29_raw_shift_dx4p5_dy2p0_fill,True,phase21_fixed_rgb_canvas,phase23_crop_plus_board_residual_transform,,"[296, 103]","[280, 115]","Phase29 candidate generated from calibration files, raw RGB/LWIR/depth, Phase24 board-affine geometry, Phase25 depth projection support, and raw-only scene reliability scoring. MM5 aligned images are evaluation-only.",1.0,0.9313444010416667,0.9313444010416667,0.831290602684021,0.835287868976593,1.0,0.977870007239415,1.010607545128357,0.9436400532722473,2.3938634395599365,0.9313444010416667,1.1250173879972414,1.3049367690823586,-0.13792581856250763,1.3116666078567505,0.9313444010416667,-0.09073608270330841,0.36706490337559816,p29_raw_shift_dx4p5_dy2p0_fill,board_all_median_floor,affine,affine_lmeds,1496,5.984659671783447,7.825484275817871,"[[0.964242690293037, 0.13137386244365368, -26.99199754875218], [-0.06631033534806513, 0.9894192701549352, 24.920322865264623]]",4.5,2.0,9,True,False,3.0,2,0.1,calibration/def_stereocalib_THERM.yml,calibration/def_thermalcam_ori.yml,640x480,broad_generalization_raw_only_selection,review,raw_shift_local,False,v6,v9,support-v9,strict-selected,research,full,strict,all,13.532897305862619,5.984996497631073,1.5000795125961304,10.469913482666016,8.908454895019531,5.026083946228027,4.321074187755585,1.5000795125961304,7.142068862915039,8.908454895019531,4.968645095825195,5.9547001123428345,9.486799836158752,726,3691,1847,2.5356222689151764,17.400650024414062,726,5507,1851,8223,0.026767578125,1.0,1.0,1.0,0.22453555413196669,69.78878779941272,696,1280,2107,0.8205511288180611,0.44192412983965584,1851,0.0,0.0,0.0,2.005608596801758,0.0,0.9230769230769231,general,False,,False,raw improvement 0.1075 is below 0.6000,13.58289730586262,generic_block,1.0,0.0,1.0,0.10750398152344864,0.9972527472527473,1.0,0.06179988384246826,0.1614999771118164,-0.046590447425842285,v6,strict,v6 adds strict raw/depth support-gated selection for v9; aligned metrics remain evaluation-only.,302_seq588,,,,,,
302_seq588,302,588,p29_raw_shift_dx2p5_dy3p0_fill,True,phase21_fixed_rgb_canvas,phase23_crop_plus_board_residual_transform,,"[296, 103]","[280, 115]","Phase29 candidate generated from calibration files, raw RGB/LWIR/depth, Phase24 board-affine geometry, Phase25 depth projection support, and raw-only scene reliability scoring. MM5 aligned images are evaluation-only.",1.0,0.9310774739583333,0.9310774739583333,0.831290602684021,0.835287868976593,1.0,0.977870007239415,1.010607545128357,0.9244157671928406,2.9479618072509766,0.9310774739583333,1.095380838387408,1.2576856135871552,-0.14784744381904602,1.429452896118164,0.9310774739583333,-0.10133463816346064,0.3672634868819624,p29_raw_shift_dx2p5_dy3p0_fill,board_all_median_floor,affine,affine_lmeds,1496,5.984659671783447,7.825484275817871,"[[0.964242690293037, 0.13137386244365368, -26.99199754875218], [-0.06631033534806513, 0.9894192701549352, 24.920322865264623]]",2.5,3.0,9,True,False,3.0,2,0.1,calibration/def_stereocalib_THERM.yml,calibration/def_thermalcam_ori.yml,640x480,broad_generalization_raw_only_selection,review,raw_shift_local,False,v6,v9,support-v9,strict-selected,research,full,strict,all,14.006232819001845,6.211588084697723,1.606981635093689,10.816194534301758,9.703893661499023,5.983530044555664,4.6123732924461365,1.606981635093689,7.617764949798584,9.703893661499023,5.924302101135254,6.414650082588196,10.10824978351593,729,3691,1847,2.6262772381305695,19.147740840911865,729,5507,1851,8223,0.026767578125,1.0,1.0,1.0,0.18631219303865043,70.05746153298148,573,1280,2150,0.8216287504121332,0.4438795463433711,1851,0.0,0.0,0.0,2.2253832626342773,0.0,0.9230769230769231,general,False,,False,raw improvement -0.3658 is below 0.6000,14.106232819001844,generic_block,-1.0,1.0,2.0,-0.3658315316157772,1.0013736263736264,1.0,-0.2294992208480835,-0.45994997024536133,0.1800011396408081,v6,strict,v6 adds strict raw/depth support-gated selection for v9; aligned metrics remain evaluation-only.,302_seq588,,,,,,
302_seq588,302,588,p29_raw_shift_dx3p5_dy3p0_fill,True,phase21_fixed_rgb_canvas,phase23_crop_plus_board_residual_transform,,"[296, 103]","[280, 115]","Phase29 candidate generated from calibration files, raw RGB/LWIR/depth, Phase24 board-affine geometry, Phase25 depth projection support, and raw-only scene reliability scoring. MM5 aligned images are evaluation-only.",1.0,0.9306901041666666,0.9306901041666666,0.831290602684021,0.835287868976593,1.0,0.977870007239415,1.010607545128357,0.9364591240882874,2.595273733139038,0.9306901041666666,1.1129468211265388,1.2803955962472373,-0.14265772700309753,1.430688738822937,0.9306901041666666,-0.09629546278240089,0.3663093110242284,p29_raw_shift_dx3p5_dy3p0_fill,board_all_median_floor,affine,affine_lmeds,1496,5.984659671783447,7.825484275817871,"[[0.964242690293037, 0.13137386244365368, -26.99199754875218], [-0.06631033534806513, 0.9894192701549352, 24.920322865264623]]",3.5,3.0,9,True,False,3.0,2,0.1,calibration/def_stereocalib_THERM.yml,calibration/def_thermalcam_ori.yml,640x480,broad_generalization_raw_only_selection,review,raw_shift_local,False,v6,v9,support-v9,strict-selected,research,full,strict,all,13.898104260280904,6.1605530977249146,1.6045782566070557,10.716527938842773,9.497512817382812,5.6969122886657715,4.542493224143982,1.6045782566070557,7.480408191680908,9.497512817382812,5.637960433959961,6.351450085639954,9.964300274848938,732,3691,1847,2.609134942293167,18.529444217681885,732,5507,1851,8223,0.026767578125,1.0,1.0,1.0,0.20254110612855009,70.78583562958698,618,1280,2137,0.8218295904887715,0.45131012905748924,1851,0.0,0.0,0.0,2.165305290222168,0.0,0.9230769230769231,general,False,,False,raw improvement -0.2577 is below 0.6000,13.948104260280905,generic_block,0.0,1.0,1.0,-0.2577029728948368,1.0054945054945055,1.0,-0.15961915254592896,-0.31600046157836914,0.12896615266799927,v6,strict,v6 adds strict raw/depth support-gated selection for v9; aligned metrics remain evaluation-only.,302_seq588,,,,,,
302_seq588,302,588,p29_raw_shift_dx4p5_dy3p0_fill,True,phase21_fixed_rgb_canvas,phase23_crop_plus_board_residual_transform,,"[296, 103]","[280, 115]","Phase29 candidate generated from calibration files, raw RGB/LWIR/depth, Phase24 board-affine geometry, Phase25 depth projection support, and raw-only scene reliability scoring. MM5 aligned images are evaluation-only.",1.0,0.9302766927083334,0.9302766927083334,0.831290602684021,0.835287868976593,1.0,0.977870007239415,1.010607545128357,0.9443762898445129,2.320918321609497,0.9302766927083334,1.124640559242655,1.2945985288519923,-0.13886716961860657,1.395369529724121,0.9302766927083334,-0.09233434606185076,0.3660336049006703,p29_raw_shift_dx4p5_dy3p0_fill,board_all_median_floor,affine,affine_lmeds,1496,5.984659671783447,7.825484275817871,"[[0.964242690293037, 0.13137386244365368, -26.99199754875218], [-0.06631033534806513, 0.9894192701549352, 24.920322865264623]]",4.5,3.0,9,True,False,3.0,2,0.1,calibration/def_stereocalib_THERM.yml,calibration/def_thermalcam_ori.yml,640x480,broad_generalization_raw_only_selection,review,raw_shift_local,False,v6,v9,support-v9,strict-selected,research,full,strict,all,13.769832162647186,6.1048054695129395,1.5753326416015625,10.634278297424316,9.303926467895508,5.428768634796143,4.469291925430298,1.5753326416015625,7.363251209259033,9.303926467895508,5.370133876800537,6.225050091743469,9.918649792671204,728,3691,1847,2.6151759922504425,18.343008995056152,728,5507,1851,8223,0.026767578125,1.0,1.0,1.0,0.2158872517616912,71.99255554429729,673,1280,2117,0.8172487998675716,0.45522096206491985,1851,0.0,0.0,0.0,2.1090082550048828,0.0,0.9230769230769231,general,False,,False,raw improvement -0.1294 is below 0.6000,13.869832162647185,generic_block,1.0,1.0,2.0,-0.12943087526111796,1.0,1.0,-0.08641785383224487,-0.27034997940063477,0.07321852445602417,v6,strict,v6 adds strict raw/depth support-gated selection for v9; aligned metrics remain evaluation-only.,302_seq588,,,,,,
302_seq588,302,588,p29_raw_shift_dx3p0_dy2p0_fill,True,phase21_fixed_rgb_canvas,phase23_crop_plus_board_residual_transform,,"[296, 103]","[280, 115]","Phase29 candidate generated from calibration files, raw RGB/LWIR/depth, Phase24 board-affine geometry, Phase25 depth projection support, and raw-only scene reliability scoring. MM5 aligned images are evaluation-only.",1.0,0.9317578125,0.9317578125,0.831290602684021,0.835287868976593,1.0,0.977870007239415,1.010607545128357,0.9303689002990723,2.723311185836792,0.9317578125,1.105316443970511,1.2752494052430627,-0.13230757415294647,1.2807170152664185,0.9317578125,-0.0853355683237017,0.36437538613895515,p29_raw_shift_dx3p0_dy2p0_fill,board_all_median_floor,affine,affine_lmeds,1496,5.984659671783447,7.825484275817871,"[[0.964242690293037, 0.13137386244365368, -26.99199754875218], [-0.06631033534806513, 0.9894192701549352, 24.920322865264623]]",3.0,2.0,9,True,False,3.0,2,0.1,calibration/def_stereocalib_THERM.yml,calibration/def_thermalcam_ori.yml,640x480,broad_generalization_raw_only_selection,review,raw_shift_local,False,v6,v9,support-v9,strict-selected,research,full,strict,all,13.66740236798077,6.061867296695709,1.5209370851516724,10.602797508239746,9.12795352935791,5.464550495147705,4.420805752277374,1.5209370851516724,7.320674419403076,9.12795352935791,5.406266689300537,5.8739500641822815,9.711499810218811,732,3691,1847,2.5689364969730377,17.844794273376465,732,5507,1851,8223,0.026767578125,1.0,1.0,1.0,0.2059577194106342,67.25941806606113,619,1280,2104,0.8173236170917523,0.4380132968322253,1851,0.0,0.0,0.0,2.0801956748962405,0.0,0.9230769230769231,general,False,,False,raw improvement -0.0270 is below 0.6000,13.69240236798077,generic_block,-0.5,0.0,0.5,-0.027001080594702742,1.0054945054945055,1.0,-0.03793168067932129,-0.06319999694824219,0.030280351638793945,v6,strict,v6 adds strict raw/depth support-gated selection for v9; aligned metrics remain evaluation-only.,302_seq588,,,,,,
302_seq588,302,588,p29_raw_shift_dx4p0_dy2p0_fill,True,phase21_fixed_rgb_canvas,phase23_crop_plus_board_residual_transform,,"[296, 103]","[280, 115]","Phase29 candidate generated from calibration files, raw RGB/LWIR/depth, Phase24 board-affine geometry, Phase25 depth projection support, and raw-only scene reliability scoring. MM5 aligned images are evaluation-only.",1.0,0.9313444010416667,0.9313444010416667,0.831290602684021,0.835287868976593,1.0,0.977870007239415,1.010607545128357,0.9389351606369019,2.4959282875061035,0.9313444010416667,1.1175890321709663,1.290862941727341,-0.13223586976528168,1.3253018856048584,0.9313444010416667,-0.08558924419537989,0.3639895792235397,p29_raw_shift_dx4p0_dy2p0_fill,board_all_median_floor,affine,affine_lmeds,1496,5.984659671783447,7.825484275817871,"[[0.964242690293037, 0.13137386244365368, -26.99199754875218], [-0.06631033534806513, 0.9894192701549352, 24.920322865264623]]",4.0,2.0,9,True,False,3.0,2,0.1,calibration/def_stereocalib_THERM.yml,calibration/def_thermalcam_ori.yml,640x480,broad_generalization_raw_only_selection,review,raw_shift_local,False,v6,v9,support-v9,strict-selected,research,full,strict,all,13.584877223725499,6.0219966173172,1.5368902683258057,10.507102966308594,8.947672843933105,5.1583075523376465,4.364094853401184,1.5368902683258057,7.1912994384765625,8.947672843933105,5.100258827209473,5.9547001123428345,9.56754982471466,732,3691,1847,2.549789220094681,17.631322383880615,732,5507,1851,8223,0.026767578125,1.0,1.0,1.0,0.22731155242366005,70.28416677146419,697,1280,2106,0.8194467450720556,0.4423152131403989,1851,0.0,0.0,0.0,2.0232457160949706,0.0,0.9230769230769231,general,False,,False,raw improvement 0.0555 is below 0.6000,13.6098772237255,generic_block,0.5,0.0,0.5,0.0555240636605685,1.0054945054945055,1.0,0.018779218196868896,0.0807499885559082,-0.009590327739715576,v6,strict,v6 adds strict raw/depth support-gated selection for v9; aligned metrics remain evaluation-only.,302_seq588,,,,,,
302_seq588,302,588,p29_raw_shift_dx3p5_dy1p5_fill,True,phase21_fixed_rgb_canvas,phase23_crop_plus_board_residual_transform,,"[296, 103]","[280, 115]","Phase29 candidate generated from calibration files, raw RGB/LWIR/depth, Phase24 board-affine geometry, Phase25 depth projection support, and raw-only scene reliability scoring. MM5 aligned images are evaluation-only.",1.0,0.9327799479166666,0.9327799479166666,0.831290602684021,0.835287868976593,1.0,0.977870007239415,1.010607545128357,0.9346649646759033,2.6679346561431885,0.9327799479166666,1.1130497395733554,1.295949218895408,-0.14310956001281738,1.3182449340820312,0.9327799479166666,-0.09570184687992048,0.3687812182492606,p29_raw_shift_dx3p5_dy1p5_fill,board_all_median_floor,affine,affine_lmeds,1496,5.984659671783447,7.825484275817871,"[[0.964242690293037, 0.13137386244365368, -26.99199754875218], [-0.06631033534806513, 0.9894192701549352, 24.920322865264623]]",3.5,1.5,9,True,False,3.0,2,0.1,calibration/def_stereocalib_THERM.yml,calibration/def_thermalcam_ori.yml,640x480,broad_generalization_raw_only_selection,review,raw_shift_local,False,v6,v9,support-v9,strict-selected,research,full,strict,all,13.549163207834006,5.985120058059692,1.4679598808288574,10.502280235290527,8.985702514648438,5.148929119110107,4.311707496643066,1.4679598808288574,7.155455112457275,8.985702514648438,5.090996742248535,5.747550070285797,9.466077208518982,722,3691,1847,2.5399318635463715,17.58286428451538,722,5507,1851,8223,0.026767578125,1.0,1.0,1.0,0.22432201580183642,67.21528996257298,684,1280,2119,0.815619300281877,0.43918654673445445,1851,0.0,0.0,0.0,2.0293407821655274,0.0,0.9230769230769231,general,False,,False,raw improvement 0.0912 is below 0.6000,13.574163207834006,generic_block,0.0,-0.5,0.5,0.09123807955206154,0.9917582417582418,1.0,0.07116657495498657,0.18222260475158691,-0.0464668869972229,v6,strict,v6 adds strict raw/depth support-gated selection for v9; aligned metrics remain evaluation-only.,302_seq588,,,,,,
302_seq588,302,588,p29_raw_shift_dx3p5_dy2p5_fill,True,phase21_fixed_rgb_canvas,phase23_crop_plus_board_residual_transform,,"[296, 103]","[280, 115]","Phase29 candidate generated from calibration files, raw RGB/LWIR/depth, Phase24 board-affine geometry, Phase25 depth projection support, and raw-only scene reliability scoring. MM5 aligned images are evaluation-only.",1.0,0.9317578125,0.9317578125,0.831290602684021,0.835287868976593,1.0,0.977870007239415,1.010607545128357,0.9385539889335632,2.5947811603546143,0.9317578125,1.1173639543057288,1.295857682228621,-0.14244230091571808,1.328057885169983,0.9317578125,-0.09519611034167177,0.3680969192337746,p29_raw_shift_dx3p5_dy2p5_fill,board_all_median_floor,affine,affine_lmeds,1496,5.984659671783447,7.825484275817871,"[[0.964242690293037, 0.13137386244365368, -26.99199754875218], [-0.06631033534806513, 0.9894192701549352, 24.920322865264623]]",3.5,2.5,9,True,False,3.0,2,0.1,calibration/def_stereocalib_THERM.yml,calibration/def_thermalcam_ori.yml,640x480,broad_generalization_raw_only_selection,review,raw_shift_local,False,v6,v9,support-v9,strict-selected,research,full,strict,all,13.765214137298809,6.080006957054138,1.5348098278045654,10.625204086303711,9.470967292785645,5.502232551574707,4.442973256111145,1.5348098278045654,7.351136684417725,9.470967292785645,5.443065166473389,6.017900049686432,9.855449795722961,723,3691,1847,2.6008961498737335,18.374608993530273,723,5507,1851,8223,0.026767578125,1.0,1.0,1.0,0.21150971599402094,69.10836866872255,645,1280,2107,0.8178654292343387,0.4470082127493156,1851,0.0,0.0,0.0,2.1449527168273925,0.0,0.9230769230769231,general,False,,False,raw improvement -0.1248 is below 0.6000,13.79021413729881,generic_block,0.0,0.5,0.5,-0.12481284991274144,0.9931318681318682,1.0,-0.06009918451309204,-0.20714998245239258,0.0484200119972229,v6,strict,v6 adds strict raw/depth support-gated selection for v9; aligned metrics remain evaluation-only.,302_seq588,,,,,,
