{"CalibrationInformation":{"Cameras":[{"Intrinsics":{"ModelParameterCount":14,"ModelParameters":[0.50375664234161377,0.50397700071334839,0.492230623960495,0.49248397350311279,4.1640028953552246,2.4848284721374512,0.11503755301237106,4.4952282905578613,3.8541116714477539,0.64435482025146484,0,0,-6.633102020714432E-5,5.6058470363495871E-5],"ModelType":"CALIBRATION_LensDistortionModelBrownConrady"},"Location":"CALIBRATION_CameraLocationD0","Purpose":"CALIBRATION_CameraPurposeDepth","MetricRadius":1.7399997711181641,"Rt":{"Rotation":[1,0,0,0,1,0,0,0,1],"Translation":[0,0,0]},"SensorHeight":1024,"SensorWidth":1024,"Shutter":"CALIBRATION_ShutterTypeUndefined","ThermalAdjustmentParams":{"Params":[0,0,0,0,0,0,0,0,0,0,0,0]}},{"Intrinsics":{"ModelParameterCount":14,"ModelParameters":[0.50248825550079346,0.50467020273208618,0.47512409090995789,0.63335216045379639,0.14840914309024811,-2.2596619129180908,1.4026087522506714,0.032533891499042511,-2.078737735748291,1.323980450630188,0,0,-0.00048383156536147,0.00028023318736813962],"ModelType":"CALIBRATION_LensDistortionModelBrownConrady"},"Location":"CALIBRATION_CameraLocationPV0","Purpose":"CALIBRATION_CameraPurposePhotoVideo","MetricRadius":0,"Rt":{"Rotation":[0.99998903274536133,0.0045294938609004021,-0.0011877542128786445,-0.0043901386670768261,0.99510687589645386,0.098707005381584167,0.0016290351049974561,-0.09870070219039917,0.99511581659317017],"Translation":[-0.03216378390789032,-0.0020067200530320406,0.0038164171855896711]},"SensorHeight":3072,"SensorWidth":4096,"Shutter":"CALIBRATION_ShutterTypeUndefined","ThermalAdjustmentParams":{"Params":[0,0,0,0,0,0,0,0,0,0,0,0]}}],"InertialSensors":[{"BiasTemperatureModel":[-0.012110371142625809,0,0,0,0.03433169424533844,0,0,0,0.0083543527871370316,0,0,0],"BiasUncertainty":[9.9999997473787516E-5,9.9999997473787516E-5,9.9999997473787516E-5],"Id":"CALIBRATION_InertialSensorId_LSM6DSM","MixingMatrixTemperatureModel":[0.99265968799591064,0,0,0,0.0048398361541330814,0,0,0,-0.0073186308145523071,0,0,0,0.0047477441839873791,0,0,0,1.0118895769119263,0,0,0,-0.0054457737132906914,0,0,0,-0.0073415227234363556,0,0,0,-0.0055687692947685719,0,0,0,0.98957180976867676,0,0,0],"ModelTypeMask":16,"Noise":[0.00095000001601874828,0.00095000001601874828,0.00095000001601874828,0,0,0],"Rt":{"Rotation":[0.00016228797903750092,0.10686910152435303,-0.99427306652069092,-0.99997103214263916,-0.0075506269931793213,-0.00097479461692273617,-0.0076115606352686882,0.99424445629119873,0.10686478018760681],"Translation":[0,0,0]},"SecondOrderScaling":[0,0,0,0,0,0,0,0,0],"SensorType":"CALIBRATION_InertialSensorType_Gyro","TemperatureBounds":[5,60],"TemperatureC":0},{"BiasTemperatureModel":[0.040557235479354858,0,0,0,0.20212538540363312,0,0,0,-0.046786244958639145,0,0,0],"BiasUncertainty":[0.0099999997764825821,0.0099999997764825821,0.0099999997764825821],"Id":"CALIBRATION_InertialSensorId_LSM6DSM","MixingMatrixTemperatureModel":[1.0069952011108398,0,0,0,-0.0008660326711833477,0,0,0,-0.0033770527224987745,0,0,0,-0.00088090368080884218,0,0,0,0.98998469114303589,0,0,0,0.00062472198624163866,0,0,0,-0.0033960037399083376,0,0,0,0.00061762228142470121,0,0,0,1.0013754367828369,0,0,0],"ModelTypeMask":56,"Noise":[0.010700000450015068,0.010700000450015068,0.010700000450015068,0,0,0],"Rt":{"Rotation":[-0.00347715150564909,0.1054675355553627,-0.99441665410995483,-0.99997901916503906,-0.005802731029689312,0.0028811651282012463,-0.0054664630442857742,0.99440580606460571,0.10548549890518188],"Translation":[-0.050687778741121292,0.0041555101051926613,0.001449127565138042]},"SecondOrderScaling":[0,0,0,0,0,0,0,0,0],"SensorType":"CALIBRATION_InertialSensorType_Accelerometer","TemperatureBounds":[5,60],"TemperatureC":0}],"Metadata":{"SerialId":"000024115212","FactoryCalDate":"12/21/2021 1:43:27 AM GMT","Version":{"Major":1,"Minor":2},"DeviceName":"AzureKinect-PV","Notes":"PV0_max_radius_invalid"}}}