{"CalibrationInformation":{"Cameras":[{"Intrinsics":{"ModelParameterCount":14,"ModelParameters":[0.49970591068267822,0.51062917709350586,0.492129385471344,0.49213236570358276,6.3580183982849121,4.1959147453308105,0.21280184388160706,6.6828722953796387,6.3248591423034668,1.1341322660446167,0,0,-8.701414913048211E-7,7.6424679718911648E-5],"ModelType":"CALIBRATION_LensDistortionModelBrownConrady"},"Location":"CALIBRATION_CameraLocationD0","Purpose":"CALIBRATION_CameraPurposeDepth","MetricRadius":1.7399997711181641,"Rt":{"Rotation":[1,0,0,0,1,0,0,0,1],"Translation":[0,0,0]},"SensorHeight":1024,"SensorWidth":1024,"Shutter":"CALIBRATION_ShutterTypeUndefined","ThermalAdjustmentParams":{"Params":[0,0,0,0,0,0,0,0,0,0,0,0]}},{"Intrinsics":{"ModelParameterCount":14,"ModelParameters":[0.49919399619102478,0.5082467794418335,0.47707673907279968,0.63596856594085693,0.76066857576370239,-3.0168099403381348,1.6861957311630249,0.63569456338882446,-2.8391044139862061,1.6137704849243164,0,0,-0.00045641922042705119,0.00092717737425118685],"ModelType":"CALIBRATION_LensDistortionModelBrownConrady"},"Location":"CALIBRATION_CameraLocationPV0","Purpose":"CALIBRATION_CameraPurposePhotoVideo","MetricRadius":0,"Rt":{"Rotation":[0.99999833106994629,-0.001807700376957655,0.00031310692429542542,0.0017738717142492533,0.99625587463378906,0.0864352434873581,-0.00046818365808576345,-0.086434543132781982,0.99625742435455322],"Translation":[-0.032049361616373062,-0.0022852241527289152,0.0040528262034058571]},"SensorHeight":3072,"SensorWidth":4096,"Shutter":"CALIBRATION_ShutterTypeUndefined","ThermalAdjustmentParams":{"Params":[0,0,0,0,0,0,0,0,0,0,0,0]}}],"InertialSensors":[{"BiasTemperatureModel":[0.0020472414325922728,0,0,0,0.024572420865297318,0,0,0,0.010783121921122074,0,0,0],"BiasUncertainty":[9.9999997473787516E-5,9.9999997473787516E-5,9.9999997473787516E-5],"Id":"CALIBRATION_InertialSensorId_LSM6DSM","MixingMatrixTemperatureModel":[0.99880993366241455,0,0,0,0.0031376287806779146,0,0,0,0.000663334911223501,0,0,0,0.0031035938300192356,0,0,0,1.0097739696502686,0,0,0,0.0033374596387147903,0,0,0,0.00066342670470476151,0,0,0,0.0033745262771844864,0,0,0,0.99867326021194458,0,0,0],"ModelTypeMask":16,"Noise":[0.00095000001601874828,0.00095000001601874828,0.00095000001601874828,0,0,0],"Rt":{"Rotation":[-0.0020187452901154757,0.11433180421590805,-0.993440568447113,-0.99999719858169556,0.00097413442563265562,0.0021441788412630558,0.0012128924718126655,0.9934421181678772,0.11432952433824539],"Translation":[0,0,0]},"SecondOrderScaling":[0,0,0,0,0,0,0,0,0],"SensorType":"CALIBRATION_InertialSensorType_Gyro","TemperatureBounds":[5,60],"TemperatureC":0},{"BiasTemperatureModel":[-0.030693609267473221,0,0,0,0.089943669736385345,0,0,0,-0.19375617802143097,0,0,0],"BiasUncertainty":[0.0099999997764825821,0.0099999997764825821,0.0099999997764825821],"Id":"CALIBRATION_InertialSensorId_LSM6DSM","MixingMatrixTemperatureModel":[0.99810713529586792,0,0,0,-0.00033443482243455946,0,0,0,-0.00036879241815768182,0,0,0,-0.00033566079218871891,0,0,0,0.994462251663208,0,0,0,0.00085766124539077282,0,0,0,-0.00037059423630125821,0,0,0,0.00085870368639007211,0,0,0,0.993255078792572,0,0,0],"ModelTypeMask":56,"Noise":[0.010700000450015068,0.010700000450015068,0.010700000450015068,0,0,0],"Rt":{"Rotation":[0.006287209689617157,0.11335674673318863,-0.99353444576263428,-0.99997961521148682,0.0018266639672219753,-0.0061195828020572662,0.0011211575474590063,0.99355268478393555,0.11336591839790344],"Translation":[-0.0512518547475338,0.0033390836324542761,0.0019756052643060684]},"SecondOrderScaling":[0,0,0,0,0,0,0,0,0],"SensorType":"CALIBRATION_InertialSensorType_Accelerometer","TemperatureBounds":[5,60],"TemperatureC":0}],"Metadata":{"SerialId":"000048294212","FactoryCalDate":"10/15/2019 8:05:15 AM GMT","Version":{"Major":1,"Minor":2},"DeviceName":"AzureKinect-PV","Notes":"PV0_max_radius_invalid"}}}