class_name,iou,precision,recall,f1,pixel_accuracy,class_pixels
background,0.962391645794815,0.9966450206616609,0.9655196137375791,0.9808354492917988,0.9655196137375791,8633923
class_1,0.35587967502451323,0.3905499404327274,0.8003544004725339,0.5249428567738936,0.8003544004725339,25395
class_2,0.3730167921250724,0.4084971464806595,0.8111306975572904,0.5433535762483132,0.8111306975572904,19855
class_3,0.2668301716802643,0.29783786803732054,0.7193361219808393,0.4212564203871988,0.7193361219808393,7411
class_4,0.6233199095629337,0.6591251332296831,0.9198362473347548,0.767956957702512,0.9198362473347548,293125
class_5,0.18364642606594433,0.23697445182055923,0.4493610528323479,0.31030622324662493,0.4493610528323479,5243
class_6,0.3524504356508995,0.37249995744608416,0.8675176405296123,0.52120273891039,0.8675176405296123,25226
class_7,0.3151941972073249,0.3517757212452687,0.7519210297106358,0.4793120253672139,0.7519210297106358,51665
