class_name,iou,precision,recall,f1,pixel_accuracy,class_pixels
background,0.9664247782233266,0.9961990213101816,0.9700015382502336,0.9829257533018839,0.9700015382502336,8132617
class_1,0.2936569412169722,0.3428456591639871,0.6717857846032683,0.4539950768411949,0.6717857846032683,25395
class_2,0.3536148370538957,0.4051092865860424,0.7355829765802065,0.5224748242617204,0.7355829765802065,19855
class_3,0.16111111111111112,0.2006135707410972,0.450006746727837,0.27751196172248804,0.450006746727837,7411
class_4,0.6862765432723318,0.7263449841514606,0.9255982942430704,0.8139549186168082,0.9255982942430704,293125
class_5,0.15515758191913662,0.20822837951301426,0.37840930764829295,0.2686344864938054,0.37840930764829295,5243
class_6,0.3786754507628294,0.4022764107853249,0.8658526916673274,0.5493322602550238,0.8658526916673274,25226
class_7,0.34757594892303373,0.3885833063701699,0.7670957127649279,0.5158535950434737,0.7670957127649279,51665
