{
  "method_name": "M6_MAR_EDGE_REFINE",
  "track": "THERMAL",
  "num_test_scenes": 30,
  "reprojection_mae_px": 2.287250734931213,
  "checkerboard_corner_rmse_px": 2.394632259230419,
  "keypoint_transfer_error_px": 15.087343374888102,
  "ntg": 0.19926599333038844,
  "mutual_information": 0.2995596712149177,
  "valid_warp_coverage": 0.8708228556315103,
  "mean_iou": 0.41781164906032964,
  "freq_iou": 0.9467540759332466,
  "pixel_accuracy": 0.9647087560044423,
  "mean_pixel_accuracy": 0.7205416315606454,
  "boundary_f1": 0.25490690172870817
}