{
  "entropy_mean": 3.281251893595384,
  "entropy_min": 2.208527682899459,
  "entropy_max": 3.6552674099733946,
  "average_gradient_mean": 18.260459929704666,
  "average_gradient_min": 1.926551342010498,
  "average_gradient_max": 23.849973678588867,
  "spatial_frequency_mean": 8.26827609539032,
  "spatial_frequency_min": 1.1517879962921143,
  "spatial_frequency_max": 10.716471672058105,
  "std_mean": 29.490776161352795,
  "std_min": 3.769660711288452,
  "std_max": 38.498146057128906,
  "mean_brightness_mean": 21.0883596042792,
  "mean_brightness_min": 1.7739485502243042,
  "mean_brightness_max": 27.97635841369629,
  "mi_with_raw_rgb_mean": 0.6278097128469112,
  "mi_with_raw_rgb_min": 0.5770990028573635,
  "mi_with_raw_rgb_max": 0.7127120891455091,
  "mi_with_calibrated_lwir_mean": 0.19421349963989987,
  "mi_with_calibrated_lwir_min": 0.09479714963062524,
  "mi_with_calibrated_lwir_max": 0.2345310500430675,
  "ncc_with_raw_rgb_mean": 0.9789265592892965,
  "ncc_with_raw_rgb_min": 0.9690674543380737,
  "ncc_with_raw_rgb_max": 1.0,
  "ncc_with_calibrated_lwir_mean": 0.019077418837696314,
  "ncc_with_calibrated_lwir_min": -0.022783569991588593,
  "ncc_with_calibrated_lwir_max": 0.053739920258522034,
  "mean_abs_change_vs_raw_rgb_mean": 19.221981366475422,
  "mean_abs_change_vs_raw_rgb_min": 0.0,
  "mean_abs_change_vs_raw_rgb_max": 26.078489303588867,
  "mean_abs_change_on_alpha_mean": 63.622918446858726,
  "mean_abs_change_on_alpha_min": 0.0,
  "mean_abs_change_on_alpha_max": 94.9101791381836,
  "alpha_mean_mean": 0.0026237308823813996,
  "alpha_mean_min": 0.002207673853263259,
  "alpha_mean_max": 0.0031722798012197018,
  "alpha_coverage_mean": 0.010658275462962963,
  "alpha_coverage_min": 0.010135633680555556,
  "alpha_coverage_max": 0.011164279513888889,
  "valid_ratio_mean": 0.8336512586805557,
  "valid_ratio_min": 0.8336512586805556,
  "valid_ratio_max": 0.8336512586805556
}