{
  "aligned_id_mean": 104.33333333333333,
  "aligned_id_min": 103.0,
  "aligned_id_max": 106.0,
  "sequence_mean": 386.3333333333333,
  "sequence_min": 385.0,
  "sequence_max": 388.0,
  "dark_mean_mean": 1.8663765914351853,
  "dark_mean_min": 1.7739485677083333,
  "dark_mean_max": 1.927306857638889,
  "lwir_calib_width_mean": 1280.0,
  "lwir_calib_width_min": 1280.0,
  "lwir_calib_width_max": 1280.0,
  "lwir_calib_height_mean": 720.0,
  "lwir_calib_height_min": 720.0,
  "lwir_calib_height_max": 720.0,
  "plane_depth_mm_mean": 325.0,
  "plane_depth_mm_min": 325.0,
  "plane_depth_mm_max": 325.0,
  "lwir_cx_offset_mean": 14.0,
  "lwir_cx_offset_min": 14.0,
  "lwir_cx_offset_max": 14.0,
  "lwir_cy_offset_mean": 0.0,
  "lwir_cy_offset_min": 0.0,
  "lwir_cy_offset_max": 0.0,
  "t_scale_mean": 1.45,
  "t_scale_min": 1.45,
  "t_scale_max": 1.45,
  "valid_ratio_mean": 0.8336512586805555,
  "valid_ratio_min": 0.8336512586805556,
  "valid_ratio_max": 0.8336512586805556,
  "residual_dx_mean": 1.3333333333333333,
  "residual_dx_min": 0.0,
  "residual_dx_max": 2.0,
  "residual_dy_mean": -1.3333333333333333,
  "residual_dy_min": -2.0,
  "residual_dy_max": 0.0,
  "residual_refine_accepted_mean": 0.6666666666666666,
  "residual_refine_accepted_min": 0.0,
  "residual_refine_accepted_max": 1.0,
  "raw_lwir_to_rgb_baseline_ncc_mean": -0.1715786854426066,
  "raw_lwir_to_rgb_baseline_ncc_min": -0.2080843299627304,
  "raw_lwir_to_rgb_baseline_ncc_max": -0.10151652991771698,
  "raw_lwir_to_rgb_baseline_edge_distance_mean": 26.45743751525879,
  "raw_lwir_to_rgb_baseline_edge_distance_min": 21.766035079956055,
  "raw_lwir_to_rgb_baseline_edge_distance_max": 29.725746154785156,
  "raw_lwir_to_rgb_calibrated_ncc_mean": 0.2632133662700653,
  "raw_lwir_to_rgb_calibrated_ncc_min": 0.18424658477306366,
  "raw_lwir_to_rgb_calibrated_ncc_max": 0.3666345179080963,
  "raw_lwir_to_rgb_calibrated_edge_distance_mean": 2.1906277338663735,
  "raw_lwir_to_rgb_calibrated_edge_distance_min": 1.4213368892669678,
  "raw_lwir_to_rgb_calibrated_edge_distance_max": 2.882617473602295,
  "raw_lwir_to_rgb_calibrated_mi_mean": 0.18523984008576433,
  "raw_lwir_to_rgb_calibrated_mi_min": 0.15803833532186604,
  "raw_lwir_to_rgb_calibrated_mi_max": 0.21212317810590683,
  "raw_lwir_to_rgb_ncc_gain_mean": 0.43479205171267193,
  "raw_lwir_to_rgb_ncc_gain_min": 0.3893817812204361,
  "raw_lwir_to_rgb_ncc_gain_max": 0.4681510478258133,
  "raw_lwir_to_rgb_edge_distance_gain_mean": 24.266809781392414,
  "raw_lwir_to_rgb_edge_distance_gain_min": 18.88341760635376,
  "raw_lwir_to_rgb_edge_distance_gain_max": 28.30440926551819,
  "fusion_entropy_gain_vs_raw_rgb_mean": 1.389127817547268,
  "fusion_entropy_gain_vs_raw_rgb_min": 1.3818295312698394,
  "fusion_entropy_gain_vs_raw_rgb_max": 1.3957109718188292,
  "fusion_avg_gradient_gain_vs_raw_rgb_mean": 21.596837878227234,
  "fusion_avg_gradient_gain_vs_raw_rgb_min": 21.56644296646118,
  "fusion_avg_gradient_gain_vs_raw_rgb_max": 21.632887721061707,
  "fusion_mi_with_lwir_mean": 0.2228197735460078,
  "fusion_mi_with_lwir_min": 0.22063379297560154,
  "fusion_mi_with_lwir_max": 0.2266557097405808,
  "fusion_mi_with_raw_rgb_mean": 0.5969175805635974,
  "fusion_mi_with_raw_rgb_min": 0.5770990028573635,
  "fusion_mi_with_raw_rgb_max": 0.6092084962108658,
  "fusion_mean_abs_change_vs_raw_rgb_mean": 25.724884033203125,
  "fusion_mean_abs_change_vs_raw_rgb_min": 25.058589935302734,
  "fusion_mean_abs_change_vs_raw_rgb_max": 26.078489303588867,
  "fusion_alpha_mean_mean": 0.0026237308823813996,
  "fusion_alpha_mean_min": 0.002207673853263259,
  "fusion_alpha_mean_max": 0.0031722798012197018,
  "fusion_alpha_coverage_mean": 0.010658275462962963,
  "fusion_alpha_coverage_min": 0.010135633680555556,
  "fusion_alpha_coverage_max": 0.011164279513888889
}