{
  "aligned_id_mean": 104.33333333333333,
  "aligned_id_min": 103.0,
  "aligned_id_max": 106.0,
  "sequence_mean": 386.3333333333333,
  "sequence_min": 385.0,
  "sequence_max": 388.0,
  "ncc_mean": 0.10930809709760878,
  "ncc_min": -0.2080843299627304,
  "ncc_max": 0.3666345179080963,
  "edge_distance_mean": 10.444689989089966,
  "edge_distance_min": 1.4213368892669678,
  "edge_distance_max": 29.725746154785156,
  "valid_ratio_mean": 0.8888404224537036,
  "valid_ratio_min": 0.8336512586805556,
  "valid_ratio_max": 0.99921875,
  "score_mean": 0.06503050566392611,
  "score_min": -0.3864388068914414,
  "score_max": 0.37717251409091057,
  "plane_depth_mm_mean": 325.0,
  "plane_depth_mm_min": 325.0,
  "plane_depth_mm_max": 325.0,
  "residual_dx_mean": 1.3333333333333333,
  "residual_dx_min": 0.0,
  "residual_dx_max": 2.0,
  "residual_dy_mean": -1.3333333333333333,
  "residual_dy_min": -2.0,
  "residual_dy_max": 0.0,
  "refine_accepted_mean": 0.6666666666666666,
  "refine_accepted_min": 0.0,
  "refine_accepted_max": 1.0
}