{
  "base_stereo_source": "m1_saved_or_mm5_official",
  "sampled_sequences": [
    320,
    458,
    286,
    532,
    378,
    485,
    521,
    453,
    572,
    431,
    341,
    285,
    289,
    331,
    537,
    530,
    576,
    479,
    330,
    459,
    483,
    488,
    282,
    345,
    456,
    371,
    519,
    367,
    465,
    427,
    467,
    362,
    309,
    375,
    543,
    553,
    551,
    549,
    597,
    583,
    603,
    587,
    407,
    607,
    595,
    594,
    606,
    581
  ],
  "train_scene_count": 48,
  "score_before": 0.3625184503834761,
  "score_after": 0.35766093976457775,
  "score_gain": -0.004857510618898331,
  "used_refined_pose": 0,
  "quality_gate_min_score_gain": 0.01,
  "global_pose_delta": {
    "rx_deg": 0.0,
    "ry_deg": 0.0,
    "rz_deg": 0.0,
    "tx_mm": 0.0,
    "ty_mm": 0.0,
    "tz_mm": 0.0
  },
  "summary_before": {
    "score": 0.3625184503834761,
    "edge_score": 0.5259451390774398,
    "mi_score": 0.2363351119055069,
    "projected_ratio": 0.024672952709830442,
    "reproj_score": 0.6182476928028532,
    "checkerboard_corner_rmse_px": 1.4425983132199671
  },
  "summary_after": {
    "score": 0.35766093976457775,
    "edge_score": 0.5785609107877351,
    "mi_score": 0.23744969385801087,
    "projected_ratio": 0.02551016192424731,
    "reproj_score": 0.3284407406074482,
    "checkerboard_corner_rmse_px": 3.340196553658359
  },
  "summary_final": {
    "score": 0.3625184503834761,
    "edge_score": 0.5259451390774398,
    "mi_score": 0.2363351119055069,
    "projected_ratio": 0.024672952709830442,
    "reproj_score": 0.6182476928028532,
    "checkerboard_corner_rmse_px": 1.4425983132199671
  }
}