class_name,iou,precision,recall,f1,pixel_accuracy,class_pixels
background,0.9672233964217212,0.987337792570855,0.9793717671389781,0.9833386469285096,0.9793717671389781,8892085
class_1,0.10085632730732635,0.17522550041326768,0.19200630045284506,0.1832324978392394,0.19200630045284506,25395
class_2,0.056419829910806886,0.10416965867202833,0.10959456056408964,0.10681327311996858,0.10959456056408964,19855
class_3,0.02172920065252855,0.040378319388868676,0.04493320739441371,0.04253416783752715,0.04493320739441371,7411
class_4,0.6436356937436675,0.7202398165300472,0.8581867803837953,0.7831853447739074,0.8581867803837953,293125
class_5,0.10250323694432456,0.19095477386934673,0.18119397291626932,0.18594636915247603,0.18119397291626932,5243
class_6,0.0868553303674411,0.15310605235450023,0.16716879410132404,0.15982868729746633,0.16716879410132404,25226
class_7,0.14647086978217258,0.2361158992038086,0.2783896254717894,0.2555160774560312,0.2783896254717894,51665
