class_name,iou,precision,recall,f1,pixel_accuracy,class_pixels
background,0.9670762451520253,0.9870151548868266,0.979538457865366,0.9832625934408403,0.979538457865366,8879536
class_1,0.10036859107098484,0.1747044405997693,0.19086434337468006,0.18242721917988672,0.19086434337468006,25395
class_2,0.05778228321896444,0.10666986564299424,0.11196172248803828,0.10925175082934022,0.11196172248803828,19855
class_3,0.02289676828470496,0.0425531914893617,0.04722709485899339,0.04476848298797647,0.04722709485899339,7411
class_4,0.6401783305281822,0.7217643224451366,0.8499275053304904,0.7806203979320069,0.8499275053304904,293125
class_5,0.09371267238570963,0.1787119486436115,0.16460041960709518,0.17136616362192217,0.16460041960709518,5243
class_6,0.08602843365480545,0.153154486586494,0.1640767462142234,0.1584275899025856,0.1640767462142234,25226
class_7,0.15081466395112017,0.24142146874235879,0.28665440820671634,0.2621006990531812,0.28665440820671634,51665
