{
  "method_name": "M2_SU2025_XOFTR_FALLBACK",
  "track": "THERMAL",
  "num_test_scenes": 30,
  "reprojection_mae_px": 1.3286217044372537,
  "checkerboard_corner_rmse_px": 1.4425983132199671,
  "keypoint_transfer_error_px": 16.754901854197183,
  "overall_region_error_px": 11.773684706787268,
  "ntg": 0.20637395511644366,
  "mutual_information": 0.2968061876363072,
  "valid_warp_coverage": 0.9468033854166666,
  "mean_iou": 0.2648572485308121,
  "freq_iou": 0.9443138652155169,
  "pixel_accuracy": 0.9641962314944063,
  "mean_pixel_accuracy": 0.34935633724320037,
  "boundary_f1": 0.22074425227563485
}