sample,aligned_id,sequence,variant,target_ncc,target_mi,target_edge_distance,target_valid_ratio,raw_rgb_ncc,raw_rgb_mi,raw_rgb_edge_distance,valid_ratio,fusion_entropy_gain_vs_raw_rgb,fusion_alpha_coverage,raw_refine_dx,raw_refine_dy,raw_refine_accepted,selected_variant
103_seq385,103,385,global_flow_raw_refined,0.3821712136268616,0.4940323870820953,2.9437458515167236,0.8153157552083333,0.3286876082420349,0.1573239571413088,1.7427836656570435,0.8153157552083333,1.39187417305028,0.008249782986111112,2,2,True,global_flow_raw_refined
104_seq386,104,386,global_flow_raw_refined,0.26783910393714905,0.5676723745129864,4.710907459259033,0.8149164496527778,0.22246503829956055,0.1537855708832526,1.405096411705017,0.8149164496527778,1.3892037387074745,0.008522135416666667,-2,0,True,global_flow_raw_refined
106_seq388,106,388,global_flow_raw_refined,0.27212998270988464,0.5566639422765265,6.890771865844727,0.8125716145833334,0.1678028255701065,0.16935190111403658,1.3212151527404785,0.8125716145833334,1.3802716247509403,0.009368489583333334,-2,2,True,global_flow_raw_refined
