{
  "strategy": "teacher_residual_global_flow",
  "baseline_output": "darklight_mm5/outputs_calibration_plane_opt",
  "reference_output_used_offline_only": "darklight_mm5/outputs",
  "sample_count": 3,
  "global_affine_reason": "accepted",
  "global_affine_matrix_2x3": [
    [
      1.0,
      0.0,
      0.0
    ],
    [
      0.0,
      1.0,
      0.0
    ]
  ],
  "global_affine_matrix_3x3": [
    [
      1.0,
      0.0,
      0.0
    ],
    [
      0.0,
      1.0,
      0.0
    ],
    [
      0.0,
      0.0,
      1.0
    ]
  ],
  "global_flow_path": "E:\\aa_read_yan\\aMAR\\MAR_bianyuan\\darklight_mm5\\teacher_residual_method\\teacher_residual_global_flow.npy",
  "local_flow_sigma": 7.0,
  "local_flow_max": 32.0,
  "raw_refine_shift": 2,
  "selected_variant": "global_flow_raw_refined",
  "variant_scores": [
    {
      "variant": "global_flow_raw_refined",
      "score": 0.2858681612337569,
      "aligned_id_mean": 104.33333333333333,
      "aligned_id_min": 103.0,
      "aligned_id_max": 106.0,
      "sequence_mean": 386.3333333333333,
      "sequence_min": 385.0,
      "sequence_max": 388.0,
      "target_ncc_mean": 0.3073801000912984,
      "target_ncc_min": 0.26783910393714905,
      "target_ncc_max": 0.3821712136268616,
      "target_mi_mean": 0.5394562346238694,
      "target_mi_min": 0.4940323870820953,
      "target_mi_max": 0.5676723745129864,
      "target_edge_distance_mean": 4.848475058873494,
      "target_edge_distance_min": 2.9437458515167236,
      "target_edge_distance_max": 6.890771865844727,
      "target_valid_ratio_mean": 0.8142679398148148,
      "target_valid_ratio_min": 0.8125716145833334,
      "target_valid_ratio_max": 0.8153157552083333,
      "raw_rgb_ncc_mean": 0.23965182403723398,
      "raw_rgb_ncc_min": 0.1678028255701065,
      "raw_rgb_ncc_max": 0.3286876082420349,
      "raw_rgb_mi_mean": 0.160153809712866,
      "raw_rgb_mi_min": 0.1537855708832526,
      "raw_rgb_mi_max": 0.16935190111403658,
      "raw_rgb_edge_distance_mean": 1.4896984100341797,
      "raw_rgb_edge_distance_min": 1.3212151527404785,
      "raw_rgb_edge_distance_max": 1.7427836656570435,
      "valid_ratio_mean": 0.8142679398148148,
      "valid_ratio_min": 0.8125716145833334,
      "valid_ratio_max": 0.8153157552083333,
      "fusion_entropy_gain_vs_raw_rgb_mean": 1.387116512169565,
      "fusion_entropy_gain_vs_raw_rgb_min": 1.3802716247509403,
      "fusion_entropy_gain_vs_raw_rgb_max": 1.39187417305028,
      "fusion_alpha_coverage_mean": 0.008713469328703705,
      "fusion_alpha_coverage_min": 0.008249782986111112,
      "fusion_alpha_coverage_max": 0.009368489583333334,
      "raw_refine_dx_mean": -0.6666666666666666,
      "raw_refine_dx_min": -2.0,
      "raw_refine_dx_max": 2.0,
      "raw_refine_dy_mean": 1.3333333333333333,
      "raw_refine_dy_min": 0.0,
      "raw_refine_dy_max": 2.0,
      "raw_refine_accepted_mean": 1.0,
      "raw_refine_accepted_min": 1.0,
      "raw_refine_accepted_max": 1.0
    },
    {
      "variant": "global_flow",
      "score": 0.28451509476182035,
      "aligned_id_mean": 104.33333333333333,
      "aligned_id_min": 103.0,
      "aligned_id_max": 106.0,
      "sequence_mean": 386.3333333333333,
      "sequence_min": 385.0,
      "sequence_max": 388.0,
      "target_ncc_mean": 0.31345800558725995,
      "target_ncc_min": 0.2694559693336487,
      "target_ncc_max": 0.3894576132297516,
      "target_mi_mean": 0.5445384026521788,
      "target_mi_min": 0.4966896680681552,
      "target_mi_max": 0.5686684447074741,
      "target_edge_distance_mean": 5.616983095804851,
      "target_edge_distance_min": 2.8363165855407715,
      "target_edge_distance_max": 9.157261848449707,
      "target_valid_ratio_mean": 0.8151808449074074,
      "target_valid_ratio_min": 0.8148958333333334,
      "target_valid_ratio_max": 0.8153233506944444,
      "raw_rgb_ncc_mean": 0.21274000157912573,
      "raw_rgb_ncc_min": 0.11894435435533524,
      "raw_rgb_ncc_max": 0.3117564022541046,
      "raw_rgb_mi_mean": 0.1557942883228604,
      "raw_rgb_mi_min": 0.1495757610188248,
      "raw_rgb_mi_max": 0.16509367170431088,
      "raw_rgb_edge_distance_mean": 1.2422953844070435,
      "raw_rgb_edge_distance_min": 1.019446611404419,
      "raw_rgb_edge_distance_max": 1.431695818901062,
      "valid_ratio_mean": 0.8151808449074074,
      "valid_ratio_min": 0.8148958333333334,
      "valid_ratio_max": 0.8153233506944444,
      "fusion_entropy_gain_vs_raw_rgb_mean": 1.3869535774370323,
      "fusion_entropy_gain_vs_raw_rgb_min": 1.3798607275867312,
      "fusion_entropy_gain_vs_raw_rgb_max": 1.3921443386709895,
      "fusion_alpha_coverage_mean": 0.008646195023148147,
      "fusion_alpha_coverage_min": 0.00831814236111111,
      "fusion_alpha_coverage_max": 0.009208984375,
      "raw_refine_dx_mean": 0.0,
      "raw_refine_dx_min": 0.0,
      "raw_refine_dx_max": 0.0,
      "raw_refine_dy_mean": 0.0,
      "raw_refine_dy_min": 0.0,
      "raw_refine_dy_max": 0.0,
      "raw_refine_accepted_mean": 0.0,
      "raw_refine_accepted_min": 0.0,
      "raw_refine_accepted_max": 0.0
    },
    {
      "variant": "global_affine",
      "score": 0.23505015382466907,
      "aligned_id_mean": 104.33333333333333,
      "aligned_id_min": 103.0,
      "aligned_id_max": 106.0,
      "sequence_mean": 386.3333333333333,
      "sequence_min": 385.0,
      "sequence_max": 388.0,
      "target_ncc_mean": 0.2623670945564906,
      "target_ncc_min": 0.16870535910129547,
      "target_ncc_max": 0.3648748993873596,
      "target_mi_mean": 0.5388221719460075,
      "target_mi_min": 0.49268743856707126,
      "target_mi_max": 0.5649333951669814,
      "target_edge_distance_mean": 5.4258049329121905,
      "target_edge_distance_min": 3.9272403717041016,
      "target_edge_distance_max": 6.602059364318848,
      "target_valid_ratio_mean": 0.8336512586805555,
      "target_valid_ratio_min": 0.8336512586805556,
      "target_valid_ratio_max": 0.8336512586805556,
      "raw_rgb_ncc_mean": 0.2632133662700653,
      "raw_rgb_ncc_min": 0.18424658477306366,
      "raw_rgb_ncc_max": 0.3666345179080963,
      "raw_rgb_mi_mean": 0.18523984008576433,
      "raw_rgb_mi_min": 0.15803833532186604,
      "raw_rgb_mi_max": 0.21212317810590683,
      "raw_rgb_edge_distance_mean": 2.1906277338663735,
      "raw_rgb_edge_distance_min": 1.4213368892669678,
      "raw_rgb_edge_distance_max": 2.882617473602295,
      "valid_ratio_mean": 0.8336512586805555,
      "valid_ratio_min": 0.8336512586805556,
      "valid_ratio_max": 0.8336512586805556,
      "fusion_entropy_gain_vs_raw_rgb_mean": 1.3857640878419908,
      "fusion_entropy_gain_vs_raw_rgb_min": 1.3782713729161014,
      "fusion_entropy_gain_vs_raw_rgb_max": 1.3919407399793107,
      "fusion_alpha_coverage_mean": 0.008664641203703704,
      "fusion_alpha_coverage_min": 0.008340928819444444,
      "fusion_alpha_coverage_max": 0.009141710069444444,
      "raw_refine_dx_mean": 0.0,
      "raw_refine_dx_min": -2.0,
      "raw_refine_dx_max": 2.0,
      "raw_refine_dy_mean": -1.3333333333333333,
      "raw_refine_dy_min": -2.0,
      "raw_refine_dy_max": 0.0,
      "raw_refine_accepted_mean": 0.6666666666666666,
      "raw_refine_accepted_min": 0.0,
      "raw_refine_accepted_max": 1.0
    },
    {
      "variant": "global_affine_raw_refined",
      "score": 0.234357762819919,
      "aligned_id_mean": 104.33333333333333,
      "aligned_id_min": 103.0,
      "aligned_id_max": 106.0,
      "sequence_mean": 386.3333333333333,
      "sequence_min": 385.0,
      "sequence_max": 388.0,
      "target_ncc_mean": 0.2610550969839096,
      "target_ncc_min": 0.16531918942928314,
      "target_ncc_max": 0.36432507634162903,
      "target_mi_mean": 0.5394664026576875,
      "target_mi_min": 0.4919188603565959,
      "target_mi_max": 0.5676346655124967,
      "target_edge_distance_mean": 5.3670654296875,
      "target_edge_distance_min": 3.975926399230957,
      "target_edge_distance_max": 6.602059364318848,