class_name,iou,precision,recall,f1,pixel_accuracy,class_pixels
background,0.907541566834041,0.9462118762434198,0.9569083550121158,0.9515300558721702,0.9569083550121158,10846627
class_1,0.0,0.0,0.0,0.0,0.0,36832
class_2,0.0,0.0,0.0,0.0,0.0,29355
class_3,0.0,0.0,0.0,0.0,0.0,10471
class_4,0.0051540686860737156,0.01446574255033673,0.007943276524573698,0.010255280949737502,0.007943276524573698,422118
class_5,0.0,0.0,0.0,0.0,0.0,7997
class_6,0.0,0.0,0.0,0.0,0.0,35039
class_7,0.04229034539530893,0.06886233197402206,0.09877195120300039,0.08114887676383398,0.09877195120300039,73857
