class_name,iou,precision,recall,f1,pixel_accuracy,class_pixels
background,0.9120827478813045,0.9488709383059192,0.9592255800933169,0.954020163501756,0.9592255800933169,11425791
class_1,0.0,0.0,0.0,0.0,0.0,36832
class_2,0.0,0.0,0.0,0.0,0.0,29355
class_3,0.0,0.0,0.0,0.0,0.0,10471
class_4,0.0002776502247898935,0.0007792263395628626,0.00043115905978896894,0.0005551463130811687,0.00043115905978896894,422118
class_5,0.0,0.0,0.0,0.0,0.0,7997
class_6,0.0,0.0,0.0,0.0,0.0,35039
class_7,0.031063980533471165,0.0515889472922795,0.07242373776351599,0.06025616473848441,0.07242373776351599,73857
