{
  "method_name": "M0_MM5_OFFICIAL",
  "track": "UV",
  "num_test_scenes": 30,
  "reprojection_mae_px": 277.3185764738351,
  "checkerboard_corner_rmse_px": 277.8953154750381,
  "keypoint_transfer_error_px": 207.8415720621745,
  "ntg": 0.07893890531325559,
  "mutual_information": 0.12740717184419617,
  "valid_warp_coverage": 0.9678385416666665,
  "mean_iou": 0.11792804732994569,
  "freq_iou": 0.8656490446810707,
  "pixel_accuracy": 0.9106405701634187,
  "mean_pixel_accuracy": 0.12901005961457773,
  "boundary_f1": 0.0067228123272709325
}