sample,aligned_id,sequence,target_ncc,target_mi,target_edge_distance,target_valid_ratio,raw_rgb_ncc,raw_rgb_edge_distance,valid_ratio,fusion_entropy_gain_vs_raw_rgb,fusion_alpha_coverage
103_seq385,103,385,0.367887,0.493836,4.055183,0.832416,0.309840,3.558179,0.832416,1.391444,0.008511
104_seq386,104,386,0.161271,0.559836,6.089072,0.832416,0.151904,3.099674,0.832416,1.387786,0.008492
106_seq388,106,388,0.250641,0.548778,6.748585,0.832416,0.259245,1.419889,0.832416,1.379003,0.009536
