{
  "aligned_id_mean": 104.33333333333333,
  "aligned_id_min": 103.0,
  "aligned_id_max": 106.0,
  "sequence_mean": 386.3333333333333,
  "sequence_min": 385.0,
  "sequence_max": 388.0,
  "dark_mean_mean": 1.8663765914351853,
  "dark_mean_min": 1.7739485677083333,
  "dark_mean_max": 1.927306857638889,
  "rgb_ncc_to_official_mean": 0.9999990661938986,
  "rgb_ncc_to_official_min": 0.9999971985816956,
  "rgb_ncc_to_official_max": 1.0,
  "rgb_edge_distance_to_official_mean": 7.309977384769202e-05,
  "rgb_edge_distance_to_official_min": 0.0,
  "rgb_edge_distance_to_official_max": 0.00020410344586707652,
  "rgb_valid_ratio_mean": 1.0,
  "rgb_valid_ratio_min": 1.0,
  "rgb_valid_ratio_max": 1.0,
  "lwir_ncc_to_official_mean": 0.923251191775004,
  "lwir_ncc_to_official_min": 0.9064322710037231,
  "lwir_ncc_to_official_max": 0.9347152709960938,
  "lwir_edge_distance_to_official_mean": 27.722827275594074,
  "lwir_edge_distance_to_official_min": 25.068696975708008,
  "lwir_edge_distance_to_official_max": 29.791259765625,
  "lwir_valid_ratio_mean": 1.0,
  "lwir_valid_ratio_min": 1.0,
  "lwir_valid_ratio_max": 1.0,
  "raw_lwir_to_rgb_baseline_ncc_mean": -0.1715786854426066,
  "raw_lwir_to_rgb_baseline_ncc_min": -0.2080843299627304,
  "raw_lwir_to_rgb_baseline_ncc_max": -0.10151652991771698,
  "raw_lwir_to_rgb_baseline_edge_distance_mean": 26.45743751525879,
  "raw_lwir_to_rgb_baseline_edge_distance_min": 21.766035079956055,
  "raw_lwir_to_rgb_baseline_edge_distance_max": 29.725746154785156,
  "raw_lwir_to_rgb_calibrated_ncc_mean": -0.1011815865834554,
  "raw_lwir_to_rgb_calibrated_ncc_min": -0.1338738352060318,
  "raw_lwir_to_rgb_calibrated_ncc_max": -0.0809050053358078,
  "raw_lwir_to_rgb_calibrated_edge_distance_mean": 20.27476437886556,
  "raw_lwir_to_rgb_calibrated_edge_distance_min": 19.00187873840332,
  "raw_lwir_to_rgb_calibrated_edge_distance_max": 21.31916046142578,
  "raw_lwir_to_rgb_ncc_gain_mean": 0.0703970988591512,
  "raw_lwir_to_rgb_ncc_gain_min": 0.02061152458190918,
  "raw_lwir_to_rgb_ncc_gain_max": 0.11636927723884583,
  "raw_lwir_to_rgb_edge_distance_gain_mean": 6.1826731363932295,
  "raw_lwir_to_rgb_edge_distance_gain_min": 1.2627811431884766,
  "raw_lwir_to_rgb_edge_distance_gain_max": 8.878652572631836,
  "fusion_entropy_gain_vs_raw_rgb_mean": 1.3838867849303105,
  "fusion_entropy_gain_vs_raw_rgb_min": 1.3761510649066797,
  "fusion_entropy_gain_vs_raw_rgb_max": 1.3903495716676333,
  "fusion_avg_gradient_gain_vs_raw_rgb_mean": 21.616213997205097,
  "fusion_avg_gradient_gain_vs_raw_rgb_min": 21.57054567337036,
  "fusion_avg_gradient_gain_vs_raw_rgb_max": 21.653099298477173,
  "fusion_mi_with_lwir_mean": 0.21010518984632962,
  "fusion_mi_with_lwir_min": 0.19938751807231048,
  "fusion_mi_with_lwir_max": 0.2166814621946349,
  "fusion_mi_with_raw_rgb_mean": 0.5982981248580632,
  "fusion_mi_with_raw_rgb_min": 0.5773044170293248,
  "fusion_mi_with_raw_rgb_max": 0.6157021222034018,
  "fusion_mean_abs_change_vs_raw_rgb_mean": 25.585845947265625,
  "fusion_mean_abs_change_vs_raw_rgb_min": 24.91280746459961,
  "fusion_mean_abs_change_vs_raw_rgb_max": 25.92391014099121,
  "fusion_alpha_mean_mean": 0.0016051865338037412,
  "fusion_alpha_mean_min": 0.0012913388200104237,
  "fusion_alpha_mean_max": 0.001774671720340848,
  "fusion_alpha_coverage_mean": 0.009601056134259258,
  "fusion_alpha_coverage_min": 0.00920681423611111,
  "fusion_alpha_coverage_max": 0.009894748263888888
}