{
  "entropy_mean": 3.2788718060906112,
  "entropy_min": 2.208527682899459,
  "entropy_max": 3.6499060098221987,
  "average_gradient_mean": 18.258611232042313,
  "average_gradient_min": 1.926551342010498,
  "average_gradient_max": 23.81334686279297,
  "spatial_frequency_mean": 8.282950838406881,
  "spatial_frequency_min": 1.1517879962921143,
  "spatial_frequency_max": 10.722311019897461,
  "std_mean": 29.42777834335963,
  "std_min": 3.769660711288452,
  "std_max": 38.4669189453125,
  "mean_brightness_mean": 21.04418890674909,
  "mean_brightness_min": 1.7739485502243042,
  "mean_brightness_max": 27.848129272460938,
  "mi_with_raw_rgb_mean": 0.628525338680679,
  "mi_with_raw_rgb_min": 0.5773044170293248,
  "mi_with_raw_rgb_max": 0.7127120891455091,
  "mi_with_calibrated_lwir_mean": 0.1799617368101861,
  "mi_with_calibrated_lwir_min": 0.0730450099478762,
  "mi_with_calibrated_lwir_max": 0.22204730146400986,
  "ncc_with_raw_rgb_mean": 0.9791994442542394,
  "ncc_with_raw_rgb_min": 0.9690212607383728,
  "ncc_with_raw_rgb_max": 1.0,
  "ncc_with_calibrated_lwir_mean": 0.03640073436933259,
  "ncc_with_calibrated_lwir_min": -0.006788895931094885,
  "ncc_with_calibrated_lwir_max": 0.06959422677755356,
  "mean_abs_change_vs_raw_rgb_mean": 19.177811940511067,
  "mean_abs_change_vs_raw_rgb_min": 0.0,
  "mean_abs_change_vs_raw_rgb_max": 25.93145751953125,
  "mean_abs_change_on_alpha_mean": 61.40987777709961,
  "mean_abs_change_on_alpha_min": 0.0,
  "mean_abs_change_on_alpha_max": 88.14453125,
  "alpha_mean_mean": 0.0016051865338037412,
  "alpha_mean_min": 0.0012913388200104237,
  "alpha_mean_max": 0.001774671720340848,
  "alpha_coverage_mean": 0.009601056134259258,
  "alpha_coverage_min": 0.00920681423611111,
  "alpha_coverage_max": 0.009894748263888888,
  "valid_ratio_mean": 0.6015870949074074,
  "valid_ratio_min": 0.5987836371527778,
  "valid_ratio_max": 0.6049186197916666
}