{
  "aligned_id": 104,
  "sequence": 386,
  "dark_mean": 1.8978743489583334,
  "H_raw_rgb1_to_aligned_rgb1": [
    [
      1.000585796143399,
      0.0003479179334472126,
      -297.3459662895413
    ],
    [
      4.635739042241201e-05,
      1.0009023798303436,
      -103.25081210271586
    ],
    [
      1.0947493292895916e-07,
      9.982100862206387e-07,
      1.0
    ]
  ],
  "H_raw_lwir_to_aligned_lwir": [
    [
      1.2672994686385906,
      0.005907981940549688,
      -36.003853672983354
    ],
    [
      -0.012372201972652142,
      1.297876514441036,
      -52.115270995602735
    ],
    [
      -5.735552519316931e-05,
      3.6829460289184076e-05,
      1.0
    ]
  ],
  "H_raw_lwir_to_raw_rgb1": [
    [
      1.2494842478120456,
      0.01601078290918811,
      261.1477065458439
    ],
    [
      -0.0183478050223553,
      1.3003708105191851,
      51.069135880439795
    ],
    [
      -5.7473997433361e-05,
      3.5529664250911794e-05,
      0.9999204331458109
    ]
  ],
  "rgb_info": {
    "initial": "sift",
    "sift": {
      "reason": "sift_homography",
      "matches": 979,
      "inliers": 947
    },
    "ecc": {
      "accepted": true,
      "reason": "ecc_residual",
      "cc": 0.9999907060162918
    },
    "ncc": 1.0,
    "edge_distance": 0.0,
    "valid_ratio": 1.0,
    "score": 1.0
  },
  "lwir_info": {
    "initial": "sift",
    "sift": {
      "reason": "sift_homography",
      "matches": 498,
      "inliers": 259
    },
    "ecc": {
      "accepted": false,
      "reason": "ecc_guard_rejected",
      "cc": 0.9339324691081609
    },
    "ncc": 0.9286060333251953,
    "edge_distance": 25.068696975708008,
    "valid_ratio": 1.0,
    "score": 0.7781938514709472
  },
  "raw_lwir_fit_to_raw_rgb1": {
    "ncc": -0.20513519644737244,
    "edge_distance": 27.880531311035156,
    "valid_ratio": 0.99921875,
    "score": -0.3724183843135834
  },
  "raw_lwir_calibrated_to_raw_rgb1": {
    "ncc": -0.08876591920852661,
    "edge_distance": 19.00187873840332,
    "valid_ratio": 0.6010590277777778,
    "score": -0.20277719163894653
  }
}