{
  "aligned_id": 103,
  "sequence": 385,
  "dark_mean": 1.927306857638889,
  "H_raw_rgb1_to_aligned_rgb1": [
    [
      1.000005694779795,
      -0.00012900161252574126,
      -294.92685652291
    ],
    [
      5.0986673873072384e-05,
      0.9999934045051805,
      -103.03283142962003
    ],
    [
      1.3893921951487983e-07,
      -1.90665176498152e-07,
      1.0
    ]
  ],
  "H_raw_lwir_to_aligned_lwir": [
    [
      1.5054354708795201,
      -0.017151286058810167,
      -73.88412470768128
    ],
    [
      0.08091504439280583,
      1.3984769114513405,
      -83.60073921733144
    ],
    [
      0.0002695971919815148,
      -2.4573442772978065e-05,
      1.0
    ]
  ],
  "H_raw_lwir_to_raw_rgb1": [
    [
      1.5848930684791136,
      -0.024138944272118646,
      221.03601259442524
    ],
    [
      0.10859175925735619,
      1.3959832473594713,
      19.41816766202743
    ],
    [
      0.00026939769284251074,
      -2.4303923534654724e-05,
      0.9999729917972898
    ]
  ],
  "rgb_info": {
    "initial": "sift",
    "sift": {
      "reason": "sift_homography",
      "matches": 1000,
      "inliers": 965
    },
    "ecc": {
      "accepted": true,
      "reason": "ecc_residual",
      "cc": 0.9999998367407772
    },
    "ncc": 0.9999971985816956,
    "edge_distance": 0.00020410344586707652,
    "valid_ratio": 1.0,
    "score": 0.9999959739610204
  },
  "lwir_info": {
    "initial": "sift",
    "sift": {
      "reason": "sift_homography",
      "matches": 673,
      "inliers": 293
    },
    "ecc": {
      "accepted": false,
      "reason": "ecc_guard_rejected",
      "cc": 0.9683568209899632
    },
    "ncc": 0.9347152709960938,
    "edge_distance": 29.791259765625,
    "valid_ratio": 1.0,
    "score": 0.7559677124023437
  },
  "raw_lwir_fit_to_raw_rgb1": {
    "ncc": -0.10151652991771698,
    "edge_distance": 21.766035079956055,
    "valid_ratio": 0.99921875,
    "score": -0.2321127403974533
  },
  "raw_lwir_calibrated_to_raw_rgb1": {
    "ncc": -0.0809050053358078,
    "edge_distance": 20.503253936767578,
    "valid_ratio": 0.6049186197916666,
    "score": -0.20392452895641328
  }
}