{
  "aligned_id": 103,
  "sequence": 385,
  "strategy": "calibration_plane",
  "calibration_file": "calibration\\def_stereocalib_THERM.yml",
  "plane_depth_mm": 325.0,
  "rgb_calib_size": null,
  "lwir_calib_size": [
    1280,
    720
  ],
  "lwir_principal_offset": [
    14.0,
    0.0
  ],
  "t_scale": 1.45,
  "max_residual_shift": 2,
  "fusion_params": {
    "saliency_sigma": 15.0,
    "alpha_low_percentile": 40.0,
    "alpha_high_percentile": 96.0,
    "alpha_scale": 0.82,
    "alpha_max": 0.72,
    "roi_dilate_px": 3
  },
  "H_rgb_to_lwir_plane": [
    [
      0.5167463671745064,
      0.026821238486514562,
      49.436464951036186
    ],
    [
      -0.010221575313350483,
      0.7691031277108816,
      -22.977161706401848
    ],
    [
      -2.294419367144223e-05,
      7.317034004027246e-05,
      1.0
    ]
  ],
  "H_lwir_to_rgb_plane": [
    [
      1.9380787123596537,
      -0.058344582164780216,
      -97.15235323500997
    ],
    [
      0.027026959385044232,
      1.3021715161474554,
      28.584088165618734
    ],
    [
      4.249008151842095e-05,
      -9.661900202013455e-05,
      1.0
    ]
  ],
  "initial_metrics": {
    "ncc": 0.3207895755767822,
    "edge_distance": 3.729097366333008,
    "valid_ratio": 0.8336512586805556,
    "score": 0.32524942083192104
  },
  "refine_info": {
    "accepted": true,
    "dx": 2,
    "dy": -2,
    "score_gain": 0.05192309325898953,
    "edge_distance_gain": 0.8464798927307129
  },
  "final_metrics": {
    "ncc": 0.3666345179080963,
    "edge_distance": 2.882617473602295,
    "valid_ratio": 0.8336512586805556,
    "score": 0.37717251409091057
  }
}