{
  "aligned_id_mean": 104.33333333333333,
  "aligned_id_min": 103.0,
  "aligned_id_max": 106.0,
  "sequence_mean": 386.3333333333333,
  "sequence_min": 385.0,
  "sequence_max": 388.0,
  "dark_mean_mean": 1.8663765914351853,
  "dark_mean_min": 1.7739485677083333,
  "dark_mean_max": 1.927306857638889,
  "lwir_calib_width_mean": 1280.0,
  "lwir_calib_width_min": 1280.0,
  "lwir_calib_width_max": 1280.0,
  "lwir_calib_height_mean": 720.0,
  "lwir_calib_height_min": 720.0,
  "lwir_calib_height_max": 720.0,
  "plane_depth_mm_mean": 350.0,
  "plane_depth_mm_min": 350.0,
  "plane_depth_mm_max": 350.0,
  "lwir_cx_offset_mean": 20.0,
  "lwir_cx_offset_min": 20.0,
  "lwir_cx_offset_max": 20.0,
  "lwir_cy_offset_mean": 0.0,
  "lwir_cy_offset_min": 0.0,
  "lwir_cy_offset_max": 0.0,
  "t_scale_mean": 1.45,
  "t_scale_min": 1.45,
  "t_scale_max": 1.45,
  "valid_ratio_mean": 0.8324164496527778,
  "valid_ratio_min": 0.8324164496527777,
  "valid_ratio_max": 0.8324164496527777,
  "residual_dx_mean": 0.0,
  "residual_dx_min": 0.0,
  "residual_dx_max": 0.0,
  "residual_dy_mean": 0.0,
  "residual_dy_min": 0.0,
  "residual_dy_max": 0.0,
  "residual_refine_accepted_mean": 0.0,
  "residual_refine_accepted_min": 0.0,
  "residual_refine_accepted_max": 0.0,
  "raw_lwir_to_rgb_baseline_ncc_mean": -0.1715786854426066,
  "raw_lwir_to_rgb_baseline_ncc_min": -0.2080843299627304,
  "raw_lwir_to_rgb_baseline_ncc_max": -0.10151652991771698,
  "raw_lwir_to_rgb_baseline_edge_distance_mean": 26.45743751525879,
  "raw_lwir_to_rgb_baseline_edge_distance_min": 21.766035079956055,
  "raw_lwir_to_rgb_baseline_edge_distance_max": 29.725746154785156,
  "raw_lwir_to_rgb_calibrated_ncc_mean": 0.24032962818940481,
  "raw_lwir_to_rgb_calibrated_ncc_min": 0.1519041210412979,
  "raw_lwir_to_rgb_calibrated_ncc_max": 0.3098401129245758,
  "raw_lwir_to_rgb_calibrated_edge_distance_mean": 2.6925806999206543,
  "raw_lwir_to_rgb_calibrated_edge_distance_min": 1.4198894500732422,
  "raw_lwir_to_rgb_calibrated_edge_distance_max": 3.5581791400909424,
  "raw_lwir_to_rgb_calibrated_mi_mean": 0.17138766202595737,
  "raw_lwir_to_rgb_calibrated_mi_min": 0.13987699103390586,
  "raw_lwir_to_rgb_calibrated_mi_max": 0.19969019672830235,
  "raw_lwir_to_rgb_ncc_gain_mean": 0.4119083136320114,
  "raw_lwir_to_rgb_ncc_gain_min": 0.35703931748867035,
  "raw_lwir_to_rgb_ncc_gain_max": 0.4673289805650711,
  "raw_lwir_to_rgb_edge_distance_gain_mean": 23.764856815338135,
  "raw_lwir_to_rgb_edge_distance_gain_min": 18.207855939865112,
  "raw_lwir_to_rgb_edge_distance_gain_max": 28.305856704711914,
  "fusion_entropy_gain_vs_raw_rgb_mean": 1.3860777289809867,
  "fusion_entropy_gain_vs_raw_rgb_min": 1.3790031353100214,
  "fusion_entropy_gain_vs_raw_rgb_max": 1.3914443463348443,
  "fusion_avg_gradient_gain_vs_raw_rgb_mean": 21.60894763469696,
  "fusion_avg_gradient_gain_vs_raw_rgb_min": 21.57618761062622,
  "fusion_avg_gradient_gain_vs_raw_rgb_max": 21.641302943229675,
  "fusion_mi_with_lwir_mean": 0.22622053860991312,
  "fusion_mi_with_lwir_min": 0.22430293206744875,
  "fusion_mi_with_lwir_max": 0.2298690389046871,
  "fusion_mi_with_raw_rgb_mean": 0.6010943845029887,
  "fusion_mi_with_raw_rgb_min": 0.5813906138730243,
  "fusion_mi_with_raw_rgb_max": 0.6142870009845504,
  "fusion_mean_abs_change_vs_raw_rgb_mean": 25.675763448079426,
  "fusion_mean_abs_change_vs_raw_rgb_min": 25.024070739746094,
  "fusion_mean_abs_change_vs_raw_rgb_max": 26.04062843322754,
  "fusion_alpha_mean_mean": 0.0018284797746067245,
  "fusion_alpha_mean_min": 0.0015299692749977112,
  "fusion_alpha_mean_max": 0.0021580460015684366,
  "fusion_alpha_coverage_mean": 0.00884620949074074,
  "fusion_alpha_coverage_min": 0.008491753472222223,
  "fusion_alpha_coverage_max": 0.009535590277777778
}