{
  "entropy_mean": 3.2795995703055,
  "entropy_min": 2.208527682899459,
  "entropy_max": 3.6510007844894097,
  "average_gradient_mean": 18.258217364549637,
  "average_gradient_min": 1.926551342010498,
  "average_gradient_max": 23.81740379333496,
  "spatial_frequency_mean": 8.274860978126526,
  "spatial_frequency_min": 1.1517879962921143,
  "spatial_frequency_max": 10.716805458068848,
  "std_mean": 29.481798271338146,
  "std_min": 3.769660711288452,
  "std_max": 38.49684524536133,
  "mean_brightness_mean": 21.06610609094302,
  "mean_brightness_min": 1.7739485502243042,
  "mean_brightness_max": 27.93849754333496,
  "mi_with_raw_rgb_mean": 0.6293173757454463,
  "mi_with_raw_rgb_min": 0.5813906138730243,
  "mi_with_raw_rgb_max": 0.7127120891455091,
  "mi_with_calibrated_lwir_mean": 0.19602361436392454,
  "mi_with_calibrated_lwir_min": 0.09530039571371463,
  "mi_with_calibrated_lwir_max": 0.23533383022936602,
  "ncc_with_raw_rgb_mean": 0.9795226057370504,
  "ncc_with_raw_rgb_min": 0.9709229469299316,
  "ncc_with_raw_rgb_max": 1.0,
  "ncc_with_calibrated_lwir_mean": 0.01273942148933808,
  "ncc_with_calibrated_lwir_min": -0.0352485217154026,
  "ncc_with_calibrated_lwir_max": 0.04430680721998215,
  "mean_abs_change_vs_raw_rgb_mean": 19.19972864786784,
  "mean_abs_change_vs_raw_rgb_min": 0.0,
  "mean_abs_change_vs_raw_rgb_max": 26.04062843322754,
  "mean_abs_change_on_alpha_mean": 67.48739115397136,
  "mean_abs_change_on_alpha_min": 0.0,
  "mean_abs_change_on_alpha_max": 100.8939437866211,
  "alpha_mean_mean": 0.0018284797746067245,
  "alpha_mean_min": 0.0015299692749977112,
  "alpha_mean_max": 0.0021580460015684366,
  "alpha_coverage_mean": 0.008846209490740742,
  "alpha_coverage_min": 0.008491753472222223,
  "alpha_coverage_max": 0.009535590277777778,
  "valid_ratio_mean": 0.8324164496527776,
  "valid_ratio_min": 0.8324164496527777,
  "valid_ratio_max": 0.8324164496527777
}