{
  "aligned_id_mean": 104.33333333333333,
  "aligned_id_min": 103.0,
  "aligned_id_max": 106.0,
  "sequence_mean": 386.3333333333333,
  "sequence_min": 385.0,
  "sequence_max": 388.0,
  "ncc_mean": 0.10302685697873433,
  "ncc_min": -0.2080843299627304,
  "ncc_max": 0.3098401129245758,
  "edge_distance_mean": 10.6141996383667,
  "edge_distance_min": 1.4198894500732422,
  "edge_distance_max": 29.725746154785156,
  "valid_ratio_mean": 0.8880172164351852,
  "valid_ratio_min": 0.8324164496527777,
  "valid_ratio_max": 0.99921875,
  "score_mean": 0.056480425351129876,
  "score_min": -0.3864388068914414,
  "score_max": 0.31468040783137974,
  "plane_depth_mm_mean": 350.0,
  "plane_depth_mm_min": 350.0,
  "plane_depth_mm_max": 350.0,
  "residual_dx_mean": 0.0,
  "residual_dx_min": 0.0,
  "residual_dx_max": 0.0,
  "residual_dy_mean": 0.0,
  "residual_dy_min": 0.0,
  "residual_dy_max": 0.0,
  "refine_accepted_mean": 0.0,
  "refine_accepted_min": 0.0,
  "refine_accepted_max": 0.0
}