class_name,iou,precision,recall,f1,pixel_accuracy,class_pixels
background,0.919909579458163,0.9477266921559677,0.9690797280526383,0.9582842747394177,0.9690797280526383,7940066
class_1,0.0,0.0,0.0,0.0,0.0,25395
class_2,0.0,0.0,0.0,0.0,0.0,19855
class_3,0.0,0.0,0.0,0.0,0.0,7411
class_4,0.0007940728652917307,0.002747829886641513,0.0011155650319829423,0.0015868856277661309,0.0011155650319829423,293125
class_5,0.0,0.0,0.0,0.0,0.0,5243
class_6,0.0,0.0,0.0,0.0,0.0,25226
class_7,0.023423600618669146,0.04171443128263915,0.05071131326816994,0.04577498624129707,0.05071131326816994,51665
