class_name,iou,precision,recall,f1,pixel_accuracy,class_pixels
background,0.9183919761104085,0.9483613885593116,0.9667352814861644,0.9574601932734028,0.9667352814861644,8030821
class_1,0.0,0.0,0.0,0.0,0.0,25395
class_2,0.0,0.0,0.0,0.0,0.0,19855
class_3,0.0,0.0,0.0,0.0,0.0,7411
class_4,0.0016864393877288112,0.005351966104214673,0.0024562899786780383,0.003367200196420011,0.0024562899786780383,293125
class_5,0.0,0.0,0.0,0.0,0.0,5243
class_6,0.0,0.0,0.0,0.0,0.0,25226
class_7,0.028336985006658932,0.048487165162162955,0.06383431723603987,0.055112254873290266,0.06383431723603987,51665
