{
  "method_name": "M0_MM5_OFFICIAL",
  "track": "THERMAL",
  "num_test_scenes": 30,
  "reprojection_mae_px": 329.8783627954746,
  "checkerboard_corner_rmse_px": 331.19962938592613,
  "keypoint_transfer_error_px": 259.3350944519043,
  "ntg": 0.21842991872601,
  "mutual_information": 0.3466528729462746,
  "valid_warp_coverage": 0.8604676310221353,
  "mean_iou": 0.11855192506309953,
  "freq_iou": 0.872162882851581,
  "pixel_accuracy": 0.9183040360261652,
  "mean_pixel_accuracy": 0.1291282360876103,
  "boundary_f1": 0.00439668433639136
}