class_name,iou,precision,recall,f1,pixel_accuracy,class_pixels
background,0.005837495369601594,0.5556231003039513,0.0058648768311698315,0.011607233567001931,0.0058648768311698315,155843
class_1,0.5216908463683191,0.5577617784514336,0.8897082527401676,0.6856725827238707,0.8897082527401676,24816
class_2,0.569798917246713,0.6081095023558138,0.900443041197739,0.72595147185614,0.900443041197739,19637
class_3,0.45538362863785775,0.4923290283435902,0.8585247883917775,0.6257918801300061,0.8585247883917775,6616
class_4,0.6958131586442609,0.7018534191584685,0.9877826224742922,0.8206247900571044,0.9877826224742922,183018
class_5,0.28373634945397813,0.3385295486272685,0.6367614879649891,0.44204769861765153,0.6367614879649891,4570
class_6,0.5399679707160833,0.5530379361248448,0.9580677897300589,0.7012716900404088,0.9580677897300589,24635
class_7,0.5320205157161679,0.5700492834364799,0.8885788946303318,0.6945344533685521,0.8885788946303318,50897
