class_name,iou,precision,recall,f1,pixel_accuracy,class_pixels
background,0.9694905669248839,0.9780674646472577,0.9910358892536345,0.9845089722248567,0.9910358892536345,9112895
class_1,0.6459106404802848,0.73417461079487,0.8430793463280173,0.7848672031086752,0.8430793463280173,25395
class_2,0.7048352177050757,0.7755768297525036,0.8854192898514228,0.8268660928460562,0.8854192898514228,19855
class_3,0.5297595967429236,0.6529271206690561,0.7374173525839968,0.6926050313668335,0.7374173525839968,7411
class_4,0.2993086632410193,0.6704752841797893,0.3509321961620469,0.4607198762061946,0.3509321961620469,293125
class_5,0.14267283087840016,0.24642525533890436,0.2530993705893572,0.24971772675950318,0.2530993705893572,5243
class_6,0.7016179023059756,0.7628306655433867,0.8973677951320067,0.8246480027686198,0.8973677951320067,25226
class_7,0.6440434938463376,0.7382676733953122,0.8346075679860641,0.7834871720328512,0.8346075679860641,51665
