{
  "method_name": "M7_DEPTH_GUIDED_SELF_CAL_THERMAL",
  "track": "THERMAL",
  "num_test_scenes": 30,
  "reprojection_mae_px": 1.4425983132199671,
  "checkerboard_corner_rmse_px": 1.4425983132199671,
  "keypoint_transfer_error_px": 6.745879260698954,
  "ntg": 0.2081576270152858,
  "mutual_information": 0.3028350564908105,
  "valid_warp_coverage": 0.9705418904622397,
  "mean_iou": 0.5797048640156126,
  "freq_iou": 0.9442218089428305,
  "pixel_accuracy": 0.9690589325964292,
  "mean_pixel_accuracy": 0.7241198509858182,
  "boundary_f1": 0.5950193145200317
}