class_name,iou,precision,recall,f1,pixel_accuracy,class_pixels
background,0.9532749677031161,0.9730714832534897,0.979104401069092,0.9760786202303976,0.979104401069092,11543627
class_1,0.0053034480521586816,0.013000437323579693,0.008878149435273675,0.010550939743486327,0.008878149435273675,36832
class_2,0.0005191071357265503,0.0012525894878836056,0.0008857094191790155,0.001037675606641124,0.0008857094191790155,29355
class_3,0.0,0.0,0.0,0.0,0.0,10471
class_4,0.4292728657847226,0.6175872242143378,0.5846872201611871,0.6006870711129555,0.5846872201611871,422118
class_5,0.013260173754000914,0.03283638422343838,0.021758159309741152,0.026173285198555954,0.021758159309741152,7997
class_6,0.00016735001255125095,0.0004044325810887325,0.0002853962727246782,0.0003346440224211495,0.0002853962727246782,35039
class_7,0.0483394919705315,0.10151293313811616,0.08448759088508875,0.09222106453257664,0.08448759088508875,73857
