class_name,iou,precision,recall,f1,pixel_accuracy,class_pixels
background,0.9537163507548087,0.9729072838554338,0.9797364892334838,0.9763099442622212,0.9797364892334838,11794205
class_1,0.0,0.0,0.0,0.0,0.0,36832
class_2,0.004180445498221751,0.010619749564114756,0.0068472151251916195,0.008326084255001863,0.0068472151251916195,29355
class_3,0.0,0.0,0.0,0.0,0.0,10471
class_4,0.4187442643010095,0.6112475516810945,0.5707456208927362,0.5903026709430506,0.5707456208927362,422118
class_5,0.0,0.0,0.0,0.0,0.0,7997
class_6,0.0,0.0,0.0,0.0,0.0,35039
class_7,0.04852711970074813,0.10260339429889603,0.08431157507074481,0.09256245029617903,0.08431157507074481,73857
