rank,method,overall_region_error_px,normalized_overall_region_error,mean_iou,pixel_accuracy,boundary_f1,keypoint_transfer_error_px,valid_warp_coverage,num_test_scenes
1,M7,1.4635199113465205,0.0017856516418270731,0.45053111026912274,0.6358609626578616,0.2608861875486795,10.628324921925863,0.04781412760416666,30
2,M5,4.02909321380721,0.0049159269078134825,0.47372154447871195,0.9682377631056448,0.3244411668847823,13.547623952229818,0.9278509521484374,30
3,M4,4.4861367406051915,0.005473569149429708,0.4348005359403175,0.9638674365839758,0.24070976467296254,16.479189014434816,0.9460144042968751,30
4,M6,4.849973219441988,0.005917488771400383,0.4290911566389709,0.9612501562871923,0.23388214130228552,17.114113521575927,0.9218183390299478,30
5,M2,11.709140039980412,0.014286409754095657,0.2657117356412486,0.96428574877374,0.22765631692537702,16.700309213002523,0.9480799357096354,30
6,M1,12.5910731519262,0.015362462971491742,0.2548984481195362,0.9612960523227884,0.21896182464133895,17.543714459737142,0.9406129964192708,30
