rank,method,mean_iou,pixel_accuracy,boundary_f1,keypoint_transfer_error_px,valid_warp_coverage,num_test_scenes
1,M7,0.5797048640156126,0.9690589325964292,0.5950193145200317,6.745879260698954,0.9705418904622397,30
2,M5,0.47309470180596824,0.9686089430751551,0.310206375854164,13.714086294174194,0.9327137247721354,30
3,M4,0.4302194085367335,0.9646436819083326,0.23892275296849372,16.16178477605184,0.9360504150390625,30
4,M6,0.41781164906032964,0.9647087560044423,0.25490690172870817,15.087343374888102,0.8708228556315103,30
5,M2,0.2648572485308121,0.9641962314944063,0.22074425227563485,16.754901854197183,0.9468033854166666,30
6,M1,0.2569263304439897,0.96175494350933,0.22001813642671486,17.47982889811198,0.9387010701497397,30
