class_name,iou,precision,recall,f1,pixel_accuracy,class_pixels
background,0.9650053451364317,0.9970858090059221,0.9677347725033759,0.9821910637799621,0.9677347725033759,8871780
class_1,0.374870159453303,0.41100077920521066,0.8100413467217956,0.5453171804999601,0.8100413467217956,25395
class_2,0.3780467740039958,0.4148140506524991,0.8100730294636111,0.548670453188695,0.8100730294636111,19855
class_3,0.2825749879698444,0.318815225915425,0.7131291323708001,0.4406369851592463,0.7131291323708001,7411
class_4,0.6419996235116947,0.6741843179504413,0.9307872068230277,0.7819729241334046,0.9307872068230277,293125
class_5,0.1715614103060829,0.22417982989064397,0.4222773221438108,0.2928765129968913,0.4222773221438108,5243
class_6,0.3362667091024825,0.3597072091241808,0.837667485927218,0.5032928034678639,0.837667485927218,25226
class_7,0.3280792780387046,0.36267918305213753,0.7747217652182329,0.4940658038475069,0.7747217652182329,51665
