class_name,iou,precision,recall,f1,pixel_accuracy,class_pixels
background,0.9658154754674889,0.9968001330277823,0.9688192043839463,0.9826105120449408,0.9688192043839463,8773830
class_1,0.36939713236515287,0.41008727004547874,0.7882654065760977,0.5395032947486154,0.7882654065760977,25395
class_2,0.37155215202439196,0.41179860638130666,0.7917401158398388,0.5417980664839993,0.7917401158398388,19855
class_3,0.2621766611780953,0.3018590998043053,0.6660369720685467,0.4154357614779279,0.6660369720685467,7411
class_4,0.6539853284251531,0.689658674303588,0.9267036247334755,0.7907994311507552,0.9267036247334755,293125
class_5,0.13623832133557973,0.1854283927454659,0.3393095555979401,0.23980589067870864,0.3393095555979401,5243
class_6,0.3435447164969253,0.3668815499172642,0.8437722984222628,0.511400494942457,0.8437722984222628,25226
class_7,0.3390454810010809,0.372794426870966,0.7892577179909029,0.5063987531590157,0.7892577179909029,51665
