class_name,iou,precision,recall,f1,pixel_accuracy,class_pixels
background,0.9638136232829033,0.9863164341210768,0.9768757961790662,0.9815734159860832,0.9768757961790662,8818682
class_1,0.09534893134715026,0.1640091909204846,0.18550895845638904,0.1740978214675068,0.18550895845638904,25395
class_2,0.04601496002063451,0.08618773853809363,0.08985142281541174,0.08798145682300143,0.08985142281541174,19855
class_3,0.013418570795619976,0.024651162790697675,0.028606126028875994,0.026481793766785333,0.028606126028875994,7411
class_4,0.6152215590165231,0.6904523588371481,0.8495420042643923,0.7617797763807951,0.8495420042643923,293125
class_5,0.09315568926614376,0.17582640438045022,0.16536334159832158,0.17043444073127578,0.16536334159832158,5243
class_6,0.073905803507185,0.13308899748260034,0.14251169428367558,0.13763926643439645,0.14251169428367558,25226
class_7,0.13830844772012973,0.22324872767350643,0.26660214845640184,0.24300697758527914,0.26660214845640184,51665
