class_name,iou,precision,recall,f1,pixel_accuracy,class_pixels
background,0.9642467189853147,0.9862751000389319,0.9773613002076049,0.9817979683157344,0.9773613002076049,8799887
class_1,0.09605406057680704,0.16410679311411194,0.1880685174246899,0.17527248706374546,0.1880685174246899,25395
class_2,0.043210983325222205,0.08082211469362334,0.08496600352556032,0.08284227067373796,0.08496600352556032,19855
class_3,0.01240694789081886,0.0229384778261381,0.026312238564296316,0.024509803921568624,0.026312238564296316,7411
class_4,0.6190332597329452,0.6966915167527725,0.8474098081023455,0.7646949264464808,0.8474098081023455,293125
class_5,0.09501625135427952,0.18030427631578946,0.16727064657638757,0.17354308894825365,0.16727064657638757,5243
class_6,0.0766841106686404,0.13923906871095967,0.14580195036866725,0.1424449565267907,0.14580195036866725,25226
class_7,0.1487583110178897,0.2388894339252428,0.28278331559082553,0.25898974499880345,0.28278331559082553,51665
