{
  "method_name": "M1_ZHANG_OPENCV",
  "track": "THERMAL",
  "num_test_scenes": 30,
  "reprojection_mae_px": 1.3286217044372537,
  "checkerboard_corner_rmse_px": 1.4425983132199671,
  "keypoint_transfer_error_px": 17.47982889811198,
  "overall_region_error_px": 12.660200440386932,
  "ntg": 0.20598988391109316,
  "mutual_information": 0.29365491848600117,
  "valid_warp_coverage": 0.9387010701497397,
  "mean_iou": 0.2569263304439897,
  "freq_iou": 0.9406594316508948,
  "pixel_accuracy": 0.96175494350933,
  "mean_pixel_accuracy": 0.33999672254504715,
  "boundary_f1": 0.22001813642671486
}