sample,aligned_id,sequence,candidate,allowed_for_generation,rgb_source,lwir_source,lwir_model,rgb_crop_offset_xy,lwir_crop_offset_xy,rule_source,rgb_valid_ratio,lwir_valid_ratio,intersection_valid_ratio,eval_rgb_to_mm5_aligned_rgb_ncc,eval_rgb_to_mm5_aligned_rgb_edge_distance,eval_rgb_to_mm5_aligned_rgb_valid_ratio,eval_rgb_to_mm5_aligned_rgb_score,eval_rgb_to_mm5_aligned_rgb_mi,eval_lwir_to_mm5_aligned_t16_ncc,eval_lwir_to_mm5_aligned_t16_edge_distance,eval_lwir_to_mm5_aligned_t16_valid_ratio,eval_lwir_to_mm5_aligned_t16_score,eval_lwir_to_mm5_aligned_t16_mi,eval_cross_rgb_lwir_ncc,eval_cross_rgb_lwir_edge_distance,eval_cross_rgb_lwir_valid_ratio,eval_cross_rgb_lwir_score,eval_cross_rgb_lwir_mi,method,lwir_crop_mode,transform_type,board_transform_name,board_transform_inliers,board_transform_mae_px,board_transform_rmse_px,board_transform_matrix,depth_registration_dx_px,depth_registration_dy_px,stabilization_kernel_px,fill_depth_border,uses_aligned_for_generation,anti_ghost_feather_px,anti_ghost_erode_px,max_support_area_frac,calibration_file,thermal_camera_calibration_file,target_size,phase29_class,phase29_profile,phase29_support_mode,phase29_selection_uses_aligned,phase29_selector_version,phase29_version_label,phase29_candidate_grid,phase29_run_mode,phase29_report_level,phase29_explainability_level,phase29_reliability_gate,phase29_failure_focus,raw_score,raw_symmetric_edge_distance,raw_lwir_to_rgb_edge_distance,raw_rgb_to_lwir_edge_distance,raw_lwir_to_depth_edge_distance,raw_depth_to_lwir_edge_distance,target_local_symmetric_edge_distance,target_local_lwir_to_rgb_edge_distance,target_local_rgb_to_lwir_edge_distance,target_local_lwir_to_depth_edge_distance,target_local_depth_to_lwir_edge_distance,target_local_edge_p70,target_local_edge_p90,target_local_lwir_edge_pixels,target_local_rgb_edge_pixels,target_local_depth_edge_pixels,edge_stability_score,target_local_depth_edge_p90,raw_lwir_edge_pixels,raw_rgb_edge_pixels,raw_depth_edge_pixels,support_pixels,support_ratio,support_compactness,thermal_support_overlap,thermal_depth_overlap,support_thermal_overlap,thermal_support_centroid_distance_px,thermal_pixels,rejected_background_pixels,tear_risk_pixels,ghost_edge_ratio,alpha_edge_overlap,depth_discontinuity_pixels,support_penalty,compactness_penalty,fill_penalty,depth_edge_penalty,overlap_penalty,centroid_penalty,phase29_scene_class,phase29_selected,phase29_selection_reason,phase29_selector_eligible,phase29_selector_rejection,phase29_selector_adjusted_score,phase29_selector_rule,phase29_selector_shift_delta_dx,phase29_selector_shift_delta_dy,phase29_selector_shift_l1,phase29_selector_raw_improvement,phase29_selector_edge_growth,phase29_selector_support_ratio,phase29_selector_target_edge_gain,phase29_selector_target_p90_gain,phase29_selector_context_edge_delta,phase29_selector_version_effective,phase29_selector_reliability_gate,phase29_selector_v9_note,sample_id,phase29_v9_support_gated,phase29_v9_gate_mode,phase29_v9_gate_pixels,phase29_v9_background_value,phase29_v9_target_value,phase29_v9_valid_ratio
103_seq385,103,385,p29_baseline,True,phase21_fixed_rgb_canvas,phase24_affine_lwir_subpixel_shift_depth_fill_then_morph_close,,"[296, 103]","[280, 115]","Phase29 candidate generated from calibration files, raw RGB/LWIR/depth, Phase24 board-affine geometry, Phase25 depth projection support, and raw-only scene reliability scoring. MM5 aligned images are evaluation-only.",1.0,0.9317578125,0.9317578125,0.9941359758377075,0.12553933262825012,1.0,1.1367235689443316,0.955605527349291,0.9536755681037903,2.7134954929351807,0.9317578125,1.1268039280255795,1.2627288858626677,-0.2016601413488388,0.7857816219329834,0.9317578125,-0.189754771708107,0.11080039581553117,p29_baseline,board_all_median_floor,affine,affine_lmeds,1496,5.984659671783447,7.825484275817871,"[[0.964242690293037, 0.13137386244365368, -26.99199754875218], [-0.06631033534806513, 0.9894192701549352, 24.920322865264623]]",3.5,2.0,9,True,False,3.0,2,0.1,calibration/def_stereocalib_THERM.yml,calibration/def_thermalcam_ori.yml,640x480,broad_generalization_raw_only_selection,core,baseline,False,v6,v9,support-v9,strict-selected,research,full,strict,all,17.630863295972038,9.045949459075928,0.6050958633422852,17.48680305480957,13.363340377807617,17.36162757873535,7.098950654268265,0.634954035282135,13.562947273254395,12.840010643005371,14.31225872039795,9.086540251970291,16.407028257846832,272,4085,1093,4.548755869269371,24.09021282196045,287,5717,1413,6614,0.021529947916666667,1.0,1.0,1.0,0.1146296780947396,108.14710369457141,373,1028,1987,0.8833873996926754,0.49252336448598133,1413,0.0,0.0,0.0,3.12,0.0,0.9230769230769231,general,False,,False,,17.630863295972038,v6_baseline,0.0,0.0,0.0,0.0,1.0,1.0,0.0,0.0,0.0,v6,strict,v6 baseline row; aligned metrics are not used for selection.,103_seq385,,,,,,
103_seq385,103,385,p29_depth_conservative,True,phase21_fixed_rgb_canvas,phase23_crop_plus_board_residual_transform,,"[296, 103]","[280, 115]","Phase29 candidate generated from calibration files, raw RGB/LWIR/depth, Phase24 board-affine geometry, Phase25 depth projection support, and raw-only scene reliability scoring. MM5 aligned images are evaluation-only.",1.0,0.9317578125,0.9317578125,0.9941359758377075,0.12553933262825012,1.0,1.1367235689443316,0.955605527349291,0.9510933756828308,6.443922519683838,0.9317578125,1.1013625755291463,1.2595515664294574,-0.2024172991514206,0.7703464031219482,0.9317578125,-0.19056399338619512,0.10983589455971446,p29_depth_conservative,board_all_median_floor,affine,affine_lmeds,1496,5.984659671783447,7.825484275817871,"[[0.964242690293037, 0.13137386244365368, -26.99199754875218], [-0.06631033534806513, 0.9894192701549352, 24.920322865264623]]",3.5,2.0,9,False,False,4.0,3,0.075,calibration/def_stereocalib_THERM.yml,calibration/def_thermalcam_ori.yml,640x480,broad_generalization_raw_only_selection,core,depth_conservative,False,v6,v9,support-v9,strict-selected,research,full,strict,all,16.47727991311813,7.864358872175217,0.6644830107688904,15.064234733581543,12.5662202835083,14.827005386352539,5.987648695707321,0.699894368648529,11.275403022766113,12.03884220123291,12.473785400390625,7.991099864244461,13.847499907016754,319,3866,1057,3.838585153222084,21.697446823120117,336,5490,1348,6030,0.01962890625,0.7437810945273632,1.0,1.0,0.1146296780947396,108.14710369457141,373,1612,2016,0.8605514316012726,0.48900091659028416,1348,0.0,0.0,0.0,3.12,0.0,0.9230769230769231,general,False,,False,depth/reflection/edge guard candidates are diagnostic-only by default,16.47727991311813,diagnostic_guard_block,0.0,0.0,0.0,1.1535833828539062,1.170731707317073,0.9117024493498639,1.1113019585609436,2.559528350830078,-1.181590586900711,v6,strict,v6 adds strict raw/depth support-gated selection for v9; aligned metrics remain evaluation-only.,103_seq385,,,,,,
103_seq385,103,385,p29_reflection_guard,True,phase21_fixed_rgb_canvas,phase23_crop_plus_board_residual_transform,,"[296, 103]","[280, 115]","Phase29 candidate generated from calibration files, raw RGB/LWIR/depth, Phase24 board-affine geometry, Phase25 depth projection support, and raw-only scene reliability scoring. MM5 aligned images are evaluation-only.",1.0,0.9317578125,0.9317578125,0.9941359758377075,0.12553933262825012,1.0,1.1367235689443316,0.955605527349291,0.9510933756828308,6.443922519683838,0.9317578125,1.1013625755291463,1.2595515664294574,-0.2024172991514206,0.7703464031219482,0.9317578125,-0.19056399338619512,0.10983589455971446,p29_reflection_guard,board_all_median_floor,affine,affine_lmeds,1496,5.984659671783447,7.825484275817871,"[[0.964242690293037, 0.13137386244365368, -26.99199754875218], [-0.06631033534806513, 0.9894192701549352, 24.920322865264623]]",3.5,2.0,9,False,False,4.5,3,0.055,calibration/def_stereocalib_THERM.yml,calibration/def_thermalcam_ori.yml,640x480,broad_generalization_raw_only_selection,core,reflection_guard,False,v6,v9,support-v9,strict-selected,research,full,strict,all,16.41459671412546,7.864358872175217,0.6644830107688904,15.064234733581543,12.5662202835083,14.827005386352539,5.987648695707321,0.699894368648529,11.275403022766113,12.03884220123291,12.473785400390625,7.991099864244461,13.847499907016754,319,3866,1057,3.838585153222084,21.697446823120117,336,5490,1348,6102,0.01986328125,0.7409046214355949,1.0,1.0,0.1146296780947396,108.14710369457141,373,1540,1959,0.8605514316012726,0.475683186660491,1348,0.0,0.0,0.0,3.12,0.0,0.9230769230769231,general,False,,False,depth/reflection/edge guard candidates are diagnostic-only by default,16.41459671412546,diagnostic_guard_block,0.0,0.0,0.0,1.216266581846579,1.170731707317073,0.9225884487450862,1.1113019585609436,2.559528350830078,-1.181590586900711,v6,strict,v6 adds strict raw/depth support-gated selection for v9; aligned metrics remain evaluation-only.,103_seq385,,,,,,
103_seq385,103,385,p29_small_target_guard,True,phase21_fixed_rgb_canvas,phase23_crop_plus_board_residual_transform,,"[296, 103]","[280, 115]","Phase29 candidate generated from calibration files, raw RGB/LWIR/depth, Phase24 board-affine geometry, Phase25 depth projection support, and raw-only scene reliability scoring. MM5 aligned images are evaluation-only.",1.0,0.9317578125,0.9317578125,0.9941359758377075,0.12553933262825012,1.0,1.1367235689443316,0.955605527349291,0.9528870582580566,2.859020471572876,0.9317578125,1.1227874186703906,1.2470298882784745,-0.20307712256908417,0.8581156730651855,0.9317578125,-0.19226622704618349,0.10639726374194527,p29_small_target_guard,board_all_median_floor,affine,affine_lmeds,1496,5.984659671783447,7.825484275817871,"[[0.964242690293037, 0.13137386244365368, -26.99199754875218], [-0.06631033534806513, 0.9894192701549352, 24.920322865264623]]",3.5,2.0,5,True,False,3.0,2,0.065,calibration/def_stereocalib_THERM.yml,calibration/def_thermalcam_ori.yml,640x480,broad_generalization_raw_only_selection,core,small_target_guard,False,v6,v9,support-v9,strict-selected,research,full,strict,all,16.992825562682963,8.464363396167755,0.6842561960220337,16.244470596313477,12.875411987304688,16.391611099243164,6.48592534661293,0.7108529210090637,12.260997772216797,12.447798728942871,13.700735092163086,8.486149817705154,15.560161650180817,350,4085,1093,4.368478462100029,24.59650421142578,365,5717,1413,6614,0.021529947916666667,1.0,1.0,1.0,0.11711593823606385,108.15601684162658,384,1028,1986,0.8589309878213802,0.49252336448598133,1413,0.0,0.0,0.0,3.12,0.0,0.9230769230769231,general,False,,False,raw improvement 0.6380 is below 0.6500,17.212825562682962,small_target_guard_block,0.0,0.0,0.0,0.6380377332890745,1.2717770034843205,1.0,0.6130253076553345,0.8468666076660156,-0.5815860629081726,v6,strict,v6 adds strict raw/depth support-gated selection for v9; aligned metrics remain evaluation-only.,103_seq385,,,,,,
103_seq385,103,385,p29_edge_contamination_guard,True,phase21_fixed_rgb_canvas,phase23_crop_plus_board_residual_transform,,"[296, 103]","[280, 115]","Phase29 candidate generated from calibration files, raw RGB/LWIR/depth, Phase24 board-affine geometry, Phase25 depth projection support, and raw-only scene reliability scoring. MM5 aligned images are evaluation-only.",1.0,0.9317578125,0.9317578125,0.9941359758377075,0.12553933262825012,1.0,1.1367235689443316,0.955605527349291,0.9510933756828308,6.443922519683838,0.9317578125,1.1013625755291463,1.2595515664294574,-0.2024172991514206,0.7703464031219482,0.9317578125,-0.19056399338619512,0.10983589455971446,p29_edge_contamination_guard,board_all_median_floor,affine,affine_lmeds,1496,5.984659671783447,7.825484275817871,"[[0.964242690293037, 0.13137386244365368, -26.99199754875218], [-0.06631033534806513, 0.9894192701549352, 24.920322865264623]]",3.5,2.0,9,False,False,4.0,3,0.08,calibration/def_stereocalib_THERM.yml,calibration/def_thermalcam_ori.yml,640x480,broad_generalization_raw_only_selection,core,edge_contamination_guard,False,v6,v9,support-v9,strict-selected,research,full,strict,all,16.445628435031484,7.864358872175217,0.6644830107688904,15.064234733581543,12.5662202835083,14.827005386352539,5.987648695707321,0.699894368648529,11.275403022766113,12.03884220123291,12.473785400390625,7.991099864244461,13.847499907016754,319,3866,1057,3.838585153222084,21.697446823120117,336,5490,1348,6114,0.01990234375,1.0,1.0,1.0,0.1146296780947396,108.14710369457141,373,1528,1985,0.8605514316012726,0.4895397489539749,1348,0.0,0.0,0.0,3.12,0.0,0.9230769230769231,general,False,,False,depth/reflection/edge guard candidates are diagnostic-only by default,16.445628435031484,diagnostic_guard_block,0.0,0.0,0.0,1.1852348609405539,1.170731707317073,0.9244027819776233,1.1113019585609436,2.559528350830078,-1.181590586900711,v6,strict,v6 adds strict raw/depth support-gated selection for v9; aligned metrics remain evaluation-only.,103_seq385,,,,,,
103_seq385,103,385,p29_v9_support_gated,True,phase21_fixed_rgb_canvas,phase23_crop_plus_board_residual_transform,,"[296, 103]","[280, 115]","Phase29 candidate generated from calibration files, raw RGB/LWIR/depth, Phase24 board-affine geometry, Phase25 depth projection support, and raw-only scene reliability scoring. MM5 aligned images are evaluation-only.",1.0,0.9317578125,0.9317578125,0.9941359758377075,0.12553933262825012,1.0,1.1367235689443316,0.955605527349291,0.8669730424880981,1.6942834854125977,0.9317578125,1.0083559308601802,1.0103239285637178,-0.198399156332016,1.162135362625122,0.9317578125,-0.18782486780363422,0.11698067136088339,p29_v9_support_gated,board_all_median_floor,affine,affine_lmeds,1496,5.984659671783447,7.825484275817871,"[[0.964242690293037, 0.13137386244365368, -26.99199754875218], [-0.06631033534806513, 0.9894192701549352, 24.920322865264623]]",3.5,2.0,5,True,False,7.0,3,0.075,calibration/def_stereocalib_THERM.yml,calibration/def_thermalcam_ori.yml,640x480,broad_generalization_raw_only_selection,core,v9_support_gated,False,v6,v9,support-v9,strict-selected,research,full,strict,all,14.658823836253696,6.514762759208679,0.8935067653656006,12.136018753051758,11.442432403564453,11.711640357971191,5.012229949235916,0.9110956788063049,9.113364219665527,10.931390762329102,9.737356185913086,6.414649993181229,11.477549612522125,432,3866,1057,2.8719202131032944,20.10589599609375,457,5490,1348,6114,0.01990234375,1.0,1.0,1.0,0.11960219837738811,108.11291640977454,387,1528,1703,0.8294707713593912,0.4340560072267389,1348,0.0,0.0,0.0,2.996569061279297,0.0,0.9230769230769231,general,False,,False,v9 support-gated mode is reserved for reflection/background scenes,10.5695,v9_reflection_block,0.0,0.0,0.0,2.972039459718342,1.5923344947735192,0.9244027819776233,2.0867207050323486,4.929478645324707,-2.5311866998672485,v6,strict,v6 adds strict raw/depth support-gated selection for v9; aligned metrics remain evaluation-only.,103_seq385,True,v9_support_gated,9550,31,,0.9317578125
103_seq385,103,385,p29_v9_support_gated_tight,True,phase21_fixed_rgb_canvas,phase23_crop_plus_board_residual_transform,,"[296, 103]","[280, 115]","Phase29 candidate generated from calibration files, raw RGB/LWIR/depth, Phase24 board-affine geometry, Phase25 depth projection support, and raw-only scene reliability scoring. MM5 aligned images are evaluation-only.",1.0,0.9317578125,0.9317578125,0.9941359758377075,0.12553933262825012,1.0,1.1367235689443316,0.955605527349291,0.8907231688499451,1.6368458271026611,0.9317578125,1.032259310697614,1.009048112068566,-0.21462039649486542,1.2472604513168335,0.9317578125,-0.2043003002545266,0.11869105965493189,p29_v9_support_gated_tight,board_all_median_floor,affine,affine_lmeds,1496,5.984659671783447,7.825484275817871,"[[0.964242690293037, 0.13137386244365368, -26.99199754875218], [-0.06631033534806513, 0.9894192701549352, 24.920322865264623]]",3.5,2.0,5,True,False,8.0,4,0.055,calibration/def_stereocalib_THERM.yml,calibration/def_thermalcam_ori.yml,640x480,broad_generalization_raw_only_selection,core,v9_support_gated_tight,False,v6,v9,support-v9,strict-selected,research,full,strict,all,15.65312808773168,7.313455134630203,0.8474474549293518,13.779462814331055,11.729299545288086,13.118026733398438,5.6763046979904175,0.8701226711273193,10.482486724853516,10.928790092468262,10.369063377380371,7.532562762498856,12.86720758676529,344,3650,1029,3.353952333331108,20.66520595550537,373,5250,1289,5622,0.01830078125,1.0,1.0,1.0,0.11973305417429993,107.89531329580298,368,2020,1735,0.8471639613350356,0.4393248175182482,1289,0.0,0.0,0.0,3.0712739181518556,0.0,0.9230769230769231,general,False,,False,v9 support candidate mode is diagnostic-only unless a dedicated raw/depth gate allows it,10.386909999999999,v9_mode_block,0.0,0.0,0.0,1.9777352082403574,1.2996515679442509,0.8500151194436045,1.4226459562778473,3.539820671081543,-1.7324943244457245,v6,strict,v6 adds strict raw/depth support-gated selection for v9; aligned metrics remain evaluation-only.,103_seq385,True,v9_support_gated_tight,8091,31,,0.9317578125
103_seq385,103,385,p29_v9_target_only,True,phase21_fixed_rgb_canvas,phase23_crop_plus_board_residual_transform,,"[296, 103]","[280, 115]","Phase29 candidate generated from calibration files, raw RGB/LWIR/depth, Phase24 board-affine geometry, Phase25 depth projection support, and raw-only scene reliability scoring. MM5 aligned images are evaluation-only.",1.0,0.9317578125,0.9317578125,0.9941359758377075,0.12553933262825012,1.0,1.1367235689443316,0.955605527349291,0.9294100999832153,1.8925684690475464,0.9317578125,1.071020637109915,1.0197729862732325,-0.22143684327602386,1.0180386304855347,0.9317578125,-0.21418322878778276,0.08907897514102875,p29_v9_target_only,board_all_median_floor,affine,affine_lmeds,1496,5.984659671783447,7.825484275817871,"[[0.964242690293037, 0.13137386244365368, -26.99199754875218], [-0.06631033534806513, 0.9894192701549352, 24.920322865264623]]",3.5,2.0,5,True,False,8.0,4,0.045,calibration/def_stereocalib_THERM.yml,calibration/def_thermalcam_ori.yml,640x480,broad_generalization_raw_only_selection,core,v9_target_only,False,v6,v9,support-v9,strict-selected,research,full,strict,all,41.33990212337863,32.77511623501778,0.9776692986488342,64.57256317138672,11.544978141784668,54.325294494628906,32.29391610622406,1.1962039470672607,63.39162826538086,14.964072227478027,47.24775314331055,45.71886259317398,63.54716360569,103,3650,1029,14.867991030216217,42.15761947631836,127,5250,1289,5622,0.01830078125,1.0,1.0,1.0,0.13465061502224548,107.2650007104233,513,2020,1769,0.950656660412758,0.43385036496350365,1289,0.0,0.0,0.0,3.0380960655212403,0.0,0.9230769230769231,general,True,selector v6 selected v9_support_gated via v9_weak_target_only; raw_score delta +23.7090; adjusted score 1.1953; selection used raw RGB/LWIR/depth support gates only,True,,1.19529,v9_weak_target_only,0.0,0.0,0.0,-23.70903882740659,0.4425087108013937,0.8500151194436045,-25.194965451955795,-47.14013534784317,23.72916677594185,v6,strict,v6 adds strict raw/depth support-gated selection for v9; aligned metrics remain evaluation-only.,103_seq385,True,v9_target_only,929,30,,0.9317578125
103_seq385,103,385,p29_v9_depth_thermal,True,phase21_fixed_rgb_canvas,phase23_crop_plus_board_residual_transform,,"[296, 103]","[280, 115]","Phase29 candidate generated from calibration files, raw RGB/LWIR/depth, Phase24 board-affine geometry, Phase25 depth projection support, and raw-only scene reliability scoring. MM5 aligned images are evaluation-only.",1.0,0.9317578125,0.9317578125,0.9941359758377075,0.12553933262825012,1.0,1.1367235689443316,0.955605527349291,0.8817341327667236,1.6759668588638306,0.9317578125,1.0229031629616245,1.0081655423205598,-0.20898723602294922,1.2082988023757935,0.9317578125,-0.19856314369958447,0.11782590091746326,p29_v9_depth_thermal,board_all_median_floor,affine,affine_lmeds,1496,5.984659671783447,7.825484275817871,"[[0.964242690293037, 0.13137386244365368, -26.99199754875218], [-0.06631033534806513, 0.9894192701549352, 24.920322865264623]]",3.5,2.0,5,True,False,7.0,3,0.065,calibration/def_stereocalib_THERM.yml,calibration/def_thermalcam_ori.yml,640x480,broad_generalization_raw_only_selection,core,v9_depth_thermal,False,v6,v9,support-v9,strict-selected,research,full,strict,all,15.667957201616638,7.431510329246521,0.8530051708221436,14.010015487670898,11.646798133850098,13.240262985229492,5.683349132537842,0.8654079437255859,10.501290321350098,10.981528282165527,10.273067474365234,7.116849929094315,13.085600912570953,377,3866,1057,3.5195614248514175,20.473498344421387,402,5490,1348,6114,0.01990234375,1.0,1.0,1.0,0.11960219837738811,108.04839249672199,380,1528,1705,0.84413096482062,0.43224932249322495,1348,0.0,0.0,0.0,3.0564236640930176,0.0,0.9230769230769231,general,False,,False,v9 depth-thermal mode is reserved for double-edge mismatch scenes,10.453980000000001,v9_depth_thermal_block,0.0,0.0,0.0,1.9629060943554002,1.4006968641114983,0.9244027819776233,1.415601521730423,3.321427345275879,-1.6144391298294067,v6,strict,v6 adds strict raw/depth support-gated selection for v9; aligned metrics remain evaluation-only.,103_seq385,True,v9_depth_thermal,8998,31,,0.9317578125
103_seq385,103,385,p29_v9_target_silhouette,True,phase21_fixed_rgb_canvas,phase23_crop_plus_board_residual_transform,,"[296, 103]","[280, 115]","Phase29 candidate generated from calibration files, raw RGB/LWIR/depth, Phase24 board-affine geometry, Phase25 depth projection support, and raw-only scene reliability scoring. MM5 aligned images are evaluation-only.",1.0,0.9317578125,0.9317578125,0.9941359758377075,0.12553933262825012,1.0,1.1367235689443316,0.955605527349291,0.9141143560409546,5.947861671447754,0.9317578125,1.0306605390896455,1.0148890205158498,-0.20940671861171722,1.2431658506393433,0.9317578125,-0.20383544372905593,0.0868684665766489,p29_v9_target_silhouette,board_all_median_floor,affine,affine_lmeds,1496,5.984659671783447,7.825484275817871,"[[0.964242690293037, 0.13137386244365368, -26.99199754875218], [-0.06631033534806513, 0.9894192701549352, 24.920322865264623]]",3.5,2.0,5,True,False,7.0,3,0.045,calibration/def_stereocalib_THERM.yml,calibration/def_thermalcam_ori.yml,640x480,broad_generalization_raw_only_selection,core,v9_target_silhouette,False,v6,v9,support-v9,strict-selected,research,full,strict,all,40.103520212901515,31.495904684066772,0.9648394584655762,62.02696990966797,12.68469524383545,52.66204071044922,31.35675811767578,1.4273681640625,61.28614807128906,10.337639808654785,44.918025970458984,43.92999845743179,62.63324844837189,78,3866,1057,14.297458678483963,38.15575885772705,157,5490,1348,6114,0.01990234375,1.0,1.0,1.0,0.16893483381313792,103.72146587160292,809,1528,1821,0.9379928315412186,0.43450767841011745,1348,0.0,0.0,0.0,3.12,0.0,0.9230769230769231,general,False,,False,v9 silhouette blocked because baseline thermal target is too small,10.13529,v9_silhouette_block,0.0,0.0,0.0,-22.472656916929477,0.5470383275261324,0.9244027819776233,-24.257807463407516,-46.226220190525055,22.449955224990845,v6,strict,v6 adds strict raw/depth support-gated selection for v9; aligned metrics remain evaluation-only.,103_seq385,True,v9_target_silhouette,929,30,100.0,0.9317578125
103_seq385,103,385,p29_raw_shift_dx2p5_dy1p0_fill,True,phase21_fixed_rgb_canvas,phase23_crop_plus_board_residual_transform,,"[296, 103]","[280, 115]","Phase29 candidate generated from calibration files, raw RGB/LWIR/depth, Phase24 board-affine geometry, Phase25 depth projection support, and raw-only scene reliability scoring. MM5 aligned images are evaluation-only.",1.0,0.9331673177083334,0.9331673177083334,0.9941359758377075,0.12553933262825012,1.0,1.1367235689443316,0.955605527349291,0.9577184319496155,2.677494525909424,0.9331673177083334,1.1370565200608818,1.3026870351114854,-0.21653912961483002,0.8119118809700012,0.9331673177083334,-0.2044717834561392,0.11292544963007217,p29_raw_shift_dx2p5_dy1p0_fill,board_all_median_floor,affine,affine_lmeds,1496,5.984659671783447,7.825484275817871,"[[0.964242690293037, 0.13137386244365368, -26.99199754875218], [-0.06631033534806513, 0.9894192701549352, 24.920322865264623]]",2.5,1.0,9,True,False,3.0,2,0.1,calibration/def_stereocalib_THERM.yml,calibration/def_thermalcam_ori.yml,640x480,broad_generalization_raw_only_selection,core,raw_shift_local,False,v6,v9,support-v9,strict-selected,research,full,strict,all,17.482212951597408,8.885608702898026,0.7086716294288635,17.062545776367188,13.411664962768555,16.70716667175293,6.885294675827026,0.7124218940734863,13.058167457580566,12.893397331237793,13.599581718444824,9.072500258684158,15.279999792575836,288,4085,1093,4.320313975214958,22.78726863861084,303,5717,1413,6614,0.021529947916666667,1.0,1.0,1.0,0.14943732007327926,98.85096869093682,387,1028,2016,0.8786490156143923,0.4957943925233645,1413,0.0,0.0,0.0,3.12,0.0,0.9230769230769231,general,False,,False,raw improvement 0.1487 is below 0.6000,17.58221295159741,generic_block,-1.0,-1.0,2.0,0.1486503443746301,1.0557491289198606,1.0,0.2136559784412384,1.127028465270996,-0.16034075617790222,v6,strict,v6 adds strict raw/depth support-gated selection for v9; aligned metrics remain evaluation-only.,103_seq385,,,,,,
103_seq385,103,385,p29_raw_shift_dx3p5_dy1p0_fill,True,phase21_fixed_rgb_canvas,phase23_crop_plus_board_residual_transform,,"[296, 103]","[280, 115]","Phase29 candidate generated from calibration files, raw RGB/LWIR/depth, Phase24 board-affine geometry, Phase25 depth projection support, and raw-only scene reliability scoring. MM5 aligned images are evaluation-only.",1.0,0.9327799479166666,0.9327799479166666,0.9941359758377075,0.12553933262825012,1.0,1.1367235689443316,0.955605527349291,0.9537404775619507,3.211729049682617,0.9327799479166666,1.1308995442316894,1.3095296064522297,-0.213338702917099,0.8035319447517395,0.9327799479166666,-0.20140996314256962,0.11166620962026544,p29_raw_shift_dx3p5_dy1p0_fill,board_all_median_floor,affine,affine_lmeds,1496,5.984659671783447,7.825484275817871,"[[0.964242690293037, 0.13137386244365368, -26.99199754875218], [-0.06631033534806513, 0.9894192701549352, 24.920322865264623]]",3.5,1.0,9,True,False,3.0,2,0.1,calibration/def_stereocalib_THERM.yml,calibration/def_thermalcam_ori.yml,640x480,broad_generalization_raw_only_selection,core,raw_shift_local,False,v6,v9,support-v9,strict-selected,research,full,strict,all,17.921318528227307,9.31219083070755,0.7165199518203735,17.907861709594727,13.611814498901367,17.963098526000977,7.279267996549606,0.7244638800621033,13.83407211303711,13.072115898132324,14.826203346252441,9.377950698137283,16.712499678134918,271,4085,1102,4.711047753691673,24.65619468688965,286,5717,1417,6614,0.021529947916666667,1.0,1.0,1.0,0.11593823606385763,108.17261989819231,380,1028,2020,0.8825029756844074,0.4957943925233645,1417,0.0,0.0,0.0,3.12,0.0,0.9230769230769231,general,False,,False,raw improvement -0.2905 is below 0.6000,17.971318528227307,generic_block,0.0,-1.0,1.0,-0.2904552322552689,0.9965156794425087,1.0,-0.18031734228134155,-0.30547142028808594,0.2662413716316223,v6,strict,v6 adds strict raw/depth support-gated selection for v9; aligned metrics remain evaluation-only.,103_seq385,,,,,,
103_seq385,103,385,p29_raw_shift_dx4p5_dy1p0_fill,True,phase21_fixed_rgb_canvas,phase23_crop_plus_board_residual_transform,,"[296, 103]","[280, 115]","Phase29 candidate generated from calibration files, raw RGB/LWIR/depth, Phase24 board-affine geometry, Phase25 depth projection support, and raw-only scene reliability scoring. MM5 aligned images are evaluation-only.",1.0,0.9323665364583333,0.9323665364583333,0.9941359758377075,0.12553933262825012,1.0,1.1367235689443316,0.955605527349291,0.9482579827308655,3.355274200439453,0.9323665364583333,1.1244791774560314,1.3090189328520183,-0.2084508091211319,0.8319499492645264,0.9323665364583333,-0.1968689667915569,0.11049028016774771,p29_raw_shift_dx4p5_dy1p0_fill,board_all_median_floor,affine,affine_lmeds,1496,5.984659671783447,7.825484275817871,"[[0.964242690293037, 0.13137386244365368, -26.99199754875218], [-0.06631033534806513, 0.9894192701549352, 24.920322865264623]]",4.5,1.0,9,True,False,3.0,2,0.1,calibration/def_stereocalib_THERM.yml,calibration/def_thermalcam_ori.yml,640x480,broad_generalization_raw_only_selection,core,raw_shift_local,False,v6,v9,support-v9,strict-selected,research,full,strict,all,17.89753231118951,9.292839497327805,0.6915158629417419,17.894163131713867,13.437005996704102,17.89080047607422,7.245976954698563,0.7014170289039612,13.790536880493164,12.897584915161133,14.720827102661133,9.360400229692459,16.74057775735855,276,4085,1102,4.73200698196888,24.828932762145996,291,5717,1417,6614,0.021529947916666667,1.0,1.0,1.0,0.11920963098665271,108.5178462321082,403,1028,2012,0.8816326530612245,0.497196261682243,1417,0.0,0.0,0.0,3.12,0.0,0.9230769230769231,general,False,,False,raw improvement -0.2667 is below 0.6000,17.997532311189513,generic_block,1.0,-1.0,2.0,-0.26666901521747377,1.0139372822299653,1.0,-0.14702630043029785,-0.33354949951171875,0.24689003825187683,v6,strict,v6 adds strict raw/depth support-gated selection for v9; aligned metrics remain evaluation-only.,103_seq385,,,,,,
103_seq385,103,385,p29_raw_shift_dx2p5_dy2p0_fill,True,phase21_fixed_rgb_canvas,phase23_crop_plus_board_residual_transform,,"[296, 103]","[280, 115]","Phase29 candidate generated from calibration files, raw RGB/LWIR/depth, Phase24 board-affine geometry, Phase25 depth projection support, and raw-only scene reliability scoring. MM5 aligned images are evaluation-only.",1.0,0.9321451822916667,0.9321451822916667,0.9941359758377075,0.12553933262825012,1.0,1.1367235689443316,0.955605527349291,0.9576959013938904,2.521317720413208,0.9321451822916667,1.131803289840802,1.2615686317959378,-0.2051125019788742,0.8053844571113586,0.9321451822916667,-0.19307809169613233,0.1124447801694002,p29_raw_shift_dx2p5_dy2p0_fill,board_all_median_floor,affine,affine_lmeds,1496,5.984659671783447,7.825484275817871,"[[0.964242690293037, 0.13137386244365368, -26.99199754875218], [-0.06631033534806513, 0.9894192701549352, 24.920322865264623]]",2.5,2.0,9,True,False,3.0,2,0.1,calibration/def_stereocalib_THERM.yml,calibration/def_thermalcam_ori.yml,640x480,broad_generalization_raw_only_selection,core,raw_shift_local,False,v6,v9,support-v9,strict-selected,research,full,strict,all,17.196811436656414,8.618696302175522,0.5840970873832703,16.653295516967773,13.790534973144531,16.186429977416992,6.69852477312088,0.6110159158706665,12.786033630371094,13.321784973144531,13.14729118347168,8.756500273942947,14.918353140354156,290,4085,1093,4.149759814143181,22.878914833068848,305,5717,1413,6614,0.021529947916666667,1.0,1.0,1.0,0.10847945563988484,107.7691976165321,335,1028,1985,0.8816103718867281,0.49252336448598133,1413,0.0,0.0,0.0,3.12,0.0,0.9230769230769231,general,False,,False,raw improvement 0.4341 is below 0.6000,17.246811436656415,generic_block,-1.0,0.0,1.0,0.4340518593156233,1.0627177700348431,1.0,0.40042588114738464,1.4886751174926758,-0.4272531569004059,v6,strict,v6 adds strict raw/depth support-gated selection for v9; aligned metrics remain evaluation-only.,103_seq385,,,,,,
103_seq385,103,385,p29_raw_shift_dx4p5_dy2p0_fill,True,phase21_fixed_rgb_canvas,phase23_crop_plus_board_residual_transform,,"[296, 103]","[280, 115]","Phase29 candidate generated from calibration files, raw RGB/LWIR/depth, Phase24 board-affine geometry, Phase25 depth projection support, and raw-only scene reliability scoring. MM5 aligned images are evaluation-only.",1.0,0.9313444010416667,0.9313444010416667,0.9941359758377075,0.12553933262825012,1.0,1.1367235689443316,0.955605527349291,0.948180615901947,2.7590200901031494,0.9313444010416667,1.120610365322567,1.2598924664082594,-0.19792555272579193,0.7983573079109192,0.9313444010416667,-0.18634238196190459,0.10915543074235241,p29_raw_shift_dx4p5_dy2p0_fill,board_all_median_floor,affine,affine_lmeds,1496,5.984659671783447,7.825484275817871,"[[0.964242690293037, 0.13137386244365368, -26.99199754875218], [-0.06631033534806513, 0.9894192701549352, 24.920322865264623]]",4.5,2.0,9,True,False,3.0,2,0.1,calibration/def_stereocalib_THERM.yml,calibration/def_thermalcam_ori.yml,640x480,broad_generalization_raw_only_selection,core,raw_shift_local,False,v6,v9,support-v9,strict-selected,research,full,strict,all,17.229452127692834,8.64334163069725,0.6446201205253601,16.64206314086914,12.896795272827148,15.86730670928955,6.713874518871307,0.6758540868759155,12.7518949508667,12.361512184143066,12.842998504638672,8.693300276994705,15.07213407754898,279,4085,1093,4.197500631213188,22.193208694458008,294,5717,1413,6614,0.021529947916666667,1.0,1.0,1.0,0.12077990054959435,108.4606434333126,409,1028,1984,0.8831456840668713,0.49439252336448597,1413,0.0,0.0,0.0,3.12,0.0,0.9230769230769231,general,False,,False,raw improvement 0.4014 is below 0.6000,17.279452127692835,generic_block,1.0,0.0,1.0,0.4014111682792034,1.024390243902439,1.0,0.3850761353969574,1.3348941802978516,-0.40260782837867737,v6,strict,v6 adds strict raw/depth support-gated selection for v9; aligned metrics remain evaluation-only.,103_seq385,,,,,,
103_seq385,103,385,p29_raw_shift_dx2p5_dy3p0_fill,True,phase21_fixed_rgb_canvas,phase23_crop_plus_board_residual_transform,,"[296, 103]","[280, 115]","Phase29 candidate generated from calibration files, raw RGB/LWIR/depth, Phase24 board-affine geometry, Phase25 depth projection support, and raw-only scene reliability scoring. MM5 aligned images are evaluation-only.",1.0,0.9310774739583333,0.9310774739583333,0.9941359758377075,0.12553933262825012,1.0,1.1367235689443316,0.955605527349291,0.9443188309669495,3.5604636669158936,0.9310774739583333,1.099775893856657,1.1787989659413542,-0.19437938928604126,0.9284687042236328,0.9310774739583333,-0.18332765223616956,0.11081699516808995,p29_raw_shift_dx2p5_dy3p0_fill,board_all_median_floor,affine,affine_lmeds,1496,5.984659671783447,7.825484275817871,"[[0.964242690293037, 0.13137386244365368, -26.99199754875218], [-0.06631033534806513, 0.9894192701549352, 24.920322865264623]]",2.5,3.0,9,True,False,3.0,2,0.1,calibration/def_stereocalib_THERM.yml,calibration/def_thermalcam_ori.yml,640x480,broad_generalization_raw_only_selection,core,raw_shift_local,False,v6,v9,support-v9,strict-selected,research,full,strict,all,17.489895381627985,8.89098784327507,0.6861695647239685,17.095806121826172,13.183013916015625,16.850496292114258,7.029456466436386,0.7068344950675964,13.352078437805176,12.666816711425781,13.937321662902832,8.882900267839432,16.097356855869293,267,4085,1093,4.385870590806007,23.20718765258789,282,5717,1413,6614,0.021529947916666667,1.0,1.0,1.0,0.10704004187385502,107.72770977776948,328,1028,2011,0.8824833702882483,0.49485981308411214,1413,0.0,0.0,0.0,3.12,0.0,0.9230769230769231,general,False,,False,raw improvement 0.1410 is below 0.6000,17.589895381627986,generic_block,-1.0,1.0,2.0,0.14096791434405276,0.9825783972125436,1.0,0.06949418783187866,0.30967140197753906,-0.15496161580085754,v6,strict,v6 adds strict raw/depth support-gated selection for v9; aligned metrics remain evaluation-only.,103_seq385,,,,,,
103_seq385,103,385,p29_raw_shift_dx3p5_dy3p0_fill,True,phase21_fixed_rgb_canvas,phase23_crop_plus_board_residual_transform,,"[296, 103]","[280, 115]","Phase29 candidate generated from calibration files, raw RGB/LWIR/depth, Phase24 board-affine geometry, Phase25 depth projection support, and raw-only scene reliability scoring. MM5 aligned images are evaluation-only.",1.0,0.9306901041666666,0.9306901041666666,0.9941359758377075,0.12553933262825012,1.0,1.1367235689443316,0.955605527349291,0.9402909874916077,3.5226144790649414,0.9306901041666666,1.095794414485065,1.177594092452314,-0.19135761260986328,0.9332376718521118,0.9306901041666666,-0.18066284360473575,0.10862796690826797,p29_raw_shift_dx3p5_dy3p0_fill,board_all_median_floor,affine,affine_lmeds,1496,5.984659671783447,7.825484275817871,"[[0.964242690293037, 0.13137386244365368, -26.99199754875218], [-0.06631033534806513, 0.9894192701549352, 24.920322865264623]]",3.5,3.0,9,True,False,3.0,2,0.1,calibration/def_stereocalib_THERM.yml,calibration/def_thermalcam_ori.yml,640x480,broad_generalization_raw_only_selection,core,raw_shift_local,False,v6,v9,support-v9,strict-selected,research,full,strict,all,17.09348258765187,8.500466167926788,0.7691246271133423,16.231807708740234,12.539555549621582,15.507587432861328,6.654922723770142,0.7926850318908691,12.517160415649414,12.024255752563477,12.59725284576416,8.549349814653397,14.711202681064606,287,4085,1093,4.023344114422798,21.39058017730713,302,5717,1413,6614,0.021529947916666667,1.0,1.0,1.0,0.11305940853179795,108.05996566422634,363,1028,2009,0.8784173883511632,0.4976635514018692,1413,0.0,0.0,0.0,3.12,0.0,0.9230769230769231,general,False,,False,raw improvement 0.5374 is below 0.6000,17.14348258765187,generic_block,0.0,1.0,1.0,0.5373807083201676,1.0522648083623694,1.0,0.44402793049812317,1.6958255767822266,-0.5454832911491394,v6,strict,v6 adds strict raw/depth support-gated selection for v9; aligned metrics remain evaluation-only.,103_seq385,,,,,,
103_seq385,103,385,p29_raw_shift_dx4p5_dy3p0_fill,True,phase21_fixed_rgb_canvas,phase23_crop_plus_board_residual_transform,,"[296, 103]","[280, 115]","Phase29 candidate generated from calibration files, raw RGB/LWIR/depth, Phase24 board-affine geometry, Phase25 depth projection support, and raw-only scene reliability scoring. MM5 aligned images are evaluation-only.",1.0,0.9302766927083334,0.9302766927083334,0.9941359758377075,0.12553933262825012,1.0,1.1367235689443316,0.955605527349291,0.9352908730506897,3.0502588748931885,0.9302766927083334,1.0932846291632512,1.1753020624128048,-0.18809100985527039,0.9351170063018799,0.9302766927083334,-0.1776447854270078,0.1070461764404924,p29_raw_shift_dx4p5_dy3p0_fill,board_all_median_floor,affine,affine_lmeds,1496,5.984659671783447,7.825484275817871,"[[0.964242690293037, 0.13137386244365368, -26.99199754875218], [-0.06631033534806513, 0.9894192701549352, 24.920322865264623]]",4.5,3.0,9,True,False,3.0,2,0.1,calibration/def_stereocalib_THERM.yml,calibration/def_thermalcam_ori.yml,640x480,broad_generalization_raw_only_selection,core,raw_shift_local,False,v6,v9,support-v9,strict-selected,research,full,strict,all,16.67330023484845,8.090998947620392,0.8492571115493774,15.332740783691406,12.053533554077148,14.687016487121582,6.260642796754837,0.8750301003456116,11.646255493164062,11.549986839294434,12.141645431518555,8.054299861192703,13.980206549167633,309,4085,1093,3.825407788157463,21.49591827392578,324,5717,1413,6614,0.021529947916666667,1.0,1.0,1.0,0.1190787751897409,108.37689395584628,398,1028,2008,0.8732012866091078,0.4981308411214953,1413,0.0,0.0,0.0,3.12,0.0,0.9230769230769231,general,False,,False,LWIR edge growth 1.129 exceeds 1.120,16.773300234848453,generic_block,1.0,1.0,2.0,0.9575630611235866,1.1289198606271778,1.0,0.8383078575134277,2.426821708679199,-0.9549505114555359,v6,strict,v6 adds strict raw/depth support-gated selection for v9; aligned metrics remain evaluation-only.,103_seq385,,,,,,
103_seq385,103,385,p29_raw_shift_dx3p0_dy2p0_fill,True,phase21_fixed_rgb_canvas,phase23_crop_plus_board_residual_transform,,"[296, 103]","[280, 115]","Phase29 candidate generated from calibration files, raw RGB/LWIR/depth, Phase24 board-affine geometry, Phase25 depth projection support, and raw-only scene reliability scoring. MM5 aligned images are evaluation-only.",1.0,0.9317578125,0.9317578125,0.9941359758377075,0.12553933262825012,1.0,1.1367235689443316,0.955605527349291,0.9555694460868835,3.5433788299560547,0.9317578125,1.122782733583686,1.2564904031769253,-0.20508421957492828,0.84685218334198,0.9317578125,-0.19312271685896049,0.11361743877346446,p29_raw_shift_dx3p0_dy2p0_fill,board_all_median_floor,affine,affine_lmeds,1496,5.984659671783447,7.825484275817871,"[[0.964242690293037, 0.13137386244365368, -26.99199754875218], [-0.06631033534806513, 0.9894192701549352, 24.920322865264623]]",3.0,2.0,9,True,False,3.0,2,0.1,calibration/def_stereocalib_THERM.yml,calibration/def_thermalcam_ori.yml,640x480,broad_generalization_raw_only_selection,core,raw_shift_local,False,v6,v9,support-v9,strict-selected,research,full,strict,all,17.24753900470634,8.673120021820068,0.7238035202026367,16.6224365234375,13.540031433105469,16.139652252197266,6.749660521745682,0.7534294724464417,12.745891571044922,13.080626487731934,13.129329681396484,8.595000296831131,15.09039980173111,302,4085,1093,4.196059450507164,22.82238006591797,317,5717,1413,6614,0.021529947916666667,1.0,1.0,1.0,0.11122742737503272,108.4158088653192,345,1028,1984,0.8798640611724724,0.4929906542056075,1413,0.0,0.0,0.0,3.12,0.0,0.9230769230769231,general,False,,False,raw improvement 0.3833 is below 0.6000,17.27253900470634,generic_block,-0.5,0.0,0.5,0.3833242912656978,1.1045296167247387,1.0,0.349290132522583,1.3166284561157227,-0.3728294372558594,v6,strict,v6 adds strict raw/depth support-gated selection for v9; aligned metrics remain evaluation-only.,103_seq385,,,,,,
103_seq385,103,385,p29_raw_shift_dx4p0_dy2p0_fill,True,phase21_fixed_rgb_canvas,phase23_crop_plus_board_residual_transform,,"[296, 103]","[280, 115]","Phase29 candidate generated from calibration files, raw RGB/LWIR/depth, Phase24 board-affine geometry, Phase25 depth projection support, and raw-only scene reliability scoring. MM5 aligned images are evaluation-only.",1.0,0.9313444010416667,0.9313444010416667,0.9941359758377075,0.12553933262825012,1.0,1.1367235689443316,0.955605527349291,0.9506720304489136,3.769597053527832,0.9313444010416667,1.1162175938594974,1.2544209715450056,-0.2017609179019928,0.8545405268669128,0.9313444010416667,-0.19010420123129362,0.11189306554600434,p29_raw_shift_dx4p0_dy2p0_fill,board_all_median_floor,affine,affine_lmeds,1496,5.984659671783447,7.825484275817871,"[[0.964242690293037, 0.13137386244365368, -26.99199754875218], [-0.06631033534806513, 0.9894192701549352, 24.920322865264623]]",4.0,2.0,9,True,False,3.0,2,0.1,calibration/def_stereocalib_THERM.yml,calibration/def_thermalcam_ori.yml,640x480,broad_generalization_raw_only_selection,core,raw_shift_local,False,v6,v9,support-v9,strict-selected,research,full,strict,all,16.744887366231726,8.184285789728165,0.7837441563606262,15.584827423095703,13.083246231079102,15.166579246520996,6.281569957733154,0.8169784545898438,11.746161460876465,12.632332801818848,12.611123085021973,8.008649855852127,14.233702719211578,325,4085,1093,3.961141511797905,22.79640007019043,340,5717,1413,6614,0.021529947916666667,1.0,1.0,1.0,0.11737764982988746,108.77634979811823,383,1028,1984,0.8727334350110151,0.4939252336448598,1413,0.0,0.0,0.0,3.12,0.0,0.9230769230769231,general,False,,False,LWIR edge growth 1.185 exceeds 1.120,16.769887366231725,generic_block,0.5,0.0,0.5,0.8859759297403116,1.1846689895470384,1.0,0.8173806965351105,2.173325538635254,-0.8616636693477631,v6,strict,v6 adds strict raw/depth support-gated selection for v9; aligned metrics remain evaluation-only.,103_seq385,,,,,,
103_seq385,103,385,p29_raw_shift_dx3p5_dy1p5_fill,True,phase21_fixed_rgb_canvas,phase23_crop_plus_board_residual_transform,,"[296, 103]","[280, 115]","Phase29 candidate generated from calibration files, raw RGB/LWIR/depth, Phase24 board-affine geometry, Phase25 depth projection support, and raw-only scene reliability scoring. MM5 aligned images are evaluation-only.",1.0,0.9327799479166666,0.9327799479166666,0.9941359758377075,0.12553933262825012,1.0,1.1367235689443316,0.955605527349291,0.9560711979866028,3.370830774307251,0.9327799479166666,1.130883025339443,1.3002454133245591,-0.20742550492286682,0.7980431914329529,0.9327799479166666,-0.19562454467267695,0.1105947959919171,p29_raw_shift_dx3p5_dy1p5_fill,board_all_median_floor,affine,affine_lmeds,1496,5.984659671783447,7.825484275817871,"[[0.964242690293037, 0.13137386244365368, -26.99199754875218], [-0.06631033534806513, 0.9894192701549352, 24.920322865264623]]",3.5,1.5,9,True,False,3.0,2,0.1,calibration/def_stereocalib_THERM.yml,calibration/def_thermalcam_ori.yml,640x480,broad_generalization_raw_only_selection,core,raw_shift_local,False,v6,v9,support-v9,strict-selected,research,full,strict,all,16.83148428369918,8.261446058750153,0.7171975374221802,15.805694580078125,12.63623332977295,15.504085540771484,6.29942062497139,0.7511335015296936,11.847707748413086,12.094924926757812,12.794278144836426,8.342199832201004,14.353077948093414,310,4085,1102,4.050294920802116,22.294321060180664,326,5717,1417,6614,0.021529947916666667,1.0,1.0,1.0,0.11449882229782779,108.29431725869203,365,1028,2006,0.8707817534339495,0.4934579439252336,1417,0.0,0.0,0.0,3.12,0.0,0.9230769230769231,general,False,,False,LWIR edge growth 1.136 exceeds 1.120,16.856484283699178,generic_block,0.0,-0.5,0.5,0.7993790122728583,1.1358885017421603,1.0,0.799530029296875,2.053950309753418,-0.7845034003257751,v6,strict,v6 adds strict raw/depth support-gated selection for v9; aligned metrics remain evaluation-only.,103_seq385,,,,,,
103_seq385,103,385,p29_raw_shift_dx3p5_dy2p5_fill,True,phase21_fixed_rgb_canvas,phase23_crop_plus_board_residual_transform,,"[296, 103]","[280, 115]","Phase29 candidate generated from calibration files, raw RGB/LWIR/depth, Phase24 board-affine geometry, Phase25 depth projection support, and raw-only scene reliability scoring. MM5 aligned images are evaluation-only.",1.0,0.9317578125,0.9317578125,0.9941359758377075,0.12553933262825012,1.0,1.1367235689443316,0.955605527349291,0.9493234753608704,3.9804298877716064,0.9317578125,1.1093263635990818,1.2259031170989407,-0.19736121594905853,0.9013457894325256,0.9317578125,-0.1862584519545331,0.11007225820747053,p29_raw_shift_dx3p5_dy2p5_fill,board_all_median_floor,affine,affine_lmeds,1496,5.984659671783447,7.825484275817871,"[[0.964242690293037, 0.13137386244365368, -26.99199754875218], [-0.06631033534806513, 0.9894192701549352, 24.920322865264623]]",3.5,2.5,9,True,False,3.0,2,0.1,calibration/def_stereocalib_THERM.yml,calibration/def_thermalcam_ori.yml,640x480,broad_generalization_raw_only_selection,core,raw_shift_local,False,v6,v9,support-v9,strict-selected,research,full,strict,all,17.122021247775383,8.558720856904984,0.758493959903717,16.35894775390625,12.608304023742676,16.45558738708496,6.6347737312316895,0.7837696075439453,12.485777854919434,12.110322952270508,13.726542472839355,8.486149817705154,15.48714929819107,299,4085,1093,4.295734450221062,23.883418083190918,314,5717,1413,6614,0.021529947916666667,1.0,1.0,1.0,0.11292855273488615,108.2869365906149,359,1028,1987,0.8734929529631517,0.4939252336448598,1413,0.0,0.0,0.0,3.12,0.0,0.9230769230769231,general,False,,False,raw improvement 0.5088 is below 0.6000,17.14702124777538,generic_block,0.0,0.5,0.5,0.5088420481966551,1.0940766550522647,1.0,0.4641769230365753,0.9198789596557617,-0.4872286021709442,v6,strict,v6 adds strict raw/depth support-gated selection for v9; aligned metrics remain evaluation-only.,103_seq385,,,,,,
104_seq386,104,386,p29_baseline,True,phase21_fixed_rgb_canvas,phase24_affine_lwir_subpixel_shift_depth_fill_then_morph_close,,"[296, 103]","[280, 115]","Phase29 candidate generated from calibration files, raw RGB/LWIR/depth, Phase24 board-affine geometry, Phase25 depth projection support, and raw-only scene reliability scoring. MM5 aligned images are evaluation-only.",1.0,0.9317578125,0.9317578125,0.9930278062820435,0.1253284364938736,1.0,1.132101267751293,0.9321695472547512,0.9250665903091431,2.1912314891815186,0.9317578125,1.09055729169325,1.1909206021279726,-0.2878014147281647,0.7756843566894531,0.9317578125,-0.2721815862121754,0.13515956437417304,p29_baseline,board_all_median_floor,affine,affine_lmeds,1496,5.984659671783447,7.825484275817871,"[[0.964242690293037, 0.13137386244365368, -26.99199754875218], [-0.06631033534806513, 0.9894192701549352, 24.920322865264623]]",3.5,2.0,9,True,False,3.0,2,0.1,calibration/def_stereocalib_THERM.yml,calibration/def_thermalcam_ori.yml,640x480,broad_generalization_raw_only_selection,core,baseline,False,v6,v9,support-v9,strict-selected,research,full,strict,all,13.726190355114898,5.519311189651489,0.757169246673584,10.281453132629395,12.644895553588867,9.515297889709473,4.348699122667313,0.7841606736183167,7.913237571716309,12.656172752380371,8.627213478088379,5.747550040483475,9.170800268650055,529,4966,971,1.9633121341466904,21.29789924621582,550,6912,1087,6859,0.022327473958333333,1.0,1.0,1.0,0.19306806806806806,73.40931104153098,571,1060,1985,0.8301860594279367,0.5327272727272727,1087,0.0,0.0,0.0,2.921223831176758,0.0,0.9230769230769231,general,False,,False,,13.726190355114898,v6_baseline,0.0,0.0,0.0,0.0,1.0,1.0,0.0,0.0,0.0,v6,strict,v6 baseline row; aligned metrics are not used for selection.,104_seq386,,,,,,
104_seq386,104,386,p29_depth_conservative,True,phase21_fixed_rgb_canvas,phase23_crop_plus_board_residual_transform,,"[296, 103]","[280, 115]","Phase29 candidate generated from calibration files, raw RGB/LWIR/depth, Phase24 board-affine geometry, Phase25 depth projection support, and raw-only scene reliability scoring. MM5 aligned images are evaluation-only.",1.0,0.9317578125,0.9317578125,0.9930278062820435,0.1253284364938736,1.0,1.132101267751293,0.9321695472547512,0.9222697615623474,6.807280540466309,0.9317578125,1.0591744916884083,1.1849894224590583,-0.28824079036712646,0.7156105637550354,0.9317578125,-0.2723424181609533,0.13461357059135592,p29_depth_conservative,board_all_median_floor,affine,affine_lmeds,1496,5.984659671783447,7.825484275817871,"[[0.964242690293037, 0.13137386244365368, -26.99199754875218], [-0.06631033534806513, 0.9894192701549352, 24.920322865264623]]",3.5,2.0,9,False,False,4.0,3,0.075,calibration/def_stereocalib_THERM.yml,calibration/def_thermalcam_ori.yml,640x480,broad_generalization_raw_only_selection,core,depth_conservative,False,v6,v9,support-v9,strict-selected,research,full,strict,all,13.622271429471153,5.325017720460892,0.7578302025794983,9.892205238342285,12.559362411499023,9.460970878601074,4.226278215646744,0.7824867367744446,7.670069694519043,12.648408889770508,8.535699844360352,5.6668000519275665,9.170800268650055,520,4656,950,1.8914395719766617,21.303163528442383,547,6649,1083,6292,0.020481770833333333,0.5932930705657978,1.0,1.0,0.19306806806806806,73.40931104153098,571,1627,2010,0.8250216200634188,0.5370370370370371,1083,0.0,0.0,0.0,2.916877670288086,0.0,0.9230769230769231,general,False,,False,depth/reflection/edge guard candidates are diagnostic-only by default,13.622271429471153,diagnostic_guard_block,0.0,0.0,0.0,0.10391892564374494,0.9945454545454545,0.9173348884677066,0.12242090702056885,0.0,-0.19429346919059753,v6,strict,v6 adds strict raw/depth support-gated selection for v9; aligned metrics remain evaluation-only.,104_seq386,,,,,,
104_seq386,104,386,p29_reflection_guard,True,phase21_fixed_rgb_canvas,phase23_crop_plus_board_residual_transform,,"[296, 103]","[280, 115]","Phase29 candidate generated from calibration files, raw RGB/LWIR/depth, Phase24 board-affine geometry, Phase25 depth projection support, and raw-only scene reliability scoring. MM5 aligned images are evaluation-only.",1.0,0.9317578125,0.9317578125,0.9930278062820435,0.1253284364938736,1.0,1.132101267751293,0.9321695472547512,0.9222697615623474,6.807280540466309,0.9317578125,1.0591744916884083,1.1849894224590583,-0.28824079036712646,0.7156105637550354,0.9317578125,-0.2723424181609533,0.13461357059135592,p29_reflection_guard,board_all_median_floor,affine,affine_lmeds,1496,5.984659671783447,7.825484275817871,"[[0.964242690293037, 0.13137386244365368, -26.99199754875218], [-0.06631033534806513, 0.9894192701549352, 24.920322865264623]]",3.5,2.0,9,False,False,4.5,3,0.055,calibration/def_stereocalib_THERM.yml,calibration/def_thermalcam_ori.yml,640x480,broad_generalization_raw_only_selection,core,reflection_guard,False,v6,v9,support-v9,strict-selected,research,full,strict,all,13.583220903382722,5.325017720460892,0.7578302025794983,9.892205238342285,12.559362411499023,9.460970878601074,4.226278215646744,0.7824867367744446,7.670069694519043,12.648408889770508,8.535699844360352,5.6668000519275665,9.170800268650055,520,4656,950,1.8914395719766617,21.303163528442383,547,6649,1083,6343,0.020647786458333334,1.0,1.0,1.0,0.19306806806806806,73.40931104153098,571,1576,1974,0.8250216200634188,0.529783393501805,1083,0.0,0.0,0.0,2.916877670288086,0.0,0.9230769230769231,general,False,,False,depth/reflection/edge guard candidates are diagnostic-only by default,13.583220903382722,diagnostic_guard_block,0.0,0.0,0.0,0.142969451732176,0.9945454545454545,0.9247703746901881,0.12242090702056885,0.0,-0.19429346919059753,v6,strict,v6 adds strict raw/depth support-gated selection for v9; aligned metrics remain evaluation-only.,104_seq386,,,,,,
104_seq386,104,386,p29_small_target_guard,True,phase21_fixed_rgb_canvas,phase23_crop_plus_board_residual_transform,,"[296, 103]","[280, 115]","Phase29 candidate generated from calibration files, raw RGB/LWIR/depth, Phase24 board-affine geometry, Phase25 depth projection support, and raw-only scene reliability scoring. MM5 aligned images are evaluation-only.",1.0,0.9317578125,0.9317578125,0.9930278062820435,0.1253284364938736,1.0,1.132101267751293,0.9321695472547512,0.9238736033439636,2.007612466812134,0.9317578125,1.089215080962586,1.1825810161299684,-0.2865476906299591,0.758922815322876,0.9317578125,-0.2711270854452669,0.13316094717752985,p29_small_target_guard,board_all_median_floor,affine,affine_lmeds,1496,5.984659671783447,7.825484275817871,"[[0.964242690293037, 0.13137386244365368, -26.99199754875218], [-0.06631033534806513, 0.9894192701549352, 24.920322865264623]]",3.5,2.0,5,True,False,3.0,2,0.065,calibration/def_stereocalib_THERM.yml,calibration/def_thermalcam_ori.yml,640x480,broad_generalization_raw_only_selection,core,small_target_guard,False,v6,v9,support-v9,strict-selected,research,full,strict,all,13.765896000243181,5.544250726699829,0.7400069236755371,10.348494529724121,12.672886848449707,9.6552734375,4.360977292060852,0.7631566524505615,7.958797931671143,12.687882423400879,8.73145866394043,5.747550040483475,9.256824553012848,528,4966,971,1.997479572892189,21.295781135559082,548,6912,1087,6859,0.022327473958333333,1.0,1.0,1.0,0.1933183183183183,72.94841694059309,567,1060,1985,0.8318042813455657,0.5327272727272727,1087,0.0,0.0,0.0,2.932421875,0.0,0.9230769230769231,general,False,,False,raw improvement -0.0397 is below 0.6500,13.985896000243182,small_target_guard_block,0.0,0.0,0.0,-0.039705645128282896,0.9963636363636363,1.0,-0.012278169393539429,-0.08602428436279297,0.024939537048339844,v6,strict,v6 adds strict raw/depth support-gated selection for v9; aligned metrics remain evaluation-only.,104_seq386,,,,,,
104_seq386,104,386,p29_edge_contamination_guard,True,phase21_fixed_rgb_canvas,phase23_crop_plus_board_residual_transform,,"[296, 103]","[280, 115]","Phase29 candidate generated from calibration files, raw RGB/LWIR/depth, Phase24 board-affine geometry, Phase25 depth projection support, and raw-only scene reliability scoring. MM5 aligned images are evaluation-only.",1.0,0.9317578125,0.9317578125,0.9930278062820435,0.1253284364938736,1.0,1.132101267751293,0.9321695472547512,0.9222697615623474,6.807280540466309,0.9317578125,1.0591744916884083,1.1849894224590583,-0.28824079036712646,0.7156105637550354,0.9317578125,-0.2723424181609533,0.13461357059135592,p29_edge_contamination_guard,board_all_median_floor,affine,affine_lmeds,1496,5.984659671783447,7.825484275817871,"[[0.964242690293037, 0.13137386244365368, -26.99199754875218], [-0.06631033534806513, 0.9894192701549352, 24.920322865264623]]",3.5,2.0,9,False,False,4.0,3,0.08,calibration/def_stereocalib_THERM.yml,calibration/def_thermalcam_ori.yml,640x480,broad_generalization_raw_only_selection,core,edge_contamination_guard,False,v6,v9,support-v9,strict-selected,research,full,strict,all,13.605958103907827,5.325017720460892,0.7578302025794983,9.892205238342285,12.559362411499023,9.460970878601074,4.226278215646744,0.7824867367744446,7.670069694519043,12.648408889770508,8.535699844360352,5.6668000519275665,9.170800268650055,520,4656,950,1.8914395719766617,21.303163528442383,547,6649,1083,6343,0.020647786458333334,1.0,1.0,1.0,0.19306806806806806,73.40931104153098,571,1576,1996,0.8250216200634188,0.5372727272727272,1083,0.0,0.0,0.0,2.916877670288086,0.0,0.9230769230769231,general,False,,False,depth/reflection/edge guard candidates are diagnostic-only by default,13.605958103907827,diagnostic_guard_block,0.0,0.0,0.0,0.12023225120707082,0.9945454545454545,0.9247703746901881,0.12242090702056885,0.0,-0.19429346919059753,v6,strict,v6 adds strict raw/depth support-gated selection for v9; aligned metrics remain evaluation-only.,104_seq386,,,,,,
104_seq386,104,386,p29_v9_support_gated,True,phase21_fixed_rgb_canvas,phase23_crop_plus_board_residual_transform,,"[296, 103]","[280, 115]","Phase29 candidate generated from calibration files, raw RGB/LWIR/depth, Phase24 board-affine geometry, Phase25 depth projection support, and raw-only scene reliability scoring. MM5 aligned images are evaluation-only.",1.0,0.9317578125,0.9317578125,0.9930278062820435,0.1253284364938736,1.0,1.132101267751293,0.9321695472547512,0.869056761264801,1.6785842180252075,0.9317578125,0.9946465173453325,0.9044084092578847,-0.3915012776851654,0.9862812757492065,0.9317578125,-0.37953870882073065,0.11920171012619978,p29_v9_support_gated,board_all_median_floor,affine,affine_lmeds,1496,5.984659671783447,7.825484275817871,"[[0.964242690293037, 0.13137386244365368, -26.99199754875218], [-0.06631033534806513, 0.9894192701549352, 24.920322865264623]]",3.5,2.0,5,True,False,7.0,3,0.075,calibration/def_stereocalib_THERM.yml,calibration/def_thermalcam_ori.yml,640x480,broad_generalization_raw_only_selection,core,v9_support_gated,False,v6,v9,support-v9,strict-selected,research,full,strict,all,13.606539451689121,5.463652580976486,0.8631905913352966,10.064114570617676,11.602109909057617,9.321858406066895,4.314668655395508,0.8660068511962891,7.763330459594727,12.142477035522461,8.378419876098633,5.6668000519275665,9.07250028848648,450,4656,950,1.9171089977025986,21.191861152648926,457,6649,1083,6343,0.020647786458333334,1.0,1.0,1.0,0.19306806806806806,73.36645395533466,572,1576,1868,0.8454755709742701,0.5186170212765957,1083,0.0,0.0,0.0,2.8341284561157227,0.0,0.9230769230769231,general,False,,False,v9 support-gated mode is reserved for reflection/background scenes,10.57467,v9_reflection_block,0.0,0.0,0.0,0.11965090342577689,0.8309090909090909,0.9247703746901881,0.03403046727180481,0.09829998016357422,-0.05565860867500305,v6,strict,v6 adds strict raw/depth support-gated selection for v9; aligned metrics remain evaluation-only.,104_seq386,True,v9_support_gated,10067,83,,0.9317578125
104_seq386,104,386,p29_v9_support_gated_tight,True,phase21_fixed_rgb_canvas,phase23_crop_plus_board_residual_transform,,"[296, 103]","[280, 115]","Phase29 candidate generated from calibration files, raw RGB/LWIR/depth, Phase24 board-affine geometry, Phase25 depth projection support, and raw-only scene reliability scoring. MM5 aligned images are evaluation-only.",1.0,0.9317578125,0.9317578125,0.9930278062820435,0.1253284364938736,1.0,1.132101267751293,0.9321695472547512,0.8769465088844299,1.6783924102783203,0.9317578125,1.0033067560131372,0.9095373439358472,-0.3934868574142456,1.0037026405334473,0.9317578125,-0.38136798884160833,0.12094056277225285,p29_v9_support_gated_tight,board_all_median_floor,affine,affine_lmeds,1496,5.984659671783447,7.825484275817871,"[[0.964242690293037, 0.13137386244365368, -26.99199754875218], [-0.06631033534806513, 0.9894192701549352, 24.920322865264623]]",3.5,2.0,5,True,False,8.0,4,0.055,calibration/def_stereocalib_THERM.yml,calibration/def_thermalcam_ori.yml,640x480,broad_generalization_raw_only_selection,core,v9_support_gated_tight,False,v6,v9,support-v9,strict-selected,research,full,strict,all,13.61670229900806,5.413990497589111,0.8733682632446289,9.954612731933594,11.50399112701416,9.458174705505371,4.268568992614746,0.8708610534667969,7.666276931762695,12.167553901672363,8.378625869750977,5.459650069475174,9.170800268650055,446,4348,940,1.938121572136879,21.17150115966797,448,6367,1081,5836,0.018997395833333333,1.0,1.0,1.0,0.20007507507507508,73.00940824363505,586,2083,1859,0.8448197858543206,0.5151921358355674,1081,0.0,0.0,0.0,2.827372379302979,0.0,0.9230769230769231,general,False,,False,v9 support candidate mode is diagnostic-only unless a dedicated raw/depth gate allows it,10.541739999999999,v9_mode_block,0.0,0.0,0.0,0.10948805610683898,0.8145454545454546,0.8508528940078729,0.08013013005256653,0.0,-0.10532069206237793,v6,strict,v6 adds strict raw/depth support-gated selection for v9; aligned metrics remain evaluation-only.,104_seq386,True,v9_support_gated_tight,8574,82,,0.9317578125
104_seq386,104,386,p29_v9_target_only,True,phase21_fixed_rgb_canvas,phase23_crop_plus_board_residual_transform,,"[296, 103]","[280, 115]","Phase29 candidate generated from calibration files, raw RGB/LWIR/depth, Phase24 board-affine geometry, Phase25 depth projection support, and raw-only scene reliability scoring. MM5 aligned images are evaluation-only.",1.0,0.9317578125,0.9317578125,0.9930278062820435,0.1253284364938736,1.0,1.132101267751293,0.9321695472547512,0.8953762650489807,1.8814208507537842,0.9317578125,1.0255786097485287,0.9432724653604713,-0.33650973439216614,0.7506693601608276,0.9317578125,-0.32291007912048064,0.12069114288433659,p29_v9_target_only,board_all_median_floor,affine,affine_lmeds,1496,5.984659671783447,7.825484275817871,"[[0.964242690293037, 0.13137386244365368, -26.99199754875218], [-0.06631033534806513, 0.9894192701549352, 24.920322865264623]]",3.5,2.0,5,True,False,8.0,4,0.045,calibration/def_stereocalib_THERM.yml,calibration/def_thermalcam_ori.yml,640x480,broad_generalization_raw_only_selection,core,v9_target_only,False,v6,v9,support-v9,strict-selected,research,full,strict,all,28.859563627387793,20.111693769693375,0.6379421353340149,39.585445404052734,14.294815063476562,34.1766471862793,18.86196082830429,0.6422032117843628,37.08171844482422,13.714164733886719,33.16608428955078,27.656361609697342,41.386586010456085,156,4348,940,10.096379444003105,45.47132873535156,178,6367,1081,5836,0.018997395833333333,1.0,1.0,1.0,0.6509009009009009,70.16560303422709,2429,2083,1842,0.9258513931888545,0.5201072386058981,1081,0.0,0.0,0.0,3.12,0.0,0.9230769230769231,general,True,selector v6 selected v9_support_gated via v9_weak_target_only; raw_score delta +15.1334; adjusted score 1.1011; selection used raw RGB/LWIR/depth support gates only,True,,1.1010600000000001,v9_weak_target_only,0.0,0.0,0.0,-15.133373272272895,0.3236363636363636,0.8508528940078729,-14.513261705636978,-32.21578574180603,14.592382580041885,v6,strict,v6 adds strict raw/depth support-gated selection for v9; aligned metrics remain evaluation-only.,104_seq386,True,v9_target_only,1706,75,,0.9317578125
104_seq386,104,386,p29_v9_depth_thermal,True,phase21_fixed_rgb_canvas,phase23_crop_plus_board_residual_transform,,"[296, 103]","[280, 115]","Phase29 candidate generated from calibration files, raw RGB/LWIR/depth, Phase24 board-affine geometry, Phase25 depth projection support, and raw-only scene reliability scoring. MM5 aligned images are evaluation-only.",1.0,0.9317578125,0.9317578125,0.9930278062820435,0.1253284364938736,1.0,1.132101267751293,0.9321695472547512,0.8716546297073364,1.7000929117202759,0.9317578125,0.9965236011555663,0.900463526123677,-0.3933643400669098,0.9926353096961975,0.9317578125,-0.3813608319764508,0.11972879965757438,p29_v9_depth_thermal,board_all_median_floor,affine,affine_lmeds,1496,5.984659671783447,7.825484275817871,"[[0.964242690293037, 0.13137386244365368, -26.99199754875218], [-0.06631033534806513, 0.9894192701549352, 24.920322865264623]]",3.5,2.0,5,True,False,7.0,3,0.065,calibration/def_stereocalib_THERM.yml,calibration/def_thermalcam_ori.yml,640x480,broad_generalization_raw_only_selection,core,v9_depth_thermal,False,v6,v9,support-v9,strict-selected,research,full,strict,all,13.664238830330406,5.504422426223755,0.8965334892272949,10.112311363220215,11.636630058288574,9.418403625488281,4.339349061250687,0.8978644013404846,7.780833721160889,12.197419166564941,8.407550811767578,5.6668000519275665,9.07250028848648,454,4656,950,1.9331984370946884,21.208720207214355,460,6649,1083,6343,0.020647786458333334,1.0,1.0,1.0,0.19244244244244244,73.29280241624706,567,1576,1867,0.8471319173529837,0.5186170212765957,1083,0.0,0.0,0.0,2.8480657005310057,0.0,0.9230769230769231,general,False,,False,v9 depth-thermal mode is reserved for double-edge mismatch scenes,10.574950000000001,v9_depth_thermal_block,0.0,0.0,0.0,0.06195152478449195,0.8363636363636363,0.9247703746901881,0.009350061416625977,0.09829998016357422,-0.014888763427734375,v6,strict,v6 adds strict raw/depth support-gated selection for v9; aligned metrics remain evaluation-only.,104_seq386,True,v9_depth_thermal,9495,83,,0.9317578125
104_seq386,104,386,p29_v9_target_silhouette,True,phase21_fixed_rgb_canvas,phase23_crop_plus_board_residual_transform,,"[296, 103]","[280, 115]","Phase29 candidate generated from calibration files, raw RGB/LWIR/depth, Phase24 board-affine geometry, Phase25 depth projection support, and raw-only scene reliability scoring. MM5 aligned images are evaluation-only.",1.0,0.9317578125,0.9317578125,0.9930278062820435,0.1253284364938736,1.0,1.132101267751293,0.9321695472547512,0.7420883178710938,nan,0.9317578125,0.580060828275355,0.9198167360284079,-0.2641325891017914,2.5333681106567383,0.9317578125,-0.26481274321890563,0.09680036364550795,p29_v9_target_silhouette,board_all_median_floor,affine,affine_lmeds,1496,5.984659671783447,7.825484275817871,"[[0.964242690293037, 0.13137386244365368, -26.99199754875218], [-0.06631033534806513, 0.9894192701549352, 24.920322865264623]]",3.5,2.0,5,True,False,7.0,3,0.045,calibration/def_stereocalib_THERM.yml,calibration/def_thermalcam_ori.yml,640x480,broad_generalization_raw_only_selection,core,v9_target_silhouette,False,v6,v9,support-v9,strict-selected,research,full,strict,all,29.95316336057138,21.233148992061615,1.8297775983810425,40.63652038574219,19.8226261138916,33.29639434814453,19.848301768302917,2.043657064437866,37.65294647216797,17.327951431274414,31.930814743041992,28.590304493904114,43.34048128128052,147,4656,950,10.719967544078827,49.1881160736084,165,6649,1083,6343,0.020647786458333334,1.0,1.0,1.0,0.18706206206206205,119.51005829470789,622,1576,1892,0.9610504573620537,0.525709219858156,1083,0.0,0.0,0.0,3.12,0.0,0.9230769230769231,general,False,,False,v9 silhouette blocked because baseline thermal target is too small,10.12706,v9_silhouette_block,0.0,0.0,0.0,-16.226973005456482,0.3,0.9247703746901881,-15.499602645635605,-34.16968101263046,15.713837802410126,v6,strict,v6 adds strict raw/depth support-gated selection for v9; aligned metrics remain evaluation-only.,104_seq386,True,v9_target_silhouette,1706,75,111.0,0.9317578125
104_seq386,104,386,p29_raw_shift_dx2p5_dy1p0_fill,True,phase21_fixed_rgb_canvas,phase23_crop_plus_board_residual_transform,,"[296, 103]","[280, 115]","Phase29 candidate generated from calibration files, raw RGB/LWIR/depth, Phase24 board-affine geometry, Phase25 depth projection support, and raw-only scene reliability scoring. MM5 aligned images are evaluation-only.",1.0,0.9331673177083334,0.9331673177083334,0.9930278062820435,0.1253284364938736,1.0,1.132101267751293,0.9321695472547512,0.9370051622390747,4.620577335357666,0.9331673177083334,1.0862392358252793,1.1797169173223374,-0.30317121744155884,0.7692801356315613,0.9331673177083334,-0.28718672926571426,0.13733445993089297,p29_raw_shift_dx2p5_dy1p0_fill,board_all_median_floor,affine,affine_lmeds,1496,5.984659671783447,7.825484275817871,"[[0.964242690293037, 0.13137386244365368, -26.99199754875218], [-0.06631033534806513, 0.9894192701549352, 24.920322865264623]]",2.5,1.0,9,True,False,3.0,2,0.1,calibration/def_stereocalib_THERM.yml,calibration/def_thermalcam_ori.yml,640x480,broad_generalization_raw_only_selection,core,raw_shift_local,False,v6,v9,support-v9,strict-selected,research,full,strict,all,14.148520834721108,5.800690948963165,0.8849073648452759,10.716474533081055,12.894607543945312,9.848846435546875,4.563123822212219,0.9091885089874268,8.217059135437012,12.705852508544922,9.030801773071289,6.144300013780594,9.441149771213531,523,4966,976,2.097854569554329,21.369874954223633,548,6912,1068,6859,0.022327473958333333,1.0,1.0,1.0,0.67992992992993,81.35276659758414,2432,1060,2017,0.8351754628350373,0.5477272727272727,1068,0.0,0.0,0.0,2.9479077148437502,0.0,0.9230769230769231,general,False,,False,raw improvement -0.4223 is below 0.6000,14.248520834721107,generic_block,-1.0,-1.0,2.0,-0.4223304796062095,0.9963636363636363,1.0,-0.21442469954490662,-0.27034950256347656,0.281379759311676,v6,strict,v6 adds strict raw/depth support-gated selection for v9; aligned metrics remain evaluation-only.,104_seq386,,,,,,
104_seq386,104,386,p29_raw_shift_dx3p5_dy1p0_fill,True,phase21_fixed_rgb_canvas,phase23_crop_plus_board_residual_transform,,"[296, 103]","[280, 115]","Phase29 candidate generated from calibration files, raw RGB/LWIR/depth, Phase24 board-affine geometry, Phase25 depth projection support, and raw-only scene reliability scoring. MM5 aligned images are evaluation-only.",1.0,0.9327799479166666,0.9327799479166666,0.9930278062820435,0.1253284364938736,1.0,1.132101267751293,0.9321695472547512,0.9215443134307861,4.495375633239746,0.9327799479166666,1.072218118087927,1.1843070563771967,-0.30019867420196533,0.7927968502044678,0.9327799479166666,-0.28452572203002063,0.1361982218211431,p29_raw_shift_dx3p5_dy1p0_fill,board_all_median_floor,affine,affine_lmeds,1496,5.984659671783447,7.825484275817871,"[[0.964242690293037, 0.13137386244365368, -26.99199754875218], [-0.06631033534806513, 0.9894192701549352, 24.920322865264623]]",3.5,1.0,9,True,False,3.0,2,0.1,calibration/def_stereocalib_THERM.yml,calibration/def_thermalcam_ori.yml,640x480,broad_generalization_raw_only_selection,core,raw_shift_local,False,v6,v9,support-v9,strict-selected,research,full,strict,all,14.023717490589984,5.76712903380394,0.8672496676445007,10.667008399963379,12.932024002075195,9.737335205078125,4.531775534152985,0.888860821723938,8.174690246582031,12.827052116394043,8.93465805053711,6.049500018358231,9.441149771213531,523,4966,976,2.095640942454338,21.357580184936523,548,6912,1068,6859,0.022327473958333333,1.0,1.0,1.0,0.18230730730730732,76.92327422936253,516,1060,2004,0.83377089954401,0.55,1068,0.0,0.0,0.0,2.93898681640625,0.0,0.9230769230769231,general,False,,False,raw improvement -0.2975 is below 0.6000,14.073717490589985,generic_block,0.0,-1.0,1.0,-0.2975271354750859,0.9963636363636363,1.0,-0.183076411485672,-0.27034950256347656,0.24781784415245056,v6,strict,v6 adds strict raw/depth support-gated selection for v9; aligned metrics remain evaluation-only.,104_seq386,,,,,,
104_seq386,104,386,p29_raw_shift_dx4p5_dy1p0_fill,True,phase21_fixed_rgb_canvas,phase23_crop_plus_board_residual_transform,,"[296, 103]","[280, 115]","Phase29 candidate generated from calibration files, raw RGB/LWIR/depth, Phase24 board-affine geometry, Phase25 depth projection support, and raw-only scene reliability scoring. MM5 aligned images are evaluation-only.",1.0,0.9323665364583333,0.9323665364583333,0.9930278062820435,0.1253284364938736,1.0,1.132101267751293,0.9321695472547512,0.90318363904953,4.461740970611572,0.9323665364583333,1.0543742807207774,1.1864072499661134,-0.29625624418258667,0.8166017532348633,0.9323665364583333,-0.2809571415256498,0.13465808784230693,p29_raw_shift_dx4p5_dy1p0_fill,board_all_median_floor,affine,affine_lmeds,1496,5.984659671783447,7.825484275817871,"[[0.964242690293037, 0.13137386244365368, -26.99199754875218], [-0.06631033534806513, 0.9894192701549352, 24.920322865264623]]",4.5,1.0,9,True,False,3.0,2,0.1,calibration/def_stereocalib_THERM.yml,calibration/def_thermalcam_ori.yml,640x480,broad_generalization_raw_only_selection,core,raw_shift_local,False,v6,v9,support-v9,strict-selected,research,full,strict,all,14.001856761723621,5.774331480264664,0.8280323147773743,10.720630645751953,12.876294136047363,9.659941673278809,4.512837469577789,0.8449565172195435,8.180718421936035,12.849577903747559,8.881367683410645,5.954700022935867,9.52717500925064,529,4966,976,2.1432877629995346,21.391282081604004,554,6912,1068,6859,0.022327473958333333,1.0,1.0,1.0,0.18618618618618618,79.4885556032437,558,1060,1984,0.8295077433628318,0.5481818181818182,1068,0.0,0.0,0.0,2.932795333862305,0.0,0.9230769230769231,general,False,,False,raw improvement -0.2757 is below 0.6000,14.10185676172362,generic_block,1.0,-1.0,2.0,-0.2756664066087229,1.0072727272727273,1.0,-0.16413834691047668,-0.35637474060058594,0.25502029061317444,v6,strict,v6 adds strict raw/depth support-gated selection for v9; aligned metrics remain evaluation-only.,104_seq386,,,,,,
104_seq386,104,386,p29_raw_shift_dx2p5_dy2p0_fill,True,phase21_fixed_rgb_canvas,phase23_crop_plus_board_residual_transform,,"[296, 103]","[280, 115]","Phase29 candidate generated from calibration files, raw RGB/LWIR/depth, Phase24 board-affine geometry, Phase25 depth projection support, and raw-only scene reliability scoring. MM5 aligned images are evaluation-only.",1.0,0.9321451822916667,0.9321451822916667,0.9930278062820435,0.1253284364938736,1.0,1.132101267751293,0.9321695472547512,0.9429733157157898,2.2556862831115723,0.9321451822916667,1.1078735239039257,1.1895621725787018,-0.2901964485645294,0.7454574704170227,0.9321451822916667,-0.27419981803086946,0.13646250237441399,p29_raw_shift_dx2p5_dy2p0_fill,board_all_median_floor,affine,affine_lmeds,1496,5.984659671783447,7.825484275817871,"[[0.964242690293037, 0.13137386244365368, -26.99199754875218], [-0.06631033534806513, 0.9894192701549352, 24.920322865264623]]",2.5,2.0,9,True,False,3.0,2,0.1,calibration/def_stereocalib_THERM.yml,calibration/def_thermalcam_ori.yml,640x480,broad_generalization_raw_only_selection,core,raw_shift_local,False,v6,v9,support-v9,strict-selected,research,full,strict,all,13.810662801391612,5.515597194433212,0.7566105723381042,10.27458381652832,12.666182518005371,9.66187572479248,4.360332161188126,0.7837336659431458,7.9369306564331055,12.594416618347168,8.756104469299316,5.747550040483475,9.12164980173111,526,4966,971,1.935677483677864,21.090749740600586,547,6912,1087,6859,0.022327473958333333,1.0,1.0,1.0,0.6720470470470471,78.60608627077603,2407,1060,1998,0.8308547602501737,0.5295454545454545,1087,0.0,0.0,0.0,2.9329500579833985,0.0,0.9230769230769231,general,False,,False,raw improvement -0.0845 is below 0.6000,13.860662801391612,generic_block,-1.0,0.0,1.0,-0.08447244627671324,0.9945454545454545,1.0,-0.011633038520812988,0.04915046691894531,-0.0037139952182769775,v6,strict,v6 adds strict raw/depth support-gated selection for v9; aligned metrics remain evaluation-only.,104_seq386,,,,,,
104_seq386,104,386,p29_raw_shift_dx4p5_dy2p0_fill,True,phase21_fixed_rgb_canvas,phase23_crop_plus_board_residual_transform,,"[296, 103]","[280, 115]","Phase29 candidate generated from calibration files, raw RGB/LWIR/depth, Phase24 board-affine geometry, Phase25 depth projection support, and raw-only scene reliability scoring. MM5 aligned images are evaluation-only.",1.0,0.9313444010416667,0.9313444010416667,0.9930278062820435,0.1253284364938736,1.0,1.132101267751293,0.9321695472547512,0.9040845036506653,1.8890472650527954,0.9313444010416667,1.071745082888568,1.1932990855214627,-0.28280290961265564,0.8125399947166443,0.9313444010416667,-0.2676465177589323,0.13354421214682147,p29_raw_shift_dx4p5_dy2p0_fill,board_all_median_floor,affine,affine_lmeds,1496,5.984659671783447,7.825484275817871,"[[0.964242690293037, 0.13137386244365368, -26.99199754875218], [-0.06631033534806513, 0.9894192701549352, 24.920322865264623]]",4.5,2.0,9,True,False,3.0,2,0.1,calibration/def_stereocalib_THERM.yml,calibration/def_thermalcam_ori.yml,640x480,broad_generalization_raw_only_selection,core,raw_shift_local,False,v6,v9,support-v9,strict-selected,research,full,strict,all,13.708105455215188,5.527953714132309,0.7636043429374695,10.292303085327148,12.675747871398926,9.269330024719238,4.347620904445648,0.7888549566268921,7.906386852264404,12.740379333496094,8.574965476989746,5.747550040483475,9.225225508213043,533,4966,976,1.9866391867399216,21.325980186462402,554,6912,1068,6859,0.022327473958333333,1.0,1.0,1.0,0.19294294294294295,76.19605743357324,607,1060,1977,0.8306944444444444,0.5345454545454545,1068,0.0,0.0,0.0,2.901546401977539,0.0,0.9230769230769231,general,False,,False,raw improvement 0.0181 is below 0.6000,13.758105455215189,generic_block,1.0,0.0,1.0,0.018084899899710294,1.0072727272727273,1.0,0.0010782182216644287,-0.05442523956298828,0.008642524480819702,v6,strict,v6 adds strict raw/depth support-gated selection for v9; aligned metrics remain evaluation-only.,104_seq386,,,,,,
104_seq386,104,386,p29_raw_shift_dx2p5_dy3p0_fill,True,phase21_fixed_rgb_canvas,phase23_crop_plus_board_residual_transform,,"[296, 103]","[280, 115]","Phase29 candidate generated from calibration files, raw RGB/LWIR/depth, Phase24 board-affine geometry, Phase25 depth projection support, and raw-only scene reliability scoring. MM5 aligned images are evaluation-only.",1.0,0.9310774739583333,0.9310774739583333,0.9930278062820435,0.1253284364938736,1.0,1.132101267751293,0.9321695472547512,0.9389793276786804,1.4487338066101074,0.9310774739583333,1.1067044690880137,1.17611696165996,-0.27663376927375793,0.8647971153259277,0.9310774739583333,-0.26175284087040906,0.13379807396869625,p29_raw_shift_dx2p5_dy3p0_fill,board_all_median_floor,affine,affine_lmeds,1496,5.984659671783447,7.825484275817871,"[[0.964242690293037, 0.13137386244365368, -26.99199754875218], [-0.06631033534806513, 0.9894192701549352, 24.920322865264623]]",2.5,3.0,9,True,False,3.0,2,0.1,calibration/def_stereocalib_THERM.yml,calibration/def_thermalcam_ori.yml,640x480,broad_generalization_raw_only_selection,core,raw_shift_local,False,v6,v9,support-v9,strict-selected,research,full,strict,all,13.617617127151597,5.379771143198013,0.7976701855659485,9.961872100830078,12.499815940856934,9.373578071594238,4.279606908559799,0.8181559443473816,7.741057872772217,12.426010131835938,8.529577255249023,5.730000048875809,9.07250028848648,529,4966,971,1.8682893067598343,21.16658878326416,553,6912,1087,6859,0.022327473958333333,1.0,1.0,1.0,0.6539039039039038,75.83316959653959,2363,1060,1976,0.82176983797258,0.5313636363636364,1087,0.0,0.0,0.0,2.909886245727539,0.0,0.9230769230769231,general,False,,False,raw improvement 0.1086 is below 0.6000,13.717617127151597,generic_block,-1.0,1.0,2.0,0.10857322796330138,1.0054545454545454,1.0,0.06909221410751343,0.09829998016357422,-0.13954004645347595,v6,strict,v6 adds strict raw/depth support-gated selection for v9; aligned metrics remain evaluation-only.,104_seq386,,,,,,
104_seq386,104,386,p29_raw_shift_dx3p5_dy3p0_fill,True,phase21_fixed_rgb_canvas,phase23_crop_plus_board_residual_transform,,"[296, 103]","[280, 115]","Phase29 candidate generated from calibration files, raw RGB/LWIR/depth, Phase24 board-affine geometry, Phase25 depth projection support, and raw-only scene reliability scoring. MM5 aligned images are evaluation-only.",1.0,0.9306901041666666,0.9306901041666666,0.9930278062820435,0.1253284364938736,1.0,1.132101267751293,0.9321695472547512,0.9190168976783752,1.5726351737976074,0.9306901041666666,1.0859825623505324,1.1760098380996193,-0.27310511469841003,0.8852439522743225,0.9306901041666666,-0.2585437199924123,0.1324857227976244,p29_raw_shift_dx3p5_dy3p0_fill,board_all_median_floor,affine,affine_lmeds,1496,5.984659671783447,7.825484275817871,"[[0.964242690293037, 0.13137386244365368, -26.99199754875218], [-0.06631033534806513, 0.9894192701549352, 24.920322865264623]]",3.5,3.0,9,True,False,3.0,2,0.1,calibration/def_stereocalib_THERM.yml,calibration/def_thermalcam_ori.yml,640x480,broad_generalization_raw_only_selection,core,raw_shift_local,False,v6,v9,support-v9,strict-selected,research,full,strict,all,13.570321041294102,5.401555448770523,0.8300884366035461,9.9730224609375,12.405165672302246,9.231902122497559,4.28798633813858,0.8506342172622681,7.725338459014893,12.437329292297363,8.405284881591797,5.6668000519275665,9.07250028848648,531,4966,971,1.881694182753563,21.171500205993652,553,6912,1087,6859,0.022327473958333333,1.0,1.0,1.0,0.1996996996996997,70.21956228815812,615,1060,1967,0.8252561617280532,0.5372727272727272,1087,0.0,0.0,0.0,2.898552169799805,0.0,0.9230769230769231,general,False,,False,raw improvement 0.1559 is below 0.6000,13.620321041294103,generic_block,0.0,1.0,1.0,0.15586931382079605,1.0054545454545454,1.0,0.0607127845287323,0.09829998016357422,-0.11775574088096619,v6,strict,v6 adds strict raw/depth support-gated selection for v9; aligned metrics remain evaluation-only.,104_seq386,,,,,,
104_seq386,104,386,p29_raw_shift_dx4p5_dy3p0_fill,True,phase21_fixed_rgb_canvas,phase23_crop_plus_board_residual_transform,,"[296, 103]","[280, 115]","Phase29 candidate generated from calibration files, raw RGB/LWIR/depth, Phase24 board-affine geometry, Phase25 depth projection support, and raw-only scene reliability scoring. MM5 aligned images are evaluation-only.",1.0,0.9302766927083334,0.9302766927083334,0.9930278062820435,0.1253284364938736,1.0,1.132101267751293,0.9321695472547512,0.8959707617759705,1.630031704902649,0.9302766927083334,1.062321374929091,1.1742053558835757,-0.26860761642456055,0.8954424858093262,0.9302766927083334,-0.25441998845211083,0.13040188591537116,p29_raw_shift_dx4p5_dy3p0_fill,board_all_median_floor,affine,affine_lmeds,1496,5.984659671783447,7.825484275817871,"[[0.964242690293037, 0.13137386244365368, -26.99199754875218], [-0.06631033534806513, 0.9894192701549352, 24.920322865264623]]",4.5,3.0,9,True,False,3.0,2,0.1,calibration/def_stereocalib_THERM.yml,calibration/def_thermalcam_ori.yml,640x480,broad_generalization_raw_only_selection,core,raw_shift_local,False,v6,v9,support-v9,strict-selected,research,full,strict,all,13.582872109035831,5.41981565952301,0.8519337177276611,9.98769760131836,12.4297456741333,9.177328109741211,4.298166990280151,0.8750958442687988,7.721238136291504,12.549676895141602,8.387971878051758,5.540400058031082,9.238217830657959,533,4966,971,1.9312031269073486,21.43974018096924,555,6912,1087,6859,0.022327473958333333,1.0,1.0,1.0,0.1996996996996997,73.13281798751085,654,1060,1952,0.8264359861591696,0.5404545454545454,1087,0.0,0.0,0.0,2.894186248779297,0.0,0.9230769230769231,general,False,,False,raw improvement 0.1433 is below 0.6000,13.68287210903583,generic_block,1.0,1.0,2.0,0.14331824607906718,1.009090909090909,1.0,0.050532132387161255,-0.06741756200790405,-0.099495530128479,v6,strict,v6 adds strict raw/depth support-gated selection for v9; aligned metrics remain evaluation-only.,104_seq386,,,,,,
104_seq386,104,386,p29_raw_shift_dx3p0_dy2p0_fill,True,phase21_fixed_rgb_canvas,phase23_crop_plus_board_residual_transform,,"[296, 103]","[280, 115]","Phase29 candidate generated from calibration files, raw RGB/LWIR/depth, Phase24 board-affine geometry, Phase25 depth projection support, and raw-only scene reliability scoring. MM5 aligned images are evaluation-only.",1.0,0.9317578125,0.9317578125,0.9930278062820435,0.1253284364938736,1.0,1.132101267751293,0.9321695472547512,0.9323612451553345,2.2252681255340576,0.9317578125,1.0955103553015162,1.1766714593292416,-0.28827252984046936,0.7284296154975891,0.9317578125,-0.27251779378363683,0.13416875833212033,p29_raw_shift_dx3p0_dy2p0_fill,board_all_median_floor,affine,affine_lmeds,1496,5.984659671783447,7.825484275817871,"[[0.964242690293037, 0.13137386244365368, -26.99199754875218], [-0.06631033534806513, 0.9894192701549352, 24.920322865264623]]",3.0,2.0,9,True,False,3.0,2,0.1,calibration/def_stereocalib_THERM.yml,calibration/def_thermalcam_ori.yml,640x480,broad_generalization_raw_only_selection,core,raw_shift_local,False,v6,v9,support-v9,strict-selected,research,full,strict,all,13.732177295123602,5.513521134853363,0.74413001537323,10.282912254333496,12.75743579864502,9.614602088928223,4.35558220744133,0.7726024985313416,7.938561916351318,12.716020584106445,8.743456840515137,5.747550040483475,9.170800268650055,518,4966,971,1.9506389945745468,21.213276863098145,540,6912,1087,6859,0.022327473958333333,1.0,1.0,1.0,0.19657157157157157,71.89086103516543,555,1060,1997,0.8319421257651641,0.5268181818181819,1087,0.0,0.0,0.0,2.929168167114258,0.0,0.9230769230769231,general,False,,False,raw improvement -0.0060 is below 0.6000,13.757177295123602,generic_block,-0.5,0.0,0.5,-0.005986940008703812,0.9818181818181818,1.0,-0.006883084774017334,0.0,-0.005790054798126221,v6,strict,v6 adds strict raw/depth support-gated selection for v9; aligned metrics remain evaluation-only.,104_seq386,,,,,,
104_seq386,104,386,p29_raw_shift_dx4p0_dy2p0_fill,True,phase21_fixed_rgb_canvas,phase23_crop_plus_board_residual_transform,,"[296, 103]","[280, 115]","Phase29 candidate generated from calibration files, raw RGB/LWIR/depth, Phase24 board-affine geometry, Phase25 depth projection support, and raw-only scene reliability scoring. MM5 aligned images are evaluation-only.",1.0,0.9313444010416667,0.9313444010416667,0.9930278062820435,0.1253284364938736,1.0,1.132101267751293,0.9321695472547512,0.9121412634849548,2.0508668422698975,0.9313444010416667,1.0768574734415204,1.1801427400678997,-0.28533056378364563,0.7449102401733398,0.9313444010416667,-0.26986459579822186,0.1329028628430921,p29_raw_shift_dx4p0_dy2p0_fill,board_all_median_floor,affine,affine_lmeds,1496,5.984659671783447,7.825484275817871,"[[0.964242690293037, 0.13137386244365368, -26.99199754875218], [-0.06631033534806513, 0.9894192701549352, 24.920322865264623]]",4.0,2.0,9,True,False,3.0,2,0.1,calibration/def_stereocalib_THERM.yml,calibration/def_thermalcam_ori.yml,640x480,broad_generalization_raw_only_selection,core,raw_shift_local,False,v6,v9,support-v9,strict-selected,research,full,strict,all,13.71836594930842,5.527045875787735,0.7490542531013489,10.305037498474121,13.019646644592285,9.355329513549805,4.35924556851387,0.7808118462562561,7.937679290771484,12.9581880569458,8.669783592224121,5.747550040483475,9.170800268650055,515,4966,976,1.9605003744363785,21.31895923614502,539,6912,1068,6859,0.022327473958333333,1.0,1.0,1.0,0.1966966966966967,75.12573706663882,591,1060,1982,0.8319421257651641,0.5336363636363637,1068,0.0,0.0,0.0,2.9084263610839844,0.0,0.9230769230769231,general,False,,False,raw improvement 0.0078 is below 0.6000,13.743365949308421,generic_block,0.5,0.0,0.5,0.007824405806477586,0.98,1.0,-0.010546445846557617,0.0,0.0077346861362457275,v6,strict,v6 adds strict raw/depth support-gated selection for v9; aligned metrics remain evaluation-only.,104_seq386,,,,,,
104_seq386,104,386,p29_raw_shift_dx3p5_dy1p5_fill,True,phase21_fixed_rgb_canvas,phase23_crop_plus_board_residual_transform,,"[296, 103]","[280, 115]","Phase29 candidate generated from calibration files, raw RGB/LWIR/depth, Phase24 board-affine geometry, Phase25 depth projection support, and raw-only scene reliability scoring. MM5 aligned images are evaluation-only.",1.0,0.9327799479166666,0.9327799479166666,0.9930278062820435,0.1253284364938736,1.0,1.132101267751293,0.9321695472547512,0.92511385679245,3.0253593921661377,0.9327799479166666,1.0859128568312342,1.1930077092785396,-0.2935572564601898,0.7297950387001038,0.9327799479166666,-0.2774684095928921,0.13645078066332236,p29_raw_shift_dx3p5_dy1p5_fill,board_all_median_floor,affine,affine_lmeds,1496,5.984659671783447,7.825484275817871,"[[0.964242690293037, 0.13137386244365368, -26.99199754875218], [-0.06631033534806513, 0.9894192701549352, 24.920322865264623]]",3.5,1.5,9,True,False,3.0,2,0.1,calibration/def_stereocalib_THERM.yml,calibration/def_thermalcam_ori.yml,640x480,broad_generalization_raw_only_selection,core,raw_shift_local,False,v6,v9,support-v9,strict-selected,research,full,strict,all,14.016237912313297,5.736442655324936,0.815229594707489,10.657655715942383,12.168699264526367,9.556260108947754,4.546116441488266,0.8411800265312195,8.251052856445312,12.117898941040039,8.803325653076172,5.954700022935867,9.360400259494781,450,4966,976,2.0304262787103653,20.841459274291992,471,6912,1068,6859,0.022327473958333333,1.0,1.0,1.0,0.19119119119119118,74.64659784294037,554,1060,2045,0.8478684870437447,0.5318181818181819,1068,0.0,0.0,0.0,2.9245008087158206,0.0,0.9230769230769231,general,False,,False,raw improvement -0.2900 is below 0.6000,14.041237912313298,generic_block,0.0,-0.5,0.5,-0.2900475571983989,0.8563636363636363,1.0,-0.19741731882095337,-0.18959999084472656,0.21713146567344666,v6,strict,v6 adds strict raw/depth support-gated selection for v9; aligned metrics remain evaluation-only.,104_seq386,,,,,,
104_seq386,104,386,p29_raw_shift_dx3p5_dy2p5_fill,True,phase21_fixed_rgb_canvas,phase23_crop_plus_board_residual_transform,,"[296, 103]","[280, 115]","Phase29 candidate generated from calibration files, raw RGB/LWIR/depth, Phase24 board-affine geometry, Phase25 depth projection support, and raw-only scene reliability scoring. MM5 aligned images are evaluation-only.",1.0,0.9317578125,0.9317578125,0.9930278062820435,0.1253284364938736,1.0,1.132101267751293,0.9321695472547512,0.9238224625587463,1.8089635372161865,0.9317578125,1.0914486025020989,1.1898661411109974,-0.27965372800827026,0.8275508880615234,0.9317578125,-0.2643493258791482,0.13513138304994107,p29_raw_shift_dx3p5_dy2p5_fill,board_all_median_floor,affine,affine_lmeds,1496,5.984659671783447,7.825484275817871,"[[0.964242690293037, 0.13137386244365368, -26.99199754875218], [-0.06631033534806513, 0.9894192701549352, 24.920322865264623]]",3.5,2.5,9,True,False,3.0,2,0.1,calibration/def_stereocalib_THERM.yml,calibration/def_thermalcam_ori.yml,640x480,broad_generalization_raw_only_selection,core,raw_shift_local,False,v6,v9,support-v9,strict-selected,research,full,strict,all,13.81108986394182,5.571124494075775,0.7956951856613159,10.346553802490234,11.846887588500977,9.393280982971191,4.447162538766861,0.8268240094184875,8.067501068115234,11.867164611816406,8.516617774963379,5.747550040483475,9.170800268650055,454,4966,971,1.916662022471428,20.895886421203613,475,6912,1087,6859,0.022327473958333333,1.0,1.0,1.0,0.1981981981981982,71.31101372807137,601,1060,2041,0.84555338723167,0.5318181818181819,1087,0.0,0.0,0.0,2.8839022445678713,0.0,0.9230769230769231,general,False,,False,raw improvement -0.0849 is below 0.6000,13.83608986394182,generic_block,0.0,0.5,0.5,-0.08489950882692199,0.8636363636363636,1.0,-0.09846341609954834,0.0,0.05181330442428589,v6,strict,v6 adds strict raw/depth support-gated selection for v9; aligned metrics remain evaluation-only.,104_seq386,,,,,,
106_seq388,106,388,p29_baseline,True,phase21_fixed_rgb_canvas,phase24_affine_lwir_subpixel_shift_depth_fill_then_morph_close,,"[296, 103]","[280, 115]","Phase29 candidate generated from calibration files, raw RGB/LWIR/depth, Phase24 board-affine geometry, Phase25 depth projection support, and raw-only scene reliability scoring. MM5 aligned images are evaluation-only.",1.0,0.9317578125,0.9317578125,0.9724054932594299,0.2570253312587738,1.0,1.0827360408213613,0.7458179969965608,0.9387630820274353,1.4008524417877197,0.9317578125,1.107139107034787,1.1785409310538528,-0.3861469030380249,0.8533501029014587,0.9317578125,-0.3668192026939747,0.16298533974305945,p29_baseline,board_all_median_floor,affine,affine_lmeds,1496,5.984659671783447,7.825484275817871,"[[0.964242690293037, 0.13137386244365368, -26.99199754875218], [-0.06631033534806513, 0.9894192701549352, 24.920322865264623]]",3.5,2.0,9,True,False,3.0,2,0.1,calibration/def_stereocalib_THERM.yml,calibration/def_thermalcam_ori.yml,640x480,broad_generalization_raw_only_selection,core,baseline,False,v6,v9,support-v9,strict-selected,research,full,strict,all,12.788069913324478,4.64150196313858,0.8002349138259888,8.482769012451172,12.964876174926758,7.310187816619873,3.8543739914894104,0.8274208307266235,6.881327152252197,11.651665687561035,7.202871799468994,5.062900096178055,8.008649945259094,606,5254,967,1.2892904579639435,22.523249626159668,653,7220,988,7467,0.024306640625,1.0,1.0,1.0,0.7241062191056443,77.67275407777147,2572,1152,2190,0.8185547908946532,0.49853249475890987,988,0.0,0.0,0.0,2.74481502532959,0.0,0.9230769230769231,general,True,selector v6 retained baseline; best raw improvement 0.2206; safety filters rejected candidates (p29_depth_conservative: depth/reflection/edge guard candidates are diagnostic-only by default; p29_reflection_guard: depth/reflection/edge guard candidates are diagnostic-only by default; p29_small_target_guard: raw improvement -0.0417 is below 0.6500; +18 more rejected),True,,12.788069913324478,v6_baseline,0.0,0.0,0.0,0.0,1.0,1.0,0.0,0.0,0.0,v6,strict,v6 baseline row; aligned metrics are not used for selection.,106_seq388,,,,,,
106_seq388,106,388,p29_depth_conservative,True,phase21_fixed_rgb_canvas,phase23_crop_plus_board_residual_transform,,"[296, 103]","[280, 115]","Phase29 candidate generated from calibration files, raw RGB/LWIR/depth, Phase24 board-affine geometry, Phase25 depth projection support, and raw-only scene reliability scoring. MM5 aligned images are evaluation-only.",1.0,0.9317578125,0.9317578125,0.9724054932594299,0.2570253312587738,1.0,1.0827360408213613,0.7458179969965608,0.9344131946563721,8.356893539428711,0.9317578125,1.060572015844943,1.1753345495009537,-0.3860708475112915,0.7444098591804504,0.9317578125,-0.3663369131123796,0.16133595702663084,p29_depth_conservative,board_all_median_floor,affine,affine_lmeds,1496,5.984659671783447,7.825484275817871,"[[0.964242690293037, 0.13137386244365368, -26.99199754875218], [-0.06631033534806513, 0.9894192701549352, 24.920322865264623]]",3.5,2.0,9,False,False,4.0,3,0.075,calibration/def_stereocalib_THERM.yml,calibration/def_thermalcam_ori.yml,640x480,broad_generalization_raw_only_selection,core,depth_conservative,False,v6,v9,support-v9,strict-selected,research,full,strict,all,12.723083651384016,4.474911868572235,0.809801459312439,8.140022277832031,12.85378646850586,7.252527713775635,3.7805679738521576,0.8284847140312195,6.732651233673096,12.43471622467041,7.225747108459473,4.855750113725662,8.008649945259094,595,4911,950,1.196506381034851,22.73040199279785,648,6904,984,6792,0.022109375,0.5806831566548881,1.0,1.0,0.7241062191056443,77.67275407777147,2572,1827,2210,0.812707182320442,0.5024896265560166,984,0.0,0.0,0.0,2.740202217102051,0.0,0.9230769230769231,general,False,,False,depth/reflection/edge guard candidates are diagnostic-only by default,12.723083651384016,diagnostic_guard_block,0.0,0.0,0.0,0.06498626194046153,0.9923430321592649,0.9096022498995581,0.07380601763725281,0.0,-0.16659009456634521,v6,strict,v6 adds strict raw/depth support-gated selection for v9; aligned metrics remain evaluation-only.,106_seq388,,,,,,
106_seq388,106,388,p29_reflection_guard,True,phase21_fixed_rgb_canvas,phase23_crop_plus_board_residual_transform,,"[296, 103]","[280, 115]","Phase29 candidate generated from calibration files, raw RGB/LWIR/depth, Phase24 board-affine geometry, Phase25 depth projection support, and raw-only scene reliability scoring. MM5 aligned images are evaluation-only.",1.0,0.9317578125,0.9317578125,0.9724054932594299,0.2570253312587738,1.0,1.0827360408213613,0.7458179969965608,0.9344131946563721,8.356893539428711,0.9317578125,1.060572015844943,1.1753345495009537,-0.3860708475112915,0.7444098591804504,0.9317578125,-0.3663369131123796,0.16133595702663084,p29_reflection_guard,board_all_median_floor,affine,affine_lmeds,1496,5.984659671783447,7.825484275817871,"[[0.964242690293037, 0.13137386244365368, -26.99199754875218], [-0.06631033534806513, 0.9894192701549352, 24.920322865264623]]",3.5,2.0,9,False,False,4.5,3,0.055,calibration/def_stereocalib_THERM.yml,calibration/def_thermalcam_ori.yml,640x480,broad_generalization_raw_only_selection,core,reflection_guard,False,v6,v9,support-v9,strict-selected,research,full,strict,all,12.684038483873945,4.474911868572235,0.809801459312439,8.140022277832031,12.85378646850586,7.252527713775635,3.7805679738521576,0.8284847140312195,6.732651233673096,12.43471622467041,7.225747108459473,4.855750113725662,8.008649945259094,595,4911,950,1.196506381034851,22.73040199279785,648,6904,984,6904,0.022473958333333332,1.0,1.0,1.0,0.7241062191056443,77.67275407777147,2572,1715,2169,0.812707182320442,0.5056651279899287,984,0.0,0.0,0.0,2.740202217102051,0.0,0.9230769230769231,general,False,,False,depth/reflection/edge guard candidates are diagnostic-only by default,12.684038483873945,diagnostic_guard_block,0.0,0.0,0.0,0.1040314294505329,0.9923430321592649,0.9246015802865943,0.07380601763725281,0.0,-0.16659009456634521,v6,strict,v6 adds strict raw/depth support-gated selection for v9; aligned metrics remain evaluation-only.,106_seq388,,,,,,
106_seq388,106,388,p29_small_target_guard,True,phase21_fixed_rgb_canvas,phase23_crop_plus_board_residual_transform,,"[296, 103]","[280, 115]","Phase29 candidate generated from calibration files, raw RGB/LWIR/depth, Phase24 board-affine geometry, Phase25 depth projection support, and raw-only scene reliability scoring. MM5 aligned images are evaluation-only.",1.0,0.9317578125,0.9317578125,0.9724054932594299,0.2570253312587738,1.0,1.0827360408213613,0.7458179969965608,0.9381318092346191,1.545539379119873,0.9317578125,1.1045996440091215,1.171607140328143,-0.3849424123764038,0.8709953427314758,0.9317578125,-0.36573144312834627,0.16291294202964268,p29_small_target_guard,board_all_median_floor,affine,affine_lmeds,1496,5.984659671783447,7.825484275817871,"[[0.964242690293037, 0.13137386244365368, -26.99199754875218], [-0.06631033534806513, 0.9894192701549352, 24.920322865264623]]",3.5,2.0,5,True,False,3.0,2,0.065,calibration/def_stereocalib_THERM.yml,calibration/def_thermalcam_ori.yml,640x480,broad_generalization_raw_only_selection,core,small_target_guard,False,v6,v9,support-v9,strict-selected,research,full,strict,all,12.829786547392954,4.676566004753113,0.7546327114105225,8.598499298095703,12.73231029510498,7.322006702423096,3.845072388648987,0.7844774723052979,6.905667304992676,11.412823677062988,7.212973117828369,5.062900096178055,7.842932462692261,599,5254,967,1.2922267317771912,21.854751586914062,648,7220,988,7467,0.024306640625,1.0,1.0,1.0,0.7257155994941947,77.80903609259725,2600,1152,2189,0.8212771595124536,0.49769392033542975,988,0.0,0.0,0.0,2.7457605361938477,0.0,0.9230769230769231,general,False,,False,raw improvement -0.0417 is below 0.6500,13.049786547392955,small_target_guard_block,0.0,0.0,0.0,-0.04171663406847692,0.9923430321592649,1.0,0.009301602840423584,0.1657174825668335,0.03506404161453247,v6,strict,v6 adds strict raw/depth support-gated selection for v9; aligned metrics remain evaluation-only.,106_seq388,,,,,,
106_seq388,106,388,p29_edge_contamination_guard,True,phase21_fixed_rgb_canvas,phase23_crop_plus_board_residual_transform,,"[296, 103]","[280, 115]","Phase29 candidate generated from calibration files, raw RGB/LWIR/depth, Phase24 board-affine geometry, Phase25 depth projection support, and raw-only scene reliability scoring. MM5 aligned images are evaluation-only.",1.0,0.9317578125,0.9317578125,0.9724054932594299,0.2570253312587738,1.0,1.0827360408213613,0.7458179969965608,0.9344131946563721,8.356893539428711,0.9317578125,1.060572015844943,1.1753345495009537,-0.3860708475112915,0.7444098591804504,0.9317578125,-0.3663369131123796,0.16133595702663084,p29_edge_contamination_guard,board_all_median_floor,affine,affine_lmeds,1496,5.984659671783447,7.825484275817871,"[[0.964242690293037, 0.13137386244365368, -26.99199754875218], [-0.06631033534806513, 0.9894192701549352, 24.920322865264623]]",3.5,2.0,9,False,False,4.0,3,0.08,calibration/def_stereocalib_THERM.yml,calibration/def_thermalcam_ori.yml,640x480,broad_generalization_raw_only_selection,core,edge_contamination_guard,False,v6,v9,support-v9,strict-selected,research,full,strict,all,12.696116896048032,4.474911868572235,0.809801459312439,8.140022277832031,12.85378646850586,7.252527713775635,3.7805679738521576,0.8284847140312195,6.732651233673096,12.43471622467041,7.225747108459473,4.855750113725662,8.008649945259094,595,4911,950,1.196506381034851,22.73040199279785,648,6904,984,6904,0.022473958333333332,1.0,1.0,1.0,0.7241062191056443,77.67275407777147,2572,1715,2198,0.812707182320442,0.5006263048016701,984,0.0,0.0,0.0,2.740202217102051,0.0,0.9230769230769231,general,False,,False,depth/reflection/edge guard candidates are diagnostic-only by default,12.696116896048032,diagnostic_guard_block,0.0,0.0,0.0,0.09195301727644534,0.9923430321592649,0.9246015802865943,0.07380601763725281,0.0,-0.16659009456634521,v6,strict,v6 adds strict raw/depth support-gated selection for v9; aligned metrics remain evaluation-only.,106_seq388,,,,,,
106_seq388,106,388,p29_v9_support_gated,True,phase21_fixed_rgb_canvas,phase23_crop_plus_board_residual_transform,,"[296, 103]","[280, 115]","Phase29 candidate generated from calibration files, raw RGB/LWIR/depth, Phase24 board-affine geometry, Phase25 depth projection support, and raw-only scene reliability scoring. MM5 aligned images are evaluation-only.",1.0,0.9317578125,0.9317578125,0.9724054932594299,0.2570253312587738,1.0,1.0827360408213613,0.7458179969965608,0.8873536586761475,1.694301962852478,0.9317578125,1.0186038455298987,0.9427733242057732,-0.46984514594078064,0.9641134142875671,0.9317578125,-0.4544881385843121,0.14094458561462625,p29_v9_support_gated,board_all_median_floor,affine,affine_lmeds,1496,5.984659671783447,7.825484275817871,"[[0.964242690293037, 0.13137386244365368, -26.99199754875218], [-0.06631033534806513, 0.9894192701549352, 24.920322865264623]]",3.5,2.0,5,True,False,7.0,3,0.075,calibration/def_stereocalib_THERM.yml,calibration/def_thermalcam_ori.yml,640x480,broad_generalization_raw_only_selection,core,v9_support_gated,False,v6,v9,support-v9,strict-selected,research,full,strict,all,12.706743534920458,4.644872546195984,0.8197667598724365,8.469978332519531,11.530061721801758,7.254911422729492,3.7480248510837555,0.8142378926277161,6.681811809539795,12.37380313873291,7.217631816864014,4.855750113725662,8.008649945259094,613,4911,950,1.399010181427002,22.625768661499023,631,6904,984,6904,0.022473958333333332,1.0,1.0,1.0,0.7246809978158409,77.75848585730928,2592,1715,2034,0.8203178991015895,0.5083682008368201,984,0.0,0.0,0.0,2.6558040237426757,0.0,0.9230769230769231,general,False,,False,v9 support-gated mode is reserved for reflection/background scenes,10.940499999999998,v9_reflection_block,0.0,0.0,0.0,0.0813263784040199,0.9663093415007658,0.9246015802865943,0.10634914040565491,0.0,0.0033705830574035645,v6,strict,v6 adds strict raw/depth support-gated selection for v9; aligned metrics remain evaluation-only.,106_seq388,True,v9_support_gated,11850,101,,0.9317578125
106_seq388,106,388,p29_v9_support_gated_tight,True,phase21_fixed_rgb_canvas,phase23_crop_plus_board_residual_transform,,"[296, 103]","[280, 115]","Phase29 candidate generated from calibration files, raw RGB/LWIR/depth, Phase24 board-affine geometry, Phase25 depth projection support, and raw-only scene reliability scoring. MM5 aligned images are evaluation-only.",1.0,0.9317578125,0.9317578125,0.9724054932594299,0.2570253312587738,1.0,1.0827360408213613,0.7458179969965608,0.89705890417099,1.894710898399353,0.9317578125,1.0265716779536265,0.939206927820217,-0.4779421389102936,0.9786940217018127,0.9317578125,-0.46209992884837187,0.14476249461421725,p29_v9_support_gated_tight,board_all_median_floor,affine,affine_lmeds,1496,5.984659671783447,7.825484275817871,"[[0.964242690293037, 0.13137386244365368, -26.99199754875218], [-0.06631033534806513, 0.9894192701549352, 24.920322865264623]]",3.5,2.0,5,True,False,8.0,4,0.055,calibration/def_stereocalib_THERM.yml,calibration/def_thermalcam_ori.yml,640x480,broad_generalization_raw_only_selection,core,v9_support_gated_tight,False,v6,v9,support-v9,strict-selected,research,full,strict,all,12.863672481280284,4.639519155025482,0.8250197172164917,8.454018592834473,11.518630981445312,7.266287326812744,3.8034659028053284,0.8240443468093872,6.7828874588012695,13.054096221923828,7.20551872253418,4.918950110673904,8.17297613620758,533,4605,940,1.379297286272049,24.352500915527344,537,6637,980,6352,0.020677083333333332,1.0,1.0,1.0,0.7384756868605586,77.34723822603395,2641,2267,2091,0.8432393347794649,0.49979018044481743,980,0.0,0.0,0.0,2.6546565628051755,0.0,0.9230769230769231,general,False,,False,v9 support candidate mode is diagnostic-only unless a dedicated raw/depth gate allows it,10.73586,v9_mode_block,0.0,0.0,0.0,-0.07560256795580678,0.8223583460949464,0.850676309093344,0.05090808868408203,-0.16432619094848633,-0.0019828081130981445,v6,strict,v6 adds strict raw/depth support-gated selection for v9; aligned metrics remain evaluation-only.,106_seq388,True,v9_support_gated_tight,10186,100,,0.9317578125
106_seq388,106,388,p29_v9_target_only,True,phase21_fixed_rgb_canvas,phase23_crop_plus_board_residual_transform,,"[296, 103]","[280, 115]","Phase29 candidate generated from calibration files, raw RGB/LWIR/depth, Phase24 board-affine geometry, Phase25 depth projection support, and raw-only scene reliability scoring. MM5 aligned images are evaluation-only.",1.0,0.9317578125,0.9317578125,0.9724054932594299,0.2570253312587738,1.0,1.0827360408213613,0.7458179969965608,0.8793912529945374,1.744917631149292,0.9317578125,0.9999463472617707,0.8734973336941936,-0.4356948733329773,0.9873344898223877,0.9317578125,-0.42189808891116204,0.13147194240499688,p29_v9_target_only,board_all_median_floor,affine,affine_lmeds,1496,5.984659671783447,7.825484275817871,"[[0.964242690293037, 0.13137386244365368, -26.99199754875218], [-0.06631033534806513, 0.9894192701549352, 24.920322865264623]]",3.5,2.0,5,True,False,8.0,4,0.045,calibration/def_stereocalib_THERM.yml,calibration/def_thermalcam_ori.yml,640x480,broad_generalization_raw_only_selection,core,v9_target_only,False,v6,v9,support-v9,strict-selected,research,full,strict,all,12.879981472051316,4.620439141988754,0.8357259631156921,8.405152320861816,11.525029182434082,7.735933303833008,3.7421838343143463,0.8307169079780579,6.653650760650635,13.063422203063965,7.697144031524658,4.711800128221512,8.05429995059967,548,4605,940,1.3918302953243256,24.41884422302246,555,6637,980,6352,0.020677083333333332,1.0,1.0,1.0,0.7055983446373146,75.41713381515729,3172,2267,2089,0.8334534967555876,0.49979018044481743,980,0.0,0.0,0.0,2.6933799171447754,0.0,0.9230769230769231,general,False,,False,v9 target-only blocked because baseline thermal target is not weak/small,10.73833,v9_target_only_block,0.0,0.0,0.0,-0.09191155872683865,0.8499234303215927,0.850676309093344,0.11219015717506409,-0.04565000534057617,-0.02106282114982605,v6,strict,v6 adds strict raw/depth support-gated selection for v9; aligned metrics remain evaluation-only.,106_seq388,True,v9_target_only,6833,73,,0.9317578125
106_seq388,106,388,p29_v9_depth_thermal,True,phase21_fixed_rgb_canvas,phase23_crop_plus_board_residual_transform,,"[296, 103]","[280, 115]","Phase29 candidate generated from calibration files, raw RGB/LWIR/depth, Phase24 board-affine geometry, Phase25 depth projection support, and raw-only scene reliability scoring. MM5 aligned images are evaluation-only.",1.0,0.9317578125,0.9317578125,0.9724054932594299,0.2570253312587738,1.0,1.0827360408213613,0.7458179969965608,0.8926894068717957,1.6895180940628052,0.9317578125,1.023205637945689,0.9376889309218026,-0.47419029474258423,0.9589195847511292,0.9317578125,-0.45810866839521247,0.1455676257058569,p29_v9_depth_thermal,board_all_median_floor,affine,affine_lmeds,1496,5.984659671783447,7.825484275817871,"[[0.964242690293037, 0.13137386244365368, -26.99199754875218], [-0.06631033534806513, 0.9894192701549352, 24.920322865264623]]",3.5,2.0,5,True,False,7.0,3,0.065,calibration/def_stereocalib_THERM.yml,calibration/def_thermalcam_ori.yml,640x480,broad_generalization_raw_only_selection,core,v9_depth_thermal,False,v6,v9,support-v9,strict-selected,research,full,strict,all,12.735931523569702,4.68334835767746,0.8236268758773804,8.543069839477539,11.292920112609863,7.260484218597412,3.7671955227851868,0.8172723054885864,6.717118740081787,12.11496353149414,7.219937324523926,4.918950110673904,8.008649945259094,590,4911,950,1.4183153212070465,22.196022033691406,604,6904,984,6904,0.022473958333333332,1.0,1.0,1.0,0.7242211748476837,77.69285553271133,2592,1715,2069,0.8262254223206867,0.5062761506276151,984,0.0,0.0,0.0,2.6135643577575682,0.0,0.9230769230769231,general,False,,False,v9 depth-thermal mode is reserved for double-edge mismatch scenes,10.88035,v9_depth_thermal_block,0.0,0.0,0.0,0.05213838975477536,0.9249617151607963,0.9246015802865943,0.08717846870422363,0.0,0.041846394538879395,v6,strict,v6 adds strict raw/depth support-gated selection for v9; aligned metrics remain evaluation-only.,106_seq388,True,v9_depth_thermal,11235,100,,0.9317578125
106_seq388,106,388,p29_v9_target_silhouette,True,phase21_fixed_rgb_canvas,phase23_crop_plus_board_residual_transform,,"[296, 103]","[280, 115]","Phase29 candidate generated from calibration files, raw RGB/LWIR/depth, Phase24 board-affine geometry, Phase25 depth projection support, and raw-only scene reliability scoring. MM5 aligned images are evaluation-only.",1.0,0.9317578125,0.9317578125,0.9724054932594299,0.2570253312587738,1.0,1.0827360408213613,0.7458179969965608,0.563656210899353,2.4149725437164307,0.9317578125,0.6724117673970823,0.8216359450668529,-0.3545588552951813,1.582643747329712,0.9317578125,-0.3484402384304556,0.10409652899135988,p29_v9_target_silhouette,board_all_median_floor,affine,affine_lmeds,1496,5.984659671783447,7.825484275817871,"[[0.964242690293037, 0.13137386244365368, -26.99199754875218], [-0.06631033534806513, 0.9894192701549352, 24.920322865264623]]",3.5,2.0,5,True,False,7.0,3,0.045,calibration/def_stereocalib_THERM.yml,calibration/def_thermalcam_ori.yml,640x480,broad_generalization_raw_only_selection,core,v9_target_silhouette,False,v6,v9,support-v9,strict-selected,research,full,strict,all,14.05396084470737,6.103017747402191,1.235488772392273,10.97054672241211,10.313939094543457,6.642678737640381,4.358580529689789,1.235488772392273,7.481672286987305,10.463860511779785,6.325415134429932,6.2075000405311584,8.802149891853333,500,4911,950,2.4449746906757355,18.199055194854736,500,6904,984,6904,0.022473958333333332,1.0,1.0,1.0,0.7183584320036785,73.46201195997841,2686,1715,2132,0.859264399722415,0.5104602510460251,984,0.0,0.0,0.0,2.3879233360290524,0.0,0.9230769230769231,general,False,,False,v9 silhouette LWIR edge count outside reliable range,10.62833,v9_silhouette_block,0.0,0.0,0.0,-1.2658909313828932,0.7656967840735069,0.9246015802865943,-0.5042065382003784,-0.7934999465942383,1.4615157842636108,v6,strict,v6 adds strict raw/depth support-gated selection for v9; aligned metrics remain evaluation-only.,106_seq388,True,v9_target_silhouette,6833,73,108.0,0.9317578125
106_seq388,106,388,p29_raw_shift_dx2p5_dy1p0_fill,True,phase21_fixed_rgb_canvas,phase23_crop_plus_board_residual_transform,,"[296, 103]","[280, 115]","Phase29 candidate generated from calibration files, raw RGB/LWIR/depth, Phase24 board-affine geometry, Phase25 depth projection support, and raw-only scene reliability scoring. MM5 aligned images are evaluation-only.",1.0,0.9331673177083334,0.9331673177083334,0.9724054932594299,0.2570253312587738,1.0,1.0827360408213613,0.7458179969965608,0.9459083080291748,1.5209437608718872,0.9331673177083334,1.1104031052587333,1.1574697319652654,-0.4051780104637146,0.791583240032196,0.9331673177083334,-0.38453950680817467,0.16925335397155375,p29_raw_shift_dx2p5_dy1p0_fill,board_all_median_floor,affine,affine_lmeds,1496,5.984659671783447,7.825484275817871,"[[0.964242690293037, 0.13137386244365368, -26.99199754875218], [-0.06631033534806513, 0.9894192701549352, 24.920322865264623]]",2.5,1.0,9,True,False,3.0,2,0.1,calibration/def_stereocalib_THERM.yml,calibration/def_thermalcam_ori.yml,640x480,broad_generalization_raw_only_selection,core,raw_shift_local,False,v6,v9,support-v9,strict-selected,research,full,strict,all,13.039175104830734,4.876662343740463,0.7849695086479187,8.968355178833008,12.771903991699219,7.7119269371032715,3.937429666519165,0.797736644744873,7.077122688293457,11.513097763061523,7.603703022003174,5.270050078630447,7.9910998940467834,589,5254,967,1.437007650732994,21.486794471740723,641,7220,986,7467,0.024306640625,1.0,1.0,1.0,0.7205425911024256,81.14321149638991,2525,1152,2175,0.8169051404345522,0.4981132075471698,986,0.0,0.0,0.0,2.776954154968262,0.0,0.9230769230769231,general,False,,False,raw improvement -0.2511 is below 0.6000,13.139175104830734,generic_block,-1.0,-1.0,2.0,-0.251105191506257,0.9816232771822359,1.0,-0.08305567502975464,0.01755005121231079,0.23516038060188293,v6,strict,v6 adds strict raw/depth support-gated selection for v9; aligned metrics remain evaluation-only.,106_seq388,,,,,,
106_seq388,106,388,p29_raw_shift_dx3p5_dy1p0_fill,True,phase21_fixed_rgb_canvas,phase23_crop_plus_board_residual_transform,,"[296, 103]","[280, 115]","Phase29 candidate generated from calibration files, raw RGB/LWIR/depth, Phase24 board-affine geometry, Phase25 depth projection support, and raw-only scene reliability scoring. MM5 aligned images are evaluation-only.",1.0,0.9327799479166666,0.9327799479166666,0.9724054932594299,0.2570253312587738,1.0,1.0827360408213613,0.7458179969965608,0.9326030611991882,1.7206004858016968,0.9327799479166666,1.096364741024579,1.1605685516013395,-0.40170469880104065,0.7681193947792053,0.9327799479166666,-0.381151343970817,0.16774714132599222,p29_raw_shift_dx3p5_dy1p0_fill,board_all_median_floor,affine,affine_lmeds,1496,5.984659671783447,7.825484275817871,"[[0.964242690293037, 0.13137386244365368, -26.99199754875218], [-0.06631033534806513, 0.9894192701549352, 24.920322865264623]]",3.5,1.0,9,True,False,3.0,2,0.1,calibration/def_stereocalib_THERM.yml,calibration/def_thermalcam_ori.yml,640x480,broad_generalization_raw_only_selection,core,raw_shift_local,False,v6,v9,support-v9,strict-selected,research,full,strict,all,13.343399446911906,5.1595127284526825,0.7795824408531189,9.539443016052246,12.301301002502441,7.654707908630371,4.145558476448059,0.7930901050567627,7.4980268478393555,10.96650218963623,7.543760776519775,5.396450072526932,8.518091261386871,576,5254,969,1.6434770673513412,20.780025482177734,628,7220,989,7467,0.024306640625,1.0,1.0,1.0,0.717783653293482,81.21742315169682,2557,1152,2172,0.8280026542800265,0.4981132075471698,989,0.0,0.0,0.0,2.7723766326904298,0.0,0.9230769230769231,general,False,,False,raw improvement -0.5553 is below 0.6000,13.393399446911907,generic_block,0.0,-1.0,1.0,-0.5553295335874289,0.9617151607963247,1.0,-0.2911844849586487,-0.5094413161277771,0.5180107653141022,v6,strict,v6 adds strict raw/depth support-gated selection for v9; aligned metrics remain evaluation-only.,106_seq388,,,,,,
106_seq388,106,388,p29_raw_shift_dx4p5_dy1p0_fill,True,phase21_fixed_rgb_canvas,phase23_crop_plus_board_residual_transform,,"[296, 103]","[280, 115]","Phase29 candidate generated from calibration files, raw RGB/LWIR/depth, Phase24 board-affine geometry, Phase25 depth projection support, and raw-only scene reliability scoring. MM5 aligned images are evaluation-only.",1.0,0.9323665364583333,0.9323665364583333,0.9724054932594299,0.2570253312587738,1.0,1.0827360408213613,0.7458179969965608,0.9163169264793396,1.783385157585144,0.9323665364583333,1.0798357259764895,1.161460736284405,-0.3970717787742615,0.8235235214233398,0.9323665364583333,-0.3772535874012891,0.16506221667674947,p29_raw_shift_dx4p5_dy1p0_fill,board_all_median_floor,affine,affine_lmeds,1496,5.984659671783447,7.825484275817871,"[[0.964242690293037, 0.13137386244365368, -26.99199754875218], [-0.06631033534806513, 0.9894192701549352, 24.920322865264623]]",4.5,1.0,9,True,False,3.0,2,0.1,calibration/def_stereocalib_THERM.yml,calibration/def_thermalcam_ori.yml,640x480,broad_generalization_raw_only_selection,core,raw_shift_local,False,v6,v9,support-v9,strict-selected,research,full,strict,all,13.117045462616757,4.942906975746155,0.8792469501495361,9.006567001342773,12.762822151184082,7.612689018249512,4.021467477083206,0.8957882523536682,7.147146701812744,11.557315826416016,7.507381439208984,5.252500087022781,8.324649930000305,590,5254,969,1.502601981163025,22.403172492980957,641,7220,989,7467,0.024306640625,1.0,1.0,1.0,0.7012300264398207,81.52859396886369,2501,1152,2174,0.8251812788398154,0.4989517819706499,989,0.0,0.0,0.0,2.769015121459961,0.0,0.9230769230769231,general,False,,False,raw improvement -0.3290 is below 0.6000,13.217045462616756,generic_block,1.0,-1.0,2.0,-0.328975549292279,0.9816232771822359,1.0,-0.16709348559379578,-0.31599998474121094,0.30140501260757446,v6,strict,v6 adds strict raw/depth support-gated selection for v9; aligned metrics remain evaluation-only.,106_seq388,,,,,,
106_seq388,106,388,p29_raw_shift_dx2p5_dy2p0_fill,True,phase21_fixed_rgb_canvas,phase23_crop_plus_board_residual_transform,,"[296, 103]","[280, 115]","Phase29 candidate generated from calibration files, raw RGB/LWIR/depth, Phase24 board-affine geometry, Phase25 depth projection support, and raw-only scene reliability scoring. MM5 aligned images are evaluation-only.",1.0,0.9321451822916667,0.9321451822916667,0.9724054932594299,0.2570253312587738,1.0,1.0827360408213613,0.7458179969965608,0.9532830119132996,1.2275547981262207,0.9321451822916667,1.1222755502631954,1.1757191142576888,-0.3911380171775818,0.8636158108711243,0.9321451822916667,-0.3715080199006938,0.16541128094743127,p29_raw_shift_dx2p5_dy2p0_fill,board_all_median_floor,affine,affine_lmeds,1496,5.984659671783447,7.825484275817871,"[[0.964242690293037, 0.13137386244365368, -26.99199754875218], [-0.06631033534806513, 0.9894192701549352, 24.920322865264623]]",2.5,2.0,9,True,False,3.0,2,0.1,calibration/def_stereocalib_THERM.yml,calibration/def_thermalcam_ori.yml,640x480,broad_generalization_raw_only_selection,core,raw_shift_local,False,v6,v9,support-v9,strict-selected,research,full,strict,all,12.7884269564397,4.711810797452927,0.7794050574302673,8.644216537475586,13.341917037963867,7.427097320556641,3.8690042197704315,0.8060435652732849,6.931964874267578,12.483583450317383,7.346549034118652,5.252500087022781,7.801499903202057,602,5254,964,1.2931815534830093,23.811800956726074,649,7220,979,7467,0.024306640625,1.0,1.0,1.0,0.25807564087826185,104.04385799185609,966,1152,2193,0.8121693121693122,0.49727463312368975,979,0.0,0.0,0.0,2.7541677856445315,0.0,0.9230769230769231,general,False,,False,raw improvement -0.0004 is below 0.6000,12.8384269564397,generic_block,-1.0,0.0,1.0,-0.0003570431152226661,0.9938744257274119,1.0,-0.014630228281021118,0.20715004205703735,0.07030883431434631,v6,strict,v6 adds strict raw/depth support-gated selection for v9; aligned metrics remain evaluation-only.,106_seq388,,,,,,
106_seq388,106,388,p29_raw_shift_dx4p5_dy2p0_fill,True,phase21_fixed_rgb_canvas,phase23_crop_plus_board_residual_transform,,"[296, 103]","[280, 115]","Phase29 candidate generated from calibration files, raw RGB/LWIR/depth, Phase24 board-affine geometry, Phase25 depth projection support, and raw-only scene reliability scoring. MM5 aligned images are evaluation-only.",1.0,0.9313444010416667,0.9313444010416667,0.9724054932594299,0.2570253312587738,1.0,1.0827360408213613,0.7458179969965608,0.921821117401123,1.5856640338897705,0.9313444010416667,1.0892599115947361,1.1796851893130118,-0.38128718733787537,0.8937788009643555,0.9313444010416667,-0.36262521063252556,0.16016433007423955,p29_raw_shift_dx4p5_dy2p0_fill,board_all_median_floor,affine,affine_lmeds,1496,5.984659671783447,7.825484275817871,"[[0.964242690293037, 0.13137386244365368, -26.99199754875218], [-0.06631033534806513, 0.9894192701549352, 24.920322865264623]]",4.5,2.0,9,True,False,3.0,2,0.1,calibration/def_stereocalib_THERM.yml,calibration/def_thermalcam_ori.yml,640x480,broad_generalization_raw_only_selection,core,raw_shift_local,False,v6,v9,support-v9,strict-selected,research,full,strict,all,13.004593099885163,4.840146481990814,0.8971632719039917,8.783129692077637,12.686615943908691,7.253776550292969,3.983130842447281,0.9340513348579407,7.032210350036621,11.32356071472168,7.152482986450195,5.126100093126297,8.179271340370178,596,5254,967,1.4018334746360779,22.158103942871094,643,7220,988,7467,0.024306640625,1.0,1.0,1.0,0.7120358661915163,77.92578726426511,2531,1152,2200,0.8251646903820817,0.5006289308176101,988,0.0,0.0,0.0,2.7403021240234375,0.0,0.9230769230769231,general,False,,False,raw improvement -0.2165 is below 0.6000,13.054593099885164,generic_block,1.0,0.0,1.0,-0.2165231865606856,0.9846860643185299,1.0,-0.12875685095787048,-0.17062139511108398,0.1986445188522339,v6,strict,v6 adds strict raw/depth support-gated selection for v9; aligned metrics remain evaluation-only.,106_seq388,,,,,,
106_seq388,106,388,p29_raw_shift_dx2p5_dy3p0_fill,True,phase21_fixed_rgb_canvas,phase23_crop_plus_board_residual_transform,,"[296, 103]","[280, 115]","Phase29 candidate generated from calibration files, raw RGB/LWIR/depth, Phase24 board-affine geometry, Phase25 depth projection support, and raw-only scene reliability scoring. MM5 aligned images are evaluation-only.",1.0,0.9310774739583333,0.9310774739583333,0.9724054932594299,0.2570253312587738,1.0,1.0827360408213613,0.7458179969965608,0.9492080807685852,1.3261079788208008,0.9310774739583333,1.114428477490776,1.1545136306341033,-0.3738831877708435,0.9977680444717407,0.9310774739583333,-0.3558102074398014,0.1603972573191504,p29_raw_shift_dx2p5_dy3p0_fill,board_all_median_floor,affine,affine_lmeds,1496,5.984659671783447,7.825484275817871,"[[0.964242690293037, 0.13137386244365368, -26.99199754875218], [-0.06631033534806513, 0.9894192701549352, 24.920322865264623]]",2.5,3.0,9,True,False,3.0,2,0.1,calibration/def_stereocalib_THERM.yml,calibration/def_thermalcam_ori.yml,640x480,broad_generalization_raw_only_selection,core,raw_shift_local,False,v6,v9,support-v9,strict-selected,research,full,strict,all,12.567450273445806,4.5087910592556,0.8482667803764343,8.169315338134766,13.568875312805176,7.265998840332031,3.807240843772888,0.8652513027191162,6.74923038482666,12.755121231079102,7.188196182250977,5.062900096178055,7.6399999260902405,598,5254,964,1.111550197005272,24.01156997680664,646,7220,979,7467,0.024306640625,1.0,1.0,1.0,0.2581905966203012,101.31265612949119,967,1152,2214,0.8033670919373931,0.4989517819706499,979,0.0,0.0,0.0,2.741279907226563,0.0,0.9230769230769231,general,False,,False,raw improvement 0.2206 is below 0.6000,12.667450273445805,generic_block,-1.0,1.0,2.0,0.22061963987867195,0.9892802450229708,1.0,0.04713314771652222,0.36865001916885376,-0.13271090388298035,v6,strict,v6 adds strict raw/depth support-gated selection for v9; aligned metrics remain evaluation-only.,106_seq388,,,,,,
106_seq388,106,388,p29_raw_shift_dx3p5_dy3p0_fill,True,phase21_fixed_rgb_canvas,phase23_crop_plus_board_residual_transform,,"[296, 103]","[280, 115]","Phase29 candidate generated from calibration files, raw RGB/LWIR/depth, Phase24 board-affine geometry, Phase25 depth projection support, and raw-only scene reliability scoring. MM5 aligned images are evaluation-only.",1.0,0.9306901041666666,0.9306901041666666,0.9724054932594299,0.2570253312587738,1.0,1.0827360408213613,0.7458179969965608,0.9344171285629272,1.516992211341858,0.9306901041666666,1.098817958895533,1.1566852240043795,-0.369096577167511,1.0026456117630005,0.9306901041666666,-0.35133538859454133,0.15851374829031767,p29_raw_shift_dx3p5_dy3p0_fill,board_all_median_floor,affine,affine_lmeds,1496,5.984659671783447,7.825484275817871,"[[0.964242690293037, 0.13137386244365368, -26.99199754875218], [-0.06631033534806513, 0.9894192701549352, 24.920322865264623]]",3.5,3.0,9,True,False,3.0,2,0.1,calibration/def_stereocalib_THERM.yml,calibration/def_thermalcam_ori.yml,640x480,broad_generalization_raw_only_selection,core,raw_shift_local,False,v6,v9,support-v9,strict-selected,research,full,strict,all,12.776826454355467,4.655259549617767,0.9179419279098511,8.392577171325684,12.814419746398926,7.097293853759766,3.887170433998108,0.9406168460845947,6.833724021911621,11.444643020629883,6.997373104095459,5.27005010843277,7.847149968147278,601,5254,967,1.2298766076564789,22.081557273864746,649,7220,988,7467,0.024306640625,1.0,1.0,1.0,0.7203126796183469,74.27955188950799,2584,1152,2206,0.8120725933719095,0.49559748427672956,988,0.0,0.0,0.0,2.7277835083007815,0.0,0.9230769230769231,general,False,,False,raw improvement 0.0112 is below 0.6000,12.826826454355468,generic_block,0.0,1.0,1.0,0.011243458969010689,0.9938744257274119,1.0,-0.03279644250869751,0.1614999771118164,0.013757586479187012,v6,strict,v6 adds strict raw/depth support-gated selection for v9; aligned metrics remain evaluation-only.,106_seq388,,,,,,
106_seq388,106,388,p29_raw_shift_dx4p5_dy3p0_fill,True,phase21_fixed_rgb_canvas,phase23_crop_plus_board_residual_transform,,"[296, 103]","[280, 115]","Phase29 candidate generated from calibration files, raw RGB/LWIR/depth, Phase24 board-affine geometry, Phase25 depth projection support, and raw-only scene reliability scoring. MM5 aligned images are evaluation-only.",1.0,0.9302766927083334,0.9302766927083334,0.9724054932594299,0.2570253312587738,1.0,1.0827360408213613,0.7458179969965608,0.9174039363861084,1.609096884727478,0.9302766927083334,1.081481850615615,1.1582166369191431,-0.36357244849205017,1.0056318044662476,0.9302766927083334,-0.34615911899731294,0.15631413547689818,p29_raw_shift_dx4p5_dy3p0_fill,board_all_median_floor,affine,affine_lmeds,1496,5.984659671783447,7.825484275817871,"[[0.964242690293037, 0.13137386244365368, -26.99199754875218], [-0.06631033534806513, 0.9894192701549352, 24.920322865264623]]",4.5,3.0,9,True,False,3.0,2,0.1,calibration/def_stereocalib_THERM.yml,calibration/def_thermalcam_ori.yml,640x480,broad_generalization_raw_only_selection,core,raw_shift_local,False,v6,v9,support-v9,strict-selected,research,full,strict,all,12.871233474781054,4.729796350002289,0.9831312894821167,8.476461410522461,12.655417442321777,7.095154762268066,3.959717094898224,1.0127002000808716,6.906733989715576,11.259931564331055,7.000161647796631,5.27005010843277,8.008649945259094,599,5254,967,1.2722417414188385,21.996593475341797,647,7220,988,7467,0.024306640625,1.0,1.0,1.0,0.7189332107138752,74.60355699557475,2568,1152,2203,0.8192438960357049,0.5006289308176101,988,0.0,0.0,0.0,2.727612380981445,0.0,0.9230769230769231,general,False,,False,raw improvement -0.0832 is below 0.6000,12.971233474781053,generic_block,1.0,1.0,2.0,-0.08316356145657622,0.9908116385911179,1.0,-0.10534310340881348,0.0,0.0882943868637085,v6,strict,v6 adds strict raw/depth support-gated selection for v9; aligned metrics remain evaluation-only.,106_seq388,,,,,,
106_seq388,106,388,p29_raw_shift_dx3p0_dy2p0_fill,True,phase21_fixed_rgb_canvas,phase23_crop_plus_board_residual_transform,,"[296, 103]","[280, 115]","Phase29 candidate generated from calibration files, raw RGB/LWIR/depth, Phase24 board-affine geometry, Phase25 depth projection support, and raw-only scene reliability scoring. MM5 aligned images are evaluation-only.",1.0,0.9317578125,0.9317578125,0.9724054932594299,0.2570253312587738,1.0,1.0827360408213613,0.7458179969965608,0.9451847076416016,1.5561015605926514,0.9317578125,1.1118408456396027,1.1732849824103808,-0.3890931010246277,0.8384378552436829,0.9317578125,-0.3693374889629094,0.1652415946212023,p29_raw_shift_dx3p0_dy2p0_fill,board_all_median_floor,affine,affine_lmeds,1496,5.984659671783447,7.825484275817871,"[[0.964242690293037, 0.13137386244365368, -26.99199754875218], [-0.06631033534806513, 0.9894192701549352, 24.920322865264623]]",3.0,2.0,9,True,False,3.0,2,0.1,calibration/def_stereocalib_THERM.yml,calibration/def_thermalcam_ori.yml,640x480,broad_generalization_raw_only_selection,core,raw_shift_local,False,v6,v9,support-v9,strict-selected,research,full,strict,all,13.380232428555322,5.045879811048508,0.7324809432029724,9.359278678894043,13.229507446289062,9.381011962890625,4.208393335342407,0.7585234642028809,7.658263206481934,11.80012321472168,9.31596565246582,5.5467109978199005,8.6072798371315,547,5254,967,1.4893064349889755,23.142589569091797,594,7220,988,7467,0.024306640625,1.0,1.0,1.0,0.7197379009081504,77.95170292585529,2535,1152,2197,0.8264506705616784,0.49937106918238994,988,0.0,0.0,0.0,2.9104809570312504,0.0,0.9230769230769231,general,False,,False,raw improvement -0.5922 is below 0.6000,13.405232428555323,generic_block,-0.5,0.0,0.5,-0.5921625152308447,0.9096477794793262,1.0,-0.3540193438529968,-0.598629891872406,0.40437784790992737,v6,strict,v6 adds strict raw/depth support-gated selection for v9; aligned metrics remain evaluation-only.,106_seq388,,,,,,
106_seq388,106,388,p29_raw_shift_dx4p0_dy2p0_fill,True,phase21_fixed_rgb_canvas,phase23_crop_plus_board_residual_transform,,"[296, 103]","[280, 115]","Phase29 candidate generated from calibration files, raw RGB/LWIR/depth, Phase24 board-affine geometry, Phase25 depth projection support, and raw-only scene reliability scoring. MM5 aligned images are evaluation-only.",1.0,0.9313444010416667,0.9313444010416667,0.9724054932594299,0.2570253312587738,1.0,1.0827360408213613,0.7458179969965608,0.92890465259552,1.5218069553375244,0.9313444010416667,1.0963381033383304,1.17709528316557,-0.3853406608104706,0.8488508462905884,0.9313444010416667,-0.36606164335649094,0.1624808168781546,p29_raw_shift_dx4p0_dy2p0_fill,board_all_median_floor,affine,affine_lmeds,1496,5.984659671783447,7.825484275817871,"[[0.964242690293037, 0.13137386244365368, -26.99199754875218], [-0.06631033534806513, 0.9894192701549352, 24.920322865264623]]",4.0,2.0,9,True,False,3.0,2,0.1,calibration/def_stereocalib_THERM.yml,calibration/def_thermalcam_ori.yml,640x480,broad_generalization_raw_only_selection,core,raw_shift_local,False,v6,v9,support-v9,strict-selected,research,full,strict,all,13.338522574614608,5.021000295877457,0.7970617413520813,9.244938850402832,13.51222038269043,9.069596290588379,4.244426906108856,0.8281978368759155,7.660655975341797,12.121827125549316,9.006449699401855,5.459650069475174,8.612549841403961,555,5254,967,1.4297108501195908,23.930471420288086,602,7220,988,7467,0.024306640625,1.0,1.0,1.0,0.7185883434877572,78.36313721989089,2573,1152,2191,0.8298661719888697,0.5014675052410902,988,0.0,0.0,0.0,2.8855677032470703,0.0,0.9230769230769231,general,False,,False,raw improvement -0.5505 is below 0.6000,13.363522574614608,generic_block,0.5,0.0,0.5,-0.5504526612901302,0.9218989280245024,1.0,-0.3900529146194458,-0.6038998961448669,0.37949833273887634,v6,strict,v6 adds strict raw/depth support-gated selection for v9; aligned metrics remain evaluation-only.,106_seq388,,,,,,
106_seq388,106,388,p29_raw_shift_dx3p5_dy1p5_fill,True,phase21_fixed_rgb_canvas,phase23_crop_plus_board_residual_transform,,"[296, 103]","[280, 115]","Phase29 candidate generated from calibration files, raw RGB/LWIR/depth, Phase24 board-affine geometry, Phase25 depth projection support, and raw-only scene reliability scoring. MM5 aligned images are evaluation-only.",1.0,0.9327799479166666,0.9327799479166666,0.9724054932594299,0.2570253312587738,1.0,1.0827360408213613,0.7458179969965608,0.9371748566627502,1.5627938508987427,0.9327799479166666,1.1047810257654453,1.1798862147205842,-0.3971027135848999,0.7725527882575989,0.9327799479166666,-0.3767558656659112,0.16654776432356205,p29_raw_shift_dx3p5_dy1p5_fill,board_all_median_floor,affine,affine_lmeds,1496,5.984659671783447,7.825484275817871,"[[0.964242690293037, 0.13137386244365368, -26.99199754875218], [-0.06631033534806513, 0.9894192701549352, 24.920322865264623]]",3.5,1.5,9,True,False,3.0,2,0.1,calibration/def_stereocalib_THERM.yml,calibration/def_thermalcam_ori.yml,640x480,broad_generalization_raw_only_selection,core,raw_shift_local,False,v6,v9,support-v9,strict-selected,research,full,strict,all,13.359959987634719,5.184506773948669,0.6815221309661865,9.687491416931152,12.050445556640625,7.5793681144714355,4.182500630617142,0.7068138718605042,7.658187389373779,10.670941352844238,7.473931312561035,5.540400058031082,8.675749838352203,576,5254,969,1.6709436029195786,20.207725524902344,624,7220,989,7467,0.024306640625,1.0,1.0,1.0,0.7103115300609265,80.17105547342325,2531,1152,2168,0.828696925329429,0.49769392033542975,989,0.0,0.0,0.0,2.766349449157715,0.0,0.9230769230769231,general,False,,False,raw improvement -0.5719 is below 0.6000,13.38495998763472,generic_block,0.0,-0.5,0.5,-0.5718900743102413,0.9555895865237366,1.0,-0.3281266391277313,-0.6670998930931091,0.5430048108100891,v6,strict,v6 adds strict raw/depth support-gated selection for v9; aligned metrics remain evaluation-only.,106_seq388,,,,,,
106_seq388,106,388,p29_raw_shift_dx3p5_dy2p5_fill,True,phase21_fixed_rgb_canvas,phase23_crop_plus_board_residual_transform,,"[296, 103]","[280, 115]","Phase29 candidate generated from calibration files, raw RGB/LWIR/depth, Phase24 board-affine geometry, Phase25 depth projection support, and raw-only scene reliability scoring. MM5 aligned images are evaluation-only.",1.0,0.9317578125,0.9317578125,0.9724054932594299,0.2570253312587738,1.0,1.0827360408213613,0.7458179969965608,0.9385319352149963,1.4361294507980347,0.9317578125,1.1070386437881639,1.1808232351863712,-0.38113611936569214,0.8686284422874451,0.9317578125,-0.36207116098609715,0.16184486022213124,p29_raw_shift_dx3p5_dy2p5_fill,board_all_median_floor,affine,affine_lmeds,1496,5.984659671783447,7.825484275817871,"[[0.964242690293037, 0.13137386244365368, -26.99199754875218], [-0.06631033534806513, 0.9894192701549352, 24.920322865264623]]",3.5,2.5,9,True,False,3.0,2,0.1,calibration/def_stereocalib_THERM.yml,calibration/def_thermalcam_ori.yml,640x480,broad_generalization_raw_only_selection,core,raw_shift_local,False,v6,v9,support-v9,strict-selected,research,full,strict,all,13.190626758022582,5.069819211959839,0.7461552619934082,9.39348316192627,11.88420295715332,7.259888648986816,4.146143227815628,0.7753854393959045,7.516901016235352,10.431768417358398,7.157442569732666,5.270050078630447,8.549349844455719,579,5254,967,1.5610134452581406,20.151901245117188,626,7220,988,7467,0.024306640625,1.0,1.0,1.0,0.7259455109782733,76.47894876369539,2569,1152,2189,0.8191447107109757,0.49727463312368975,988,0.0,0.0,0.0,2.719947624206543,0.0,0.9230769230769231,general,False,,False,raw improvement -0.4026 is below 0.6000,13.215626758022582,generic_block,0.0,0.5,0.5,-0.40255684469810404,0.9586523736600306,1.0,-0.29176923632621765,-0.5406998991966248,0.42831724882125854,v6,strict,v6 adds strict raw/depth support-gated selection for v9; aligned metrics remain evaluation-only.,106_seq388,,,,,,
