{
  "method_name": "M5_EPNP_BASELINE",
  "track": "UV",
  "num_test_scenes": 30,
  "reprojection_mae_px": 2.013018839461498,
  "checkerboard_corner_rmse_px": 2.5226156092067056,
  "keypoint_transfer_error_px": 21.61246328353882,
  "overall_region_error_px": 7.749525646834324,
  "normalized_overall_region_error": 0.008404670646655205,
  "ntg": 0.07154090397063234,
  "mutual_information": 0.21617556591869333,
  "valid_warp_coverage": 0.9369896958590533,
  "mean_iou": 0.4027038303393007,
  "freq_iou": 0.929420405931526,
  "pixel_accuracy": 0.9523089171223259,
  "mean_pixel_accuracy": 0.7376989755491233,
  "boundary_f1": 0.23319032416280566
}