class_name,iou,precision,recall,f1,pixel_accuracy,class_pixels
background,0.9549328777285948,0.994531674918615,0.9599733091396092,0.9769469720496143,0.9599733091396092,11041982
class_1,0.3008383722645127,0.3407038145773644,0.7199717636837533,0.46252997863341033,0.7199717636837533,36832
class_2,0.3367353269636431,0.3820367079029335,0.739567365014478,0.5038175024947205,0.739567365014478,29355
class_3,0.27807302619002106,0.31680968767696127,0.694585044408366,0.43514419049898295,0.694585044408366,10471
class_4,0.5410764701076349,0.599589563374567,0.8471991244154479,0.7022058679149699,0.8471991244154479,422118
class_5,0.15982129258262678,0.21201508620689655,0.3936476178566963,0.2755964105931276,0.3936476178566963,7997
class_6,0.2850365403368066,0.3163110219466229,0.7424584034932504,0.4436240237372532,0.7424584034932504,35039
class_7,0.3651167365405658,0.4007435295387688,0.8041891763813857,0.5349238299807718,0.8041891763813857,73857
