class_name,iou,precision,recall,f1,pixel_accuracy,class_pixels
background,0.947764898623967,0.9764347084683561,0.9699509493163794,0.9731820296109991,0.9699509493163794,11825931
class_1,0.012064666613045926,0.023276263383851446,0.02443527367506516,0.023841691170627035,0.02443527367506516,36832
class_2,0.018594461969856292,0.03688382117777932,0.036143757451882134,0.0365100394005609,0.036143757451882134,29355
class_3,0.0,0.0,0.0,0.0,0.0,10471
class_4,0.4240661070798935,0.5573959755384778,0.6393591365447576,0.5955708165114029,0.6393591365447576,422118
class_5,0.0,0.0,0.0,0.0,0.0,7997
class_6,0.004248845273502282,0.008108390876752459,0.008847284454465025,0.008461737931787474,0.008847284454465025,35039
class_7,0.08060827729410248,0.13911627961447023,0.16083783527627712,0.1491905605164337,0.16083783527627712,73857
