{
  "method_name": "M5_EPNP_BASELINE",
  "track": "UV",
  "num_test_scenes": 30,
  "reprojection_mae_px": 2.013018839461498,
  "checkerboard_corner_rmse_px": 2.5226156092067056,
  "keypoint_transfer_error_px": 41.54307098388672,
  "ntg": 0.07649025964098638,
  "mutual_information": 0.2175554714238798,
  "valid_warp_coverage": 1.0,
  "mean_iou": 0.1859184071067959,
  "freq_iou": 0.9158227880172038,
  "pixel_accuracy": 0.9447826646090535,
  "mean_pixel_accuracy": 0.2299467795898533,
  "boundary_f1": 0.03958768137623913
}