class_name,iou,precision,recall,f1,pixel_accuracy,class_pixels
background,0.9528864159833194,0.9964269825632979,0.9561534857193853,0.9758748979812234,0.9561534857193853,11496809
class_1,0.29763219624054615,0.3269964174274818,0.7682178540399652,0.45873121382597554,0.7682178540399652,36832
class_2,0.3348385830084425,0.3627083111793033,0.8133537727814683,0.5016914962913155,0.8133537727814683,29355
class_3,0.2565959100060043,0.2893615326402995,0.6938210295100754,0.4083984484793974,0.6938210295100754,10471
class_4,0.557276608290938,0.6042269119045406,0.8776290042120923,0.7157066449518323,0.8776290042120923,422118
class_5,0.1941564561734213,0.2375598224067347,0.5151931974490433,0.32517758484609316,0.5151931974490433,7997
class_6,0.2744033373378865,0.2910053971629783,0.8278775079197466,0.43063813362430503,0.8278775079197466,35039
class_7,0.3224237419022695,0.34805891002558786,0.814046061984646,0.4876254587481498,0.814046061984646,73857
