class_name,iou,precision,recall,f1,pixel_accuracy,class_pixels
background,0.9807048219516307,0.9927955482582251,0.9877342426570898,0.9902584282955613,0.9877342426570898,11825931
class_1,0.5061130334486735,0.5936517847850973,0.7743809730668983,0.6720784193597794,0.7743809730668983,36832
class_2,0.54622126674384,0.6405596342983793,0.7876341338783853,0.706524064171123,0.7876341338783853,29355
class_3,0.4664131034905834,0.5659941934043028,0.7261006589628498,0.6361278447121821,0.7261006589628498,10471
class_4,0.6669713754502847,0.7851784973301779,0.8158477013536499,0.8002193502214415,0.8158477013536499,422118
class_5,0.2727206841571242,0.3934546214972815,0.4705514567962986,0.42856329366209217,0.4705514567962986,7997
class_6,0.5933031559353583,0.6962468351288289,0.80050800536545,0.7447461002323267,0.80050800536545,35039
class_7,0.5216938885482283,0.6244036962492633,0.7602800005415872,0.6856752103354378,0.7602800005415872,73857
