{
  "method_name": "M4_DEPTHBRIDGE_ADAPTED",
  "track": "UV",
  "num_test_scenes": 30,
  "reprojection_mae_px": 2.013018839461498,
  "checkerboard_corner_rmse_px": 2.5226156092067056,
  "keypoint_transfer_error_px": 11.420030872027079,
  "ntg": 0.06593306591363177,
  "mutual_information": 0.22800638182812152,
  "valid_warp_coverage": 1.0,
  "mean_iou": 0.5692676662157155,
  "freq_iou": 0.9629266262448576,
  "pixel_accuracy": 0.9783686181841563,
  "mean_pixel_accuracy": 0.7653796465777761,
  "boundary_f1": 0.4131595132047721
}