sample,aligned_id,sequence,candidate,allowed_for_generation,rgb_source,lwir_source,lwir_model,rgb_crop_offset_xy,lwir_crop_offset_xy,rule_source,rgb_valid_ratio,lwir_valid_ratio,intersection_valid_ratio,eval_rgb_to_mm5_aligned_rgb_ncc,eval_rgb_to_mm5_aligned_rgb_edge_distance,eval_rgb_to_mm5_aligned_rgb_valid_ratio,eval_rgb_to_mm5_aligned_rgb_score,eval_rgb_to_mm5_aligned_rgb_mi,eval_lwir_to_mm5_aligned_t16_ncc,eval_lwir_to_mm5_aligned_t16_edge_distance,eval_lwir_to_mm5_aligned_t16_valid_ratio,eval_lwir_to_mm5_aligned_t16_score,eval_lwir_to_mm5_aligned_t16_mi,eval_cross_rgb_lwir_ncc,eval_cross_rgb_lwir_edge_distance,eval_cross_rgb_lwir_valid_ratio,eval_cross_rgb_lwir_score,eval_cross_rgb_lwir_mi,method,lwir_crop_mode,transform_type,board_transform_name,board_transform_inliers,board_transform_mae_px,board_transform_rmse_px,board_transform_matrix,depth_registration_dx_px,depth_registration_dy_px,stabilization_kernel_px,fill_depth_border,uses_aligned_for_generation,anti_ghost_feather_px,anti_ghost_erode_px,max_support_area_frac,calibration_file,thermal_camera_calibration_file,target_size,phase29_class,phase29_profile,phase29_support_mode,phase29_selection_uses_aligned,phase29_selector_version,phase29_version_label,phase29_candidate_grid,phase29_run_mode,phase29_report_level,phase29_explainability_level,phase29_reliability_gate,phase29_failure_focus,raw_score,raw_symmetric_edge_distance,raw_lwir_to_rgb_edge_distance,raw_rgb_to_lwir_edge_distance,raw_lwir_to_depth_edge_distance,raw_depth_to_lwir_edge_distance,target_local_symmetric_edge_distance,target_local_lwir_to_rgb_edge_distance,target_local_rgb_to_lwir_edge_distance,target_local_lwir_to_depth_edge_distance,target_local_depth_to_lwir_edge_distance,target_local_edge_p70,target_local_edge_p90,target_local_lwir_edge_pixels,target_local_rgb_edge_pixels,target_local_depth_edge_pixels,edge_stability_score,target_local_depth_edge_p90,raw_lwir_edge_pixels,raw_rgb_edge_pixels,raw_depth_edge_pixels,support_pixels,support_ratio,support_compactness,thermal_support_overlap,thermal_depth_overlap,support_thermal_overlap,thermal_support_centroid_distance_px,thermal_pixels,rejected_background_pixels,tear_risk_pixels,ghost_edge_ratio,alpha_edge_overlap,depth_discontinuity_pixels,support_penalty,compactness_penalty,fill_penalty,depth_edge_penalty,overlap_penalty,centroid_penalty,phase29_scene_class,phase29_selected,phase29_selection_reason,phase29_selector_eligible,phase29_selector_rejection,phase29_selector_adjusted_score,phase29_selector_rule,phase29_selector_shift_delta_dx,phase29_selector_shift_delta_dy,phase29_selector_shift_l1,phase29_selector_raw_improvement,phase29_selector_edge_growth,phase29_selector_support_ratio,phase29_selector_target_edge_gain,phase29_selector_target_p90_gain,phase29_selector_context_edge_delta,phase29_selector_version_effective,phase29_selector_reliability_gate,phase29_selector_v9_note,sample_id,phase29_v9_support_gated,phase29_v9_gate_mode,phase29_v9_gate_pixels,phase29_v9_background_value,phase29_v9_target_value,phase29_v9_valid_ratio
023_seq305,23,305,p29_baseline,True,phase21_fixed_rgb_canvas,phase24_affine_lwir_subpixel_shift_depth_fill_then_morph_close,,"[296, 103]","[280, 115]","Phase29 candidate generated from calibration files, raw RGB/LWIR/depth, Phase24 board-affine geometry, Phase25 depth projection support, and raw-only scene reliability scoring. MM5 aligned images are evaluation-only.",1.0,0.9317578125,0.9317578125,0.9929981827735901,0.10403645038604736,1.0,1.1547430153730078,1.082460342011559,0.9477844834327698,1.407812476158142,0.9317578125,1.2007811182016275,1.7429567308387108,-0.23350155353546143,0.5880146622657776,0.9317578125,-0.2076850029926365,0.19563092344279726,p29_baseline,board_all_median_floor,affine,affine_lmeds,1496,5.984659671783447,7.825484275817871,"[[0.964242690293037, 0.13137386244365368, -26.99199754875218], [-0.06631033534806513, 0.9894192701549352, 24.920322865264623]]",3.5,2.0,9,True,False,3.0,2,0.1,calibration/def_stereocalib_THERM.yml,calibration/def_thermalcam_ori.yml,640x480,broad_generalization_raw_only_selection,broad,baseline,False,v6,v9,support-v9,strict-selected,research,full,strict,all,13.867855569893475,5.6665012538433075,0.5689186453819275,10.764083862304688,18.877721786499023,18.99268913269043,4.901218056678772,0.6948130130767822,9.107623100280762,23.071571350097656,19.904956817626953,6.225050002336502,10.98250013589859,360,4271,287,2.010908231139183,32.12661552429199,479,7106,524,4841,0.015758463541666667,0.5472009915306755,1.0,1.0,0.5735154017148301,46.38735241602594,1604,944,1903,0.8353841946951053,0.5610576923076923,524,0.0,0.011196033877298284,0.0,3.12,0.0,0.8920644695389603,general,True,selector v6 retained baseline; best raw improvement 0.1647; safety filters rejected candidates (p29_depth_conservative: depth/reflection/edge guard candidates are diagnostic-only by default; p29_reflection_guard: depth/reflection/edge guard candidates are diagnostic-only by default; p29_small_target_guard: raw improvement -0.1222 is below 0.6500; +18 more rejected),True,,13.867855569893475,v6_baseline,0.0,0.0,0.0,0.0,1.0,1.0,0.0,0.0,0.0,v6,strict,v6 baseline row; aligned metrics are not used for selection.,023_seq305,,,,,,
023_seq305,23,305,p29_depth_conservative,True,phase21_fixed_rgb_canvas,phase23_crop_plus_board_residual_transform,,"[296, 103]","[280, 115]","Phase29 candidate generated from calibration files, raw RGB/LWIR/depth, Phase24 board-affine geometry, Phase25 depth projection support, and raw-only scene reliability scoring. MM5 aligned images are evaluation-only.",1.0,0.9317578125,0.9317578125,0.9929981827735901,0.10403645038604736,1.0,1.1547430153730078,1.082460342011559,0.9421315789222717,9.656195640563965,0.9317578125,1.1434858650953112,1.7286097334428216,-0.24327431619167328,0.576418399810791,0.9317578125,-0.2174796670004901,0.19502106393365282,p29_depth_conservative,board_all_median_floor,affine,affine_lmeds,1496,5.984659671783447,7.825484275817871,"[[0.964242690293037, 0.13137386244365368, -26.99199754875218], [-0.06631033534806513, 0.9894192701549352, 24.920322865264623]]",3.5,2.0,9,False,False,4.0,3,0.075,calibration/def_stereocalib_THERM.yml,calibration/def_thermalcam_ori.yml,640x480,broad_generalization_raw_only_selection,broad,depth_conservative,False,v6,v9,support-v9,strict-selected,research,full,strict,all,13.787969908125259,5.515592604875565,0.5754061341285706,10.455779075622559,19.155811309814453,18.985294342041016,4.869746297597885,0.730726420879364,9.008766174316406,23.69196319580078,20.294246673583984,6.225050002336502,10.98250013589859,341,3849,262,1.891471341252327,31.620306968688965,471,6694,483,4393,0.014300130208333333,0.5465513316640109,1.0,1.0,0.5735154017148301,46.38735241602594,1604,1392,1936,0.8288157704015074,0.5682464454976304,483,0.0,0.013794673343956454,0.0,3.12,0.0,0.8920644695389603,general,False,,False,depth/reflection/edge guard candidates are diagnostic-only by default,13.787969908125259,diagnostic_guard_block,0.0,0.0,0.0,0.07988566176821621,0.9832985386221295,0.9074571369551746,0.03147175908088684,0.0,-0.15090864896774292,v6,strict,v6 adds strict raw/depth support-gated selection for v9; aligned metrics remain evaluation-only.,023_seq305,,,,,,
023_seq305,23,305,p29_reflection_guard,True,phase21_fixed_rgb_canvas,phase23_crop_plus_board_residual_transform,,"[296, 103]","[280, 115]","Phase29 candidate generated from calibration files, raw RGB/LWIR/depth, Phase24 board-affine geometry, Phase25 depth projection support, and raw-only scene reliability scoring. MM5 aligned images are evaluation-only.",1.0,0.9317578125,0.9317578125,0.9929981827735901,0.10403645038604736,1.0,1.1547430153730078,1.082460342011559,0.9421315789222717,9.656195640563965,0.9317578125,1.1434858650953112,1.7286097334428216,-0.24327431619167328,0.576418399810791,0.9317578125,-0.2174796670004901,0.19502106393365282,p29_reflection_guard,board_all_median_floor,affine,affine_lmeds,1496,5.984659671783447,7.825484275817871,"[[0.964242690293037, 0.13137386244365368, -26.99199754875218], [-0.06631033534806513, 0.9894192701549352, 24.920322865264623]]",3.5,2.0,9,False,False,4.5,3,0.055,calibration/def_stereocalib_THERM.yml,calibration/def_thermalcam_ori.yml,640x480,broad_generalization_raw_only_selection,broad,reflection_guard,False,v6,v9,support-v9,strict-selected,research,full,strict,all,13.847548054125117,5.515592604875565,0.5754061341285706,10.455779075622559,19.155811309814453,18.985294342041016,4.869746297597885,0.730726420879364,9.008766174316406,23.69196319580078,20.294246673583984,6.225050002336502,10.98250013589859,341,3849,262,1.891471341252327,31.620306968688965,471,6694,483,4393,0.014300130208333333,0.5465513316640109,1.0,1.0,0.5735154017148301,46.38735241602594,1604,1392,1994,0.8288157704015074,0.5876865671641791,483,0.0,0.013794673343956454,0.0,3.12,0.0,0.8920644695389603,general,False,,False,depth/reflection/edge guard candidates are diagnostic-only by default,13.847548054125117,diagnostic_guard_block,0.0,0.0,0.0,0.02030751576835854,0.9832985386221295,0.9074571369551746,0.03147175908088684,0.0,-0.15090864896774292,v6,strict,v6 adds strict raw/depth support-gated selection for v9; aligned metrics remain evaluation-only.,023_seq305,,,,,,
023_seq305,23,305,p29_small_target_guard,True,phase21_fixed_rgb_canvas,phase23_crop_plus_board_residual_transform,,"[296, 103]","[280, 115]","Phase29 candidate generated from calibration files, raw RGB/LWIR/depth, Phase24 board-affine geometry, Phase25 depth projection support, and raw-only scene reliability scoring. MM5 aligned images are evaluation-only.",1.0,0.9317578125,0.9317578125,0.9929981827735901,0.10403645038604736,1.0,1.1547430153730078,1.082460342011559,0.9463859796524048,1.4861167669296265,0.9317578125,1.1954833649730756,1.7200939061483238,-0.23379173874855042,0.5976049900054932,0.9317578125,-0.2084793430884066,0.19265350400117842,p29_small_target_guard,board_all_median_floor,affine,affine_lmeds,1496,5.984659671783447,7.825484275817871,"[[0.964242690293037, 0.13137386244365368, -26.99199754875218], [-0.06631033534806513, 0.9894192701549352, 24.920322865264623]]",3.5,2.0,5,True,False,3.0,2,0.065,calibration/def_stereocalib_THERM.yml,calibration/def_thermalcam_ori.yml,640x480,broad_generalization_raw_only_selection,broad,small_target_guard,False,v6,v9,support-v9,strict-selected,research,full,strict,all,13.990090616940847,5.773155689239502,0.5769281387329102,10.969383239746094,18.360641479492188,19.333873748779297,4.932147979736328,0.7039222717285156,9.16037368774414,22.55533218383789,19.982738494873047,6.3514499962329865,11.017601072788239,360,4271,287,2.0954079777002335,31.68141746520996,483,7106,524,4841,0.015758463541666667,0.5472009915306755,1.0,1.0,0.5735154017148301,46.38735241602594,1604,944,1911,0.8374760994263862,0.5658653846153846,524,0.0,0.011196033877298284,0.0,3.12,0.0,0.8920644695389603,general,False,,False,raw improvement -0.1222 is below 0.6500,14.210090616940848,small_target_guard_block,0.0,0.0,0.0,-0.12223504704737209,1.0083507306889352,1.0,-0.030929923057556152,-0.03510093688964844,0.10665443539619446,v6,strict,v6 adds strict raw/depth support-gated selection for v9; aligned metrics remain evaluation-only.,023_seq305,,,,,,
023_seq305,23,305,p29_edge_contamination_guard,True,phase21_fixed_rgb_canvas,phase23_crop_plus_board_residual_transform,,"[296, 103]","[280, 115]","Phase29 candidate generated from calibration files, raw RGB/LWIR/depth, Phase24 board-affine geometry, Phase25 depth projection support, and raw-only scene reliability scoring. MM5 aligned images are evaluation-only.",1.0,0.9317578125,0.9317578125,0.9929981827735901,0.10403645038604736,1.0,1.1547430153730078,1.082460342011559,0.9421315789222717,9.656195640563965,0.9317578125,1.1434858650953112,1.7286097334428216,-0.24327431619167328,0.576418399810791,0.9317578125,-0.2174796670004901,0.19502106393365282,p29_edge_contamination_guard,board_all_median_floor,affine,affine_lmeds,1496,5.984659671783447,7.825484275817871,"[[0.964242690293037, 0.13137386244365368, -26.99199754875218], [-0.06631033534806513, 0.9894192701549352, 24.920322865264623]]",3.5,2.0,9,False,False,4.0,3,0.08,calibration/def_stereocalib_THERM.yml,calibration/def_thermalcam_ori.yml,640x480,broad_generalization_raw_only_selection,broad,edge_contamination_guard,False,v6,v9,support-v9,strict-selected,research,full,strict,all,13.787969908125259,5.515592604875565,0.5754061341285706,10.455779075622559,19.155811309814453,18.985294342041016,4.869746297597885,0.730726420879364,9.008766174316406,23.69196319580078,20.294246673583984,6.225050002336502,10.98250013589859,341,3849,262,1.891471341252327,31.620306968688965,471,6694,483,4393,0.014300130208333333,0.5465513316640109,1.0,1.0,0.5735154017148301,46.38735241602594,1604,1392,1936,0.8288157704015074,0.5682464454976304,483,0.0,0.013794673343956454,0.0,3.12,0.0,0.8920644695389603,general,False,,False,depth/reflection/edge guard candidates are diagnostic-only by default,13.787969908125259,diagnostic_guard_block,0.0,0.0,0.0,0.07988566176821621,0.9832985386221295,0.9074571369551746,0.03147175908088684,0.0,-0.15090864896774292,v6,strict,v6 adds strict raw/depth support-gated selection for v9; aligned metrics remain evaluation-only.,023_seq305,,,,,,
023_seq305,23,305,p29_v9_support_gated,True,phase21_fixed_rgb_canvas,phase23_crop_plus_board_residual_transform,,"[296, 103]","[280, 115]","Phase29 candidate generated from calibration files, raw RGB/LWIR/depth, Phase24 board-affine geometry, Phase25 depth projection support, and raw-only scene reliability scoring. MM5 aligned images are evaluation-only.",1.0,0.9317578125,0.9317578125,0.9929981827735901,0.10403645038604736,1.0,1.1547430153730078,1.082460342011559,0.9222244024276733,1.6079497337341309,0.9317578125,1.1335095382732712,1.4728855616533503,-0.3173181712627411,0.7964239716529846,0.9317578125,-0.29408895155088577,0.18671842361182123,p29_v9_support_gated,board_all_median_floor,affine,affine_lmeds,1496,5.984659671783447,7.825484275817871,"[[0.964242690293037, 0.13137386244365368, -26.99199754875218], [-0.06631033534806513, 0.9894192701549352, 24.920322865264623]]",3.5,2.0,5,True,False,7.0,3,0.075,calibration/def_stereocalib_THERM.yml,calibration/def_thermalcam_ori.yml,640x480,broad_generalization_raw_only_selection,broad,v9_support_gated,False,v6,v9,support-v9,strict-selected,research,full,strict,all,15.075927110621354,6.290710628032684,0.7776530981063843,11.803768157958984,19.72293472290039,18.94025421142578,4.991073310375214,0.7776530981063843,9.204493522644043,21.49083137512207,19.430723190307617,6.425177603960037,10.98250013589859,309,3849,262,2.5452623516321182,29.719435691833496,309,6694,483,4393,0.014300130208333333,0.5465513316640109,1.0,1.0,0.6208320101619562,45.92577838956691,1668,1392,2301,0.8958545454545455,0.6823630136986302,483,0.0,0.013794673343956454,0.0,3.12,0.0,0.8831880459532098,general,False,,False,v9 support-gated mode is reserved for reflection/background scenes,10.26608,v9_reflection_block,0.0,0.0,0.0,-1.2080715407278788,0.6450939457202505,0.9074571369551746,-0.08985525369644165,0.0,0.6242093741893768,v6,strict,v6 adds strict raw/depth support-gated selection for v9; aligned metrics remain evaluation-only.,023_seq305,True,v9_support_gated,8808,72,,0.9317578125
023_seq305,23,305,p29_v9_support_gated_tight,True,phase21_fixed_rgb_canvas,phase23_crop_plus_board_residual_transform,,"[296, 103]","[280, 115]","Phase29 candidate generated from calibration files, raw RGB/LWIR/depth, Phase24 board-affine geometry, Phase25 depth projection support, and raw-only scene reliability scoring. MM5 aligned images are evaluation-only.",1.0,0.9317578125,0.9317578125,0.9929981827735901,0.10403645038604736,1.0,1.1547430153730078,1.082460342011559,0.9345661997795105,1.6037331819534302,0.9317578125,1.1496022455373893,1.4977229656639957,-0.3257870674133301,0.8520717620849609,0.9317578125,-0.3021996231754463,0.19133249873595692,p29_v9_support_gated_tight,board_all_median_floor,affine,affine_lmeds,1496,5.984659671783447,7.825484275817871,"[[0.964242690293037, 0.13137386244365368, -26.99199754875218], [-0.06631033534806513, 0.9894192701549352, 24.920322865264623]]",3.5,2.0,5,True,False,8.0,4,0.055,calibration/def_stereocalib_THERM.yml,calibration/def_thermalcam_ori.yml,640x480,broad_generalization_raw_only_selection,broad,v9_support_gated_tight,False,v6,v9,support-v9,strict-selected,research,full,strict,all,15.040418776950732,6.2198576629161835,0.8060435652732849,11.633671760559082,20.421586990356445,19.34417152404785,4.93279692530632,0.8060435652732849,9.059550285339355,22.41295623779297,19.938005447387695,6.288249999284744,10.98250013589859,301,3463,238,2.532685771584511,31.21969985961914,301,6277,442,3961,0.012893880208333333,0.545569300681646,1.0,1.0,0.6378215306446491,44.99825609025118,1701,1824,2325,0.892314843507902,0.6734520780322307,442,0.0,0.01772279727341619,0.0,3.12,0.0,0.8653510786586766,general,False,,False,v9 support candidate mode is diagnostic-only unless a dedicated raw/depth gate allows it,10.233690000000001,v9_mode_block,0.0,0.0,0.0,-1.172563207057257,0.6283924843423799,0.8182193761619501,-0.03157886862754822,0.0,0.553356409072876,v6,strict,v6 adds strict raw/depth support-gated selection for v9; aligned metrics remain evaluation-only.,023_seq305,True,v9_support_gated_tight,7169,71,,0.9317578125
023_seq305,23,305,p29_v9_target_only,True,phase21_fixed_rgb_canvas,phase23_crop_plus_board_residual_transform,,"[296, 103]","[280, 115]","Phase29 candidate generated from calibration files, raw RGB/LWIR/depth, Phase24 board-affine geometry, Phase25 depth projection support, and raw-only scene reliability scoring. MM5 aligned images are evaluation-only.",1.0,0.9317578125,0.9317578125,0.9929981827735901,0.10403645038604736,1.0,1.1547430153730078,1.082460342011559,0.929890513420105,1.4782063961029053,0.9317578125,1.1452439983299478,1.4948181552430675,-0.3149470388889313,0.7698342800140381,0.9317578125,-0.2915473101328081,0.1867915629080491,p29_v9_target_only,board_all_median_floor,affine,affine_lmeds,1496,5.984659671783447,7.825484275817871,"[[0.964242690293037, 0.13137386244365368, -26.99199754875218], [-0.06631033534806513, 0.9894192701549352, 24.920322865264623]]",3.5,2.0,5,True,False,8.0,4,0.045,calibration/def_stereocalib_THERM.yml,calibration/def_thermalcam_ori.yml,640x480,broad_generalization_raw_only_selection,broad,v9_target_only,False,v6,v9,support-v9,strict-selected,research,full,strict,all,15.336526729659925,6.496742635965347,0.7322261929512024,12.261259078979492,20.228519439697266,20.25857925415039,5.2940409779548645,0.7371736764907837,9.850908279418945,22.265872955322266,21.829856872558594,6.684999972581863,12.158686697483063,296,3463,238,2.7423733323812485,31.84115219116211,298,6277,442,3961,0.012893880208333333,0.545569300681646,1.0,1.0,0.2559542711972055,92.92438604794204,879,1824,2320,0.8904577191621412,0.6738761662425785,442,0.0,0.01772279727341619,0.0,3.12,0.0,0.9230769230769231,general,False,,False,v9 target-only blocked because baseline thermal target is not weak/small,10.197270000000001,v9_target_only_block,0.0,0.0,0.0,-1.4686711597664495,0.6221294363256785,0.8182193761619501,-0.39282292127609253,-1.1761865615844727,0.8302413821220398,v6,strict,v6 adds strict raw/depth support-gated selection for v9; aligned metrics remain evaluation-only.,023_seq305,True,v9_target_only,4127,64,,0.9317578125
023_seq305,23,305,p29_v9_depth_thermal,True,phase21_fixed_rgb_canvas,phase23_crop_plus_board_residual_transform,,"[296, 103]","[280, 115]","Phase29 candidate generated from calibration files, raw RGB/LWIR/depth, Phase24 board-affine geometry, Phase25 depth projection support, and raw-only scene reliability scoring. MM5 aligned images are evaluation-only.",1.0,0.9317578125,0.9317578125,0.9929981827735901,0.10403645038604736,1.0,1.1547430153730078,1.082460342011559,0.9272598028182983,1.610064148902893,0.9317578125,1.139075142170147,1.4765048283017734,-0.32346877455711365,0.8079012632369995,0.9317578125,-0.30000490333447577,0.18874185868039906,p29_v9_depth_thermal,board_all_median_floor,affine,affine_lmeds,1496,5.984659671783447,7.825484275817871,"[[0.964242690293037, 0.13137386244365368, -26.99199754875218], [-0.06631033534806513, 0.9894192701549352, 24.920322865264623]]",3.5,2.0,5,True,False,7.0,3,0.065,calibration/def_stereocalib_THERM.yml,calibration/def_thermalcam_ori.yml,640x480,broad_generalization_raw_only_selection,broad,v9_depth_thermal,False,v6,v9,support-v9,strict-selected,research,full,strict,all,15.054361434486239,6.305651605129242,0.7952708005905151,11.816032409667969,19.77655029296875,18.929845809936523,5.00155633687973,0.7952708005905151,9.207841873168945,21.521757125854492,19.411531448364258,6.425177603960037,10.98250013589859,308,3849,262,2.5497203022241592,29.723999977111816,308,6694,483,4393,0.014300130208333333,0.5465513316640109,1.0,1.0,0.7286440139726897,43.63667462289528,1815,1392,2303,0.8965667733488507,0.6815068493150684,483,0.0,0.013794673343956454,0.0,3.12,0.0,0.839166819671063,general,False,,False,v9 depth-thermal mode is reserved for double-edge mismatch scenes,10.25826,v9_depth_thermal_block,0.0,0.0,0.0,-1.186505864592764,0.6430062630480167,0.9074571369551746,-0.10033828020095825,0.0,0.6391503512859344,v6,strict,v6 adds strict raw/depth support-gated selection for v9; aligned metrics remain evaluation-only.,023_seq305,True,v9_depth_thermal,8226,72,,0.9317578125
023_seq305,23,305,p29_v9_target_silhouette,True,phase21_fixed_rgb_canvas,phase23_crop_plus_board_residual_transform,,"[296, 103]","[280, 115]","Phase29 candidate generated from calibration files, raw RGB/LWIR/depth, Phase24 board-affine geometry, Phase25 depth projection support, and raw-only scene reliability scoring. MM5 aligned images are evaluation-only.",1.0,0.9317578125,0.9317578125,0.9929981827735901,0.10403645038604736,1.0,1.1547430153730078,1.082460342011559,0.7320744395256042,2.7706046104431152,0.9317578125,0.9272217272260789,1.411806102420889,-0.19358670711517334,1.8566228151321411,0.9317578125,-0.18218676748578794,0.1502645101345216,p29_v9_target_silhouette,board_all_median_floor,affine,affine_lmeds,1496,5.984659671783447,7.825484275817871,"[[0.964242690293037, 0.13137386244365368, -26.99199754875218], [-0.06631033534806513, 0.9894192701549352, 24.920322865264623]]",3.5,2.0,5,True,False,7.0,3,0.045,calibration/def_stereocalib_THERM.yml,calibration/def_thermalcam_ori.yml,640x480,broad_generalization_raw_only_selection,broad,v9_target_silhouette,False,v6,v9,support-v9,strict-selected,research,full,strict,all,15.159769268093559,6.381622672080994,1.003554105758667,11.75969123840332,19.015840530395508,14.226582527160645,5.3243274092674255,1.0263327360153198,9.622322082519531,20.137331008911133,14.29119873046875,6.684999972581863,11.396799683570862,303,3849,262,2.4064951837062836,34.589948654174805,316,6694,483,4393,0.014300130208333333,0.5465513316640109,1.0,1.0,0.6020959034614163,45.14558075069038,1944,1392,2286,0.8947445255474452,0.690068493150685,483,0.0,0.013794673343956454,0.0,3.12,0.0,0.8681842452055842,general,False,,False,v9 silhouette lacks thermal/support centroid disagreement,10.233270000000001,v9_silhouette_block,0.0,0.0,0.0,-1.2919136982000836,0.6597077244258872,0.9074571369551746,-0.42310935258865356,-0.41429954767227173,0.7151214182376862,v6,strict,v6 adds strict raw/depth support-gated selection for v9; aligned metrics remain evaluation-only.,023_seq305,True,v9_target_silhouette,4127,64,90.0,0.9317578125
023_seq305,23,305,p29_raw_shift_dx2p5_dy1p0_fill,True,phase21_fixed_rgb_canvas,phase23_crop_plus_board_residual_transform,,"[296, 103]","[280, 115]","Phase29 candidate generated from calibration files, raw RGB/LWIR/depth, Phase24 board-affine geometry, Phase25 depth projection support, and raw-only scene reliability scoring. MM5 aligned images are evaluation-only.",1.0,0.9331673177083334,0.9331673177083334,0.9929981827735901,0.10403645038604736,1.0,1.1547430153730078,1.082460342011559,0.9496110081672668,1.5399236679077148,0.9331673177083334,1.1993834022330996,1.7267462404885259,-0.2459796518087387,0.5639783143997192,0.9331673177083334,-0.2193881872599508,0.19983556290124166,p29_raw_shift_dx2p5_dy1p0_fill,board_all_median_floor,affine,affine_lmeds,1496,5.984659671783447,7.825484275817871,"[[0.964242690293037, 0.13137386244365368, -26.99199754875218], [-0.06631033534806513, 0.9894192701549352, 24.920322865264623]]",2.5,1.0,9,True,False,3.0,2,0.1,calibration/def_stereocalib_THERM.yml,calibration/def_thermalcam_ori.yml,640x480,broad_generalization_raw_only_selection,broad,raw_shift_local,False,v6,v9,support-v9,strict-selected,research,full,strict,all,13.963223532775043,5.830244958400726,0.6001995801925659,11.060290336608887,18.857425689697266,19.96745491027832,4.951333194971085,0.6463568806648254,9.256309509277344,23.37196159362793,20.904706954956055,6.414649993181229,11.080800116062164,343,4271,287,2.149111792445183,32.33376502990723,471,7106,524,4841,0.015758463541666667,0.5472009915306755,1.0,1.0,0.559225150841537,43.486003346328566,1475,944,1880,0.8348098677933761,0.5677884615384615,524,0.0,0.011196033877298284,0.0,3.12,0.0,0.8362692951217032,general,False,,False,raw improvement -0.0954 is below 0.6000,14.063223532775043,generic_block,-1.0,-1.0,2.0,-0.09536796288156779,0.9832985386221295,1.0,-0.05011513829231262,-0.09829998016357422,0.16374370455741882,v6,strict,v6 adds strict raw/depth support-gated selection for v9; aligned metrics remain evaluation-only.,023_seq305,,,,,,
023_seq305,23,305,p29_raw_shift_dx3p5_dy1p0_fill,True,phase21_fixed_rgb_canvas,phase23_crop_plus_board_residual_transform,,"[296, 103]","[280, 115]","Phase29 candidate generated from calibration files, raw RGB/LWIR/depth, Phase24 board-affine geometry, Phase25 depth projection support, and raw-only scene reliability scoring. MM5 aligned images are evaluation-only.",1.0,0.9327799479166666,0.9327799479166666,0.9929981827735901,0.10403645038604736,1.0,1.1547430153730078,1.082460342011559,0.9433012008666992,1.5881757736206055,0.9327799479166666,1.1940120857424787,1.734932930116689,-0.24058398604393005,0.5980730056762695,0.9327799479166666,-0.2145372488661298,0.19756783474571926,p29_raw_shift_dx3p5_dy1p0_fill,board_all_median_floor,affine,affine_lmeds,1496,5.984659671783447,7.825484275817871,"[[0.964242690293037, 0.13137386244365368, -26.99199754875218], [-0.06631033534806513, 0.9894192701549352, 24.920322865264623]]",3.5,1.0,9,True,False,3.0,2,0.1,calibration/def_stereocalib_THERM.yml,calibration/def_thermalcam_ori.yml,640x480,broad_generalization_raw_only_selection,broad,raw_shift_local,False,v6,v9,support-v9,strict-selected,research,full,strict,all,14.1008425918617,5.902090907096863,0.6577727794647217,11.146409034729004,18.962093353271484,19.780553817749023,5.04028445482254,0.7184597253799438,9.362109184265137,23.585559844970703,20.517881393432617,6.621799975633621,11.189649641513824,340,4271,287,2.1592188626527786,32.239657402038574,467,7106,524,4841,0.015758463541666667,0.5472009915306755,1.0,1.0,0.555890758971102,45.717166458557784,1498,944,1900,0.8394339365900122,0.5668269230769231,524,0.0,0.011196033877298284,0.0,3.12,0.0,0.8791762780491882,general,False,,False,raw improvement -0.2330 is below 0.6000,14.1508425918617,generic_block,0.0,-1.0,1.0,-0.23298702196822418,0.9749478079331941,1.0,-0.1390663981437683,-0.20714950561523438,0.2355896532535553,v6,strict,v6 adds strict raw/depth support-gated selection for v9; aligned metrics remain evaluation-only.,023_seq305,,,,,,
023_seq305,23,305,p29_raw_shift_dx4p5_dy1p0_fill,True,phase21_fixed_rgb_canvas,phase23_crop_plus_board_residual_transform,,"[296, 103]","[280, 115]","Phase29 candidate generated from calibration files, raw RGB/LWIR/depth, Phase24 board-affine geometry, Phase25 depth projection support, and raw-only scene reliability scoring. MM5 aligned images are evaluation-only.",1.0,0.9323665364583333,0.9323665364583333,0.9929981827735901,0.10403645038604736,1.0,1.1547430153730078,1.082460342011559,0.9355764389038086,1.5996984243392944,0.9323665364583333,1.1869945081594457,1.7401083986778194,-0.23628075420856476,0.6521851420402527,0.9323665364583333,-0.2109187833672437,0.19516721129041723,p29_raw_shift_dx4p5_dy1p0_fill,board_all_median_floor,affine,affine_lmeds,1496,5.984659671783447,7.825484275817871,"[[0.964242690293037, 0.13137386244365368, -26.99199754875218], [-0.06631033534806513, 0.9894192701549352, 24.920322865264623]]",4.5,1.0,9,True,False,3.0,2,0.1,calibration/def_stereocalib_THERM.yml,calibration/def_thermalcam_ori.yml,640x480,broad_generalization_raw_only_selection,broad,raw_shift_local,False,v6,v9,support-v9,strict-selected,research,full,strict,all,14.167455808598834,5.918938994407654,0.6760165691375732,11.161861419677734,19.175058364868164,19.694276809692383,5.104883581399918,0.7461956143379211,9.463571548461914,23.825939178466797,20.13918113708496,6.684999972581863,11.189649641513824,344,4271,287,2.1114678233861923,31.70246696472168,477,7106,524,4841,0.015758463541666667,0.5472009915306755,1.0,1.0,0.5011114639568117,51.607133494957296,1447,944,1918,0.8359385619138235,0.5706730769230769,524,0.0,0.011196033877298284,0.0,3.12,0.0,0.9230769230769231,general,False,,False,raw improvement -0.2996 is below 0.6000,14.267455808598834,generic_block,1.0,-1.0,2.0,-0.29960023870535935,0.9958246346555324,1.0,-0.20366552472114563,-0.20714950561523438,0.2524377405643463,v6,strict,v6 adds strict raw/depth support-gated selection for v9; aligned metrics remain evaluation-only.,023_seq305,,,,,,
023_seq305,23,305,p29_raw_shift_dx2p5_dy2p0_fill,True,phase21_fixed_rgb_canvas,phase23_crop_plus_board_residual_transform,,"[296, 103]","[280, 115]","Phase29 candidate generated from calibration files, raw RGB/LWIR/depth, Phase24 board-affine geometry, Phase25 depth projection support, and raw-only scene reliability scoring. MM5 aligned images are evaluation-only.",1.0,0.9321451822916667,0.9321451822916667,0.9929981827735901,0.10403645038604736,1.0,1.1547430153730078,1.082460342011559,0.9540561437606812,1.3622381687164307,0.9321451822916667,1.2060551419067016,1.7344828477221264,-0.2379366010427475,0.5471490025520325,0.9321451822916667,-0.21146641796079488,0.19835384731509875,p29_raw_shift_dx2p5_dy2p0_fill,board_all_median_floor,affine,affine_lmeds,1496,5.984659671783447,7.825484275817871,"[[0.964242690293037, 0.13137386244365368, -26.99199754875218], [-0.06631033534806513, 0.9894192701549352, 24.920322865264623]]",2.5,2.0,9,True,False,3.0,2,0.1,calibration/def_stereocalib_THERM.yml,calibration/def_thermalcam_ori.yml,640x480,broad_generalization_raw_only_selection,broad,raw_shift_local,False,v6,v9,support-v9,strict-selected,research,full,strict,all,13.77470496116354,5.6361516416072845,0.5360514521598816,10.736251831054688,18.516231536865234,18.8979434967041,4.813218146562576,0.6484156250953674,8.978020668029785,23.030778884887695,19.799379348754883,6.207500010728836,10.98250013589859,359,4271,287,2.0685585290193558,32.14978218078613,476,7106,524,4841,0.015758463541666667,0.5472009915306755,1.0,1.0,0.5762146713242299,43.91132999917944,1585,944,1899,0.8336983301396113,0.5543269230769231,524,0.0,0.011196033877298284,0.0,3.12,0.0,0.8444486538303739,general,False,,False,raw improvement 0.0932 is below 0.6000,13.82470496116354,generic_block,-1.0,0.0,1.0,0.09315060872993541,0.9937369519832986,1.0,0.08799991011619568,0.0,-0.03034961223602295,v6,strict,v6 adds strict raw/depth support-gated selection for v9; aligned metrics remain evaluation-only.,023_seq305,,,,,,
023_seq305,23,305,p29_raw_shift_dx4p5_dy2p0_fill,True,phase21_fixed_rgb_canvas,phase23_crop_plus_board_residual_transform,,"[296, 103]","[280, 115]","Phase29 candidate generated from calibration files, raw RGB/LWIR/depth, Phase24 board-affine geometry, Phase25 depth projection support, and raw-only scene reliability scoring. MM5 aligned images are evaluation-only.",1.0,0.9313444010416667,0.9313444010416667,0.9929981827735901,0.10403645038604736,1.0,1.1547430153730078,1.082460342011559,0.939844012260437,1.4061694145202637,0.9313444010416667,1.1938459159507533,1.749592801182918,-0.22793765366077423,0.6356422901153564,0.9313444010416667,-0.20291356294696455,0.19225296303001219,p29_raw_shift_dx4p5_dy2p0_fill,board_all_median_floor,affine,affine_lmeds,1496,5.984659671783447,7.825484275817871,"[[0.964242690293037, 0.13137386244365368, -26.99199754875218], [-0.06631033534806513, 0.9894192701549352, 24.920322865264623]]",4.5,2.0,9,True,False,3.0,2,0.1,calibration/def_stereocalib_THERM.yml,calibration/def_thermalcam_ori.yml,640x480,broad_generalization_raw_only_selection,broad,raw_shift_local,False,v6,v9,support-v9,strict-selected,research,full,strict,all,13.967103691313262,5.711978107690811,0.6130078434944153,10.810948371887207,19.00790786743164,18.606164932250977,4.941454529762268,0.7464563846588135,9.136452674865723,23.334470748901367,19.040264129638672,6.432199984788895,10.98250013589859,358,4271,287,2.0161486119031906,31.673324584960938,474,7106,524,4841,0.015758463541666667,0.5472009915306755,1.0,1.0,0.5339790409653858,50.664831896019635,1578,944,1927,0.838189030228423,0.5629807692307692,524,0.0,0.011196033877298284,0.0,3.12,0.0,0.9230769230769231,general,False,,False,raw improvement -0.0992 is below 0.6000,14.017103691313263,generic_block,1.0,0.0,1.0,-0.09924812141978734,0.9895615866388309,1.0,-0.040236473083496094,0.0,0.04547685384750366,v6,strict,v6 adds strict raw/depth support-gated selection for v9; aligned metrics remain evaluation-only.,023_seq305,,,,,,
023_seq305,23,305,p29_raw_shift_dx2p5_dy3p0_fill,True,phase21_fixed_rgb_canvas,phase23_crop_plus_board_residual_transform,,"[296, 103]","[280, 115]","Phase29 candidate generated from calibration files, raw RGB/LWIR/depth, Phase24 board-affine geometry, Phase25 depth projection support, and raw-only scene reliability scoring. MM5 aligned images are evaluation-only.",1.0,0.9310774739583333,0.9310774739583333,0.9929981827735901,0.10403645038604736,1.0,1.1547430153730078,1.082460342011559,0.9518955945968628,1.4321424961090088,0.9310774739583333,1.2031076389256286,1.7320326620361315,-0.2306491583585739,0.6345848441123962,0.9310774739583333,-0.2052932364715752,0.194422873011154,p29_raw_shift_dx2p5_dy3p0_fill,board_all_median_floor,affine,affine_lmeds,1496,5.984659671783447,7.825484275817871,"[[0.964242690293037, 0.13137386244365368, -26.99199754875218], [-0.06631033534806513, 0.9894192701549352, 24.920322865264623]]",2.5,3.0,9,True,False,3.0,2,0.1,calibration/def_stereocalib_THERM.yml,calibration/def_thermalcam_ori.yml,640x480,broad_generalization_raw_only_selection,broad,raw_shift_local,False,v6,v9,support-v9,strict-selected,research,full,strict,all,13.703203148425644,5.543141096830368,0.6377663016319275,10.448515892028809,18.64626121520996,18.341285705566406,4.705304533243179,0.6995428204536438,8.711066246032715,21.859153747558594,19.482288360595703,5.954700022935867,10.87365061044693,414,4271,287,2.056249216198921,32.28811454772949,481,7106,524,4841,0.015758463541666667,0.5472009915306755,1.0,1.0,0.5960622419815814,44.645502469028266,1696,944,1943,0.8263595474989778,0.5480769230769231,524,0.0,0.011196033877298284,0.0,3.12,0.0,0.8585673551736205,general,False,,False,raw improvement 0.1647 is below 0.6000,13.803203148425643,generic_block,-1.0,1.0,2.0,0.16465242146783154,1.0041753653444676,1.0,0.19591352343559265,0.10884952545166016,-0.12336015701293945,v6,strict,v6 adds strict raw/depth support-gated selection for v9; aligned metrics remain evaluation-only.,023_seq305,,,,,,
023_seq305,23,305,p29_raw_shift_dx3p5_dy3p0_fill,True,phase21_fixed_rgb_canvas,phase23_crop_plus_board_residual_transform,,"[296, 103]","[280, 115]","Phase29 candidate generated from calibration files, raw RGB/LWIR/depth, Phase24 board-affine geometry, Phase25 depth projection support, and raw-only scene reliability scoring. MM5 aligned images are evaluation-only.",1.0,0.9306901041666666,0.9306901041666666,0.9929981827735901,0.10403645038604736,1.0,1.1547430153730078,1.082460342011559,0.9458264112472534,1.4761579036712646,0.9306901041666666,1.1976933833941572,1.738159463792877,-0.2265004813671112,0.6439561247825623,0.9306901041666666,-0.20166086498362942,0.1913556875478476,p29_raw_shift_dx3p5_dy3p0_fill,board_all_median_floor,affine,affine_lmeds,1496,5.984659671783447,7.825484275817871,"[[0.964242690293037, 0.13137386244365368, -26.99199754875218], [-0.06631033534806513, 0.9894192701549352, 24.920322865264623]]",3.5,3.0,9,True,False,3.0,2,0.1,calibration/def_stereocalib_THERM.yml,calibration/def_thermalcam_ori.yml,640x480,broad_generalization_raw_only_selection,broad,raw_shift_local,False,v6,v9,support-v9,strict-selected,research,full,strict,all,13.807287805582881,5.591849833726883,0.7026119828224182,10.481087684631348,18.904695510864258,18.285993576049805,4.791291773319244,0.7841750383377075,8.798408508300781,21.99372673034668,19.164165496826172,6.207500010728836,10.919300138950348,413,4271,287,2.0303830951452255,31.872413635253906,484,7106,524,4841,0.015758463541666667,0.5472009915306755,1.0,1.0,0.5703397904096539,47.46725687991845,1680,944,1933,0.8253126699293094,0.5567307692307693,524,0.0,0.011196033877298284,0.0,3.12,0.0,0.9128318630753548,general,False,,False,raw improvement 0.0606 is below 0.6000,13.857287805582882,generic_block,0.0,1.0,1.0,0.060567764310594185,1.010438413361169,1.0,0.10992628335952759,0.06319999694824219,-0.07465142011642456,v6,strict,v6 adds strict raw/depth support-gated selection for v9; aligned metrics remain evaluation-only.,023_seq305,,,,,,
023_seq305,23,305,p29_raw_shift_dx4p5_dy3p0_fill,True,phase21_fixed_rgb_canvas,phase23_crop_plus_board_residual_transform,,"[296, 103]","[280, 115]","Phase29 candidate generated from calibration files, raw RGB/LWIR/depth, Phase24 board-affine geometry, Phase25 depth projection support, and raw-only scene reliability scoring. MM5 aligned images are evaluation-only.",1.0,0.9302766927083334,0.9302766927083334,0.9929981827735901,0.10403645038604736,1.0,1.1547430153730078,1.082460342011559,0.9376165866851807,1.4977970123291016,0.9302766927083334,1.1902848039053926,1.7443666619612441,-0.2212330400943756,0.6652060747146606,0.9302766927083334,-0.19694329852959763,0.18853985342043977,p29_raw_shift_dx4p5_dy3p0_fill,board_all_median_floor,affine,affine_lmeds,1496,5.984659671783447,7.825484275817871,"[[0.964242690293037, 0.13137386244365368, -26.99199754875218], [-0.06631033534806513, 0.9894192701549352, 24.920322865264623]]",4.5,3.0,9,True,False,3.0,2,0.1,calibration/def_stereocalib_THERM.yml,calibration/def_thermalcam_ori.yml,640x480,broad_generalization_raw_only_selection,broad,raw_shift_local,False,v6,v9,support-v9,strict-selected,research,full,strict,all,13.849312025225085,5.620996803045273,0.6987311244010925,10.543262481689453,18.892850875854492,18.240041732788086,4.851526737213135,0.786865234375,8.91618824005127,21.97949981689453,18.84288787841797,6.225050002336502,10.98250013589859,409,4271,287,2.0150950998067856,30.96446418762207,483,7106,524,4841,0.015758463541666667,0.5472009915306755,1.0,1.0,0.5543029533185139,50.06560922364242,1689,944,1922,0.8252823513403185,0.5644230769230769,524,0.0,0.011196033877298284,0.0,3.12,0.0,0.9230769230769231,general,False,,False,raw improvement 0.0185 is below 0.6000,13.949312025225085,generic_block,1.0,1.0,2.0,0.0185435446683897,1.0083507306889352,1.0,0.04969131946563721,0.0,-0.04550445079803467,v6,strict,v6 adds strict raw/depth support-gated selection for v9; aligned metrics remain evaluation-only.,023_seq305,,,,,,
023_seq305,23,305,p29_raw_shift_dx3p0_dy2p0_fill,True,phase21_fixed_rgb_canvas,phase23_crop_plus_board_residual_transform,,"[296, 103]","[280, 115]","Phase29 candidate generated from calibration files, raw RGB/LWIR/depth, Phase24 board-affine geometry, Phase25 depth projection support, and raw-only scene reliability scoring. MM5 aligned images are evaluation-only.",1.0,0.9317578125,0.9317578125,0.9929981827735901,0.10403645038604736,1.0,1.1547430153730078,1.082460342011559,0.9500210285186768,1.4222538471221924,0.9317578125,1.2009377786007331,1.729668487765265,-0.23681427538394928,0.5733174085617065,0.9317578125,-0.21055241876423242,0.19801174047391398,p29_raw_shift_dx3p0_dy2p0_fill,board_all_median_floor,affine,affine_lmeds,1496,5.984659671783447,7.825484275817871,"[[0.964242690293037, 0.13137386244365368, -26.99199754875218], [-0.06631033534806513, 0.9894192701549352, 24.920322865264623]]",3.0,2.0,9,True,False,3.0,2,0.1,calibration/def_stereocalib_THERM.yml,calibration/def_thermalcam_ori.yml,640x480,broad_generalization_raw_only_selection,broad,raw_shift_local,False,v6,v9,support-v9,strict-selected,research,full,strict,all,13.723216923223656,5.552079200744629,0.551173210144043,10.552985191345215,18.471376419067383,18.16653823852539,4.818356245756149,0.6765684485435486,8.96014404296875,22.802095413208008,19.468610763549805,6.207500010728836,10.98250013589859,361,4271,287,1.9793479889631271,31.890674591064453,482,7106,524,4841,0.015758463541666667,0.5472009915306755,1.0,1.0,0.5716100349317244,45.400837977999664,1564,944,1905,0.8323762646978398,0.5576923076923077,524,0.0,0.011196033877298284,0.0,3.12,0.0,0.8730930380384551,general,False,,False,raw improvement 0.1446 is below 0.6000,13.748216923223657,generic_block,-0.5,0.0,0.5,0.14463864666981863,1.0062630480167014,1.0,0.08286181092262268,0.0,-0.11442205309867859,v6,strict,v6 adds strict raw/depth support-gated selection for v9; aligned metrics remain evaluation-only.,023_seq305,,,,,,
023_seq305,23,305,p29_raw_shift_dx4p0_dy2p0_fill,True,phase21_fixed_rgb_canvas,phase23_crop_plus_board_residual_transform,,"[296, 103]","[280, 115]","Phase29 candidate generated from calibration files, raw RGB/LWIR/depth, Phase24 board-affine geometry, Phase25 depth projection support, and raw-only scene reliability scoring. MM5 aligned images are evaluation-only.",1.0,0.9313444010416667,0.9313444010416667,0.9929981827735901,0.10403645038604736,1.0,1.1547430153730078,1.082460342011559,0.9426881074905396,1.4451241493225098,0.9313444010416667,1.1944717508938174,1.7363625886614196,-0.2319808155298233,0.6090426445007324,0.9313444010416667,-0.20638852069825656,0.1949770046571411,p29_raw_shift_dx4p0_dy2p0_fill,board_all_median_floor,affine,affine_lmeds,1496,5.984659671783447,7.825484275817871,"[[0.964242690293037, 0.13137386244365368, -26.99199754875218], [-0.06631033534806513, 0.9894192701549352, 24.920322865264623]]",4.0,2.0,9,True,False,3.0,2,0.1,calibration/def_stereocalib_THERM.yml,calibration/def_thermalcam_ori.yml,640x480,broad_generalization_raw_only_selection,broad,raw_shift_local,False,v6,v9,support-v9,strict-selected,research,full,strict,all,13.816905773822054,5.580539137125015,0.6050117611885071,10.556066513061523,18.799942016601562,17.790348052978516,4.877318322658539,0.7405775785446167,9.014059066772461,22.852266311645508,18.764007568359375,6.225050002336502,10.919300138950348,366,4271,287,1.9330458492040634,31.539554595947266,485,7106,524,4841,0.015758463541666667,0.5472009915306755,1.0,1.0,0.538901238488409,50.1122022870102,1543,944,1916,0.833105708822726,0.5639423076923077,524,0.0,0.011196033877298284,0.0,3.12,0.0,0.9230769230769231,general,False,,False,raw improvement 0.0509 is below 0.6000,13.841905773822054,generic_block,0.5,0.0,0.5,0.05094979607142136,1.0125260960334028,1.0,0.023899734020233154,0.06319999694824219,-0.08596211671829224,v6,strict,v6 adds strict raw/depth support-gated selection for v9; aligned metrics remain evaluation-only.,023_seq305,,,,,,
023_seq305,23,305,p29_raw_shift_dx3p5_dy1p5_fill,True,phase21_fixed_rgb_canvas,phase23_crop_plus_board_residual_transform,,"[296, 103]","[280, 115]","Phase29 candidate generated from calibration files, raw RGB/LWIR/depth, Phase24 board-affine geometry, Phase25 depth projection support, and raw-only scene reliability scoring. MM5 aligned images are evaluation-only.",1.0,0.9327799479166666,0.9327799479166666,0.9929981827735901,0.10403645038604736,1.0,1.1547430153730078,1.082460342011559,0.9471606612205505,1.5352474451065063,0.9327799479166666,1.1989631162899876,1.7400929316005085,-0.23742960393428802,0.6048933863639832,0.9327799479166666,-0.21131121348489737,0.198318338450497,p29_raw_shift_dx3p5_dy1p5_fill,board_all_median_floor,affine,affine_lmeds,1496,5.984659671783447,7.825484275817871,"[[0.964242690293037, 0.13137386244365368, -26.99199754875218], [-0.06631033534806513, 0.9894192701549352, 24.920322865264623]]",3.5,1.5,9,True,False,3.0,2,0.1,calibration/def_stereocalib_THERM.yml,calibration/def_thermalcam_ori.yml,640x480,broad_generalization_raw_only_selection,broad,raw_shift_local,False,v6,v9,support-v9,strict-selected,research,full,strict,all,13.919074259049498,5.723073482513428,0.6128511428833008,10.833295822143555,18.887556076049805,18.75678062438965,4.945356607437134,0.7238850593566895,9.166828155517578,23.528793334960938,19.609222412109375,6.414649993181229,10.98250013589859,355,4271,287,2.0233419090509415,31.694056510925293,487,7106,524,4841,0.015758463541666667,0.5472009915306755,1.0,1.0,0.5725627183232772,45.87436681368943,1578,944,1900,0.8345823681700504,0.56875,524,0.0,0.011196033877298284,0.0,3.12,0.0,0.8821993618017198,general,False,,False,raw improvement -0.0512 is below 0.6000,13.944074259049499,generic_block,0.0,-0.5,0.5,-0.051218689156023345,1.0167014613778707,1.0,-0.044138550758361816,0.0,0.05657222867012024,v6,strict,v6 adds strict raw/depth support-gated selection for v9; aligned metrics remain evaluation-only.,023_seq305,,,,,,
023_seq305,23,305,p29_raw_shift_dx3p5_dy2p5_fill,True,phase21_fixed_rgb_canvas,phase23_crop_plus_board_residual_transform,,"[296, 103]","[280, 115]","Phase29 candidate generated from calibration files, raw RGB/LWIR/depth, Phase24 board-affine geometry, Phase25 depth projection support, and raw-only scene reliability scoring. MM5 aligned images are evaluation-only.",1.0,0.9317578125,0.9317578125,0.9929981827735901,0.10403645038604736,1.0,1.1547430153730078,1.082460342011559,0.9486440420150757,1.4355134963989258,0.9317578125,1.2016426503809778,1.744077928961971,-0.22939585149288177,0.6059099435806274,0.9317578125,-0.20376436473857223,0.19511297610528874,p29_raw_shift_dx3p5_dy2p5_fill,board_all_median_floor,affine,affine_lmeds,1496,5.984659671783447,7.825484275817871,"[[0.964242690293037, 0.13137386244365368, -26.99199754875218], [-0.06631033534806513, 0.9894192701549352, 24.920322865264623]]",3.5,2.5,9,True,False,3.0,2,0.1,calibration/def_stereocalib_THERM.yml,calibration/def_thermalcam_ori.yml,640x480,broad_generalization_raw_only_selection,broad,raw_shift_local,False,v6,v9,support-v9,strict-selected,research,full,strict,all,13.776078172771438,5.578634172677994,0.6091087460517883,10.5481595993042,18.642976760864258,18.047016143798828,4.80946347117424,0.7270755171775818,8.891851425170898,22.54376220703125,18.888765335083008,6.207500010728836,10.873649656772614,384,4271,287,1.987583115696907,31.045555114746094,481,7106,524,4841,0.015758463541666667,0.5472009915306755,1.0,1.0,0.5812956494125119,46.28729672983149,1668,944,1915,0.8319453924914676,0.5576923076923077,524,0.0,0.011196033877298284,0.0,3.12,0.0,0.8901403217275287,general,False,,False,raw improvement 0.0918 is below 0.6000,13.801078172771438,generic_block,0.0,0.5,0.5,0.09177739712203703,1.0041753653444676,1.0,0.09175458550453186,0.10885047912597656,-0.08786708116531372,v6,strict,v6 adds strict raw/depth support-gated selection for v9; aligned metrics remain evaluation-only.,023_seq305,,,,,,
050_seq332,50,332,p29_baseline,True,phase21_fixed_rgb_canvas,phase24_affine_lwir_subpixel_shift_depth_fill_then_morph_close,,"[296, 103]","[280, 115]","Phase29 candidate generated from calibration files, raw RGB/LWIR/depth, Phase24 board-affine geometry, Phase25 depth projection support, and raw-only scene reliability scoring. MM5 aligned images are evaluation-only.",1.0,0.9317578125,0.9317578125,1.0,0.0,1.0,1.2629950016261862,1.7533000108412409,0.8852492570877075,5.4010233879089355,0.9317578125,1.0738363253870287,1.473288057511831,-0.11336205154657364,0.7665751576423645,0.9317578125,-0.08862600718795774,0.1955699686964673,p29_baseline,board_all_median_floor,affine,affine_lmeds,1496,5.984659671783447,7.825484275817871,"[[0.964242690293037, 0.13137386244365368, -26.99199754875218], [-0.06631033534806513, 0.9894192701549352, 24.920322865264623]]",3.5,2.0,9,True,False,3.0,2,0.1,calibration/def_stereocalib_THERM.yml,calibration/def_thermalcam_ori.yml,640x480,broad_generalization_raw_only_selection,broad,baseline,False,v6,v9,support-v9,strict-selected,research,full,strict,all,20.263074941720543,9.282610982656479,0.9581491351127625,17.607072830200195,3.526453733444214,8.011401176452637,7.388631612062454,0.9589257836341858,13.818337440490723,3.209470748901367,7.0577216148376465,10.062600672245026,16.80202490091324,753,7626,3764,4.594485595822334,13.801849842071533,767,10599,4287,10471,0.034085286458333336,1.0,0.0,1.0,0.0,64.87972109913946,13262,6716,3607,0.861568945330091,0.5157088122605364,4287,0.0,0.0,0.22,1.2756737661361695,0.6325,0.9230769230769231,reflection_background,False,,False,,20.263074941720543,v6_baseline,0.0,0.0,0.0,0.0,1.0,1.0,0.0,0.0,0.0,v6,strict,v6 baseline row; aligned metrics are not used for selection.,050_seq332,,,,,,
050_seq332,50,332,p29_depth_conservative,True,phase21_fixed_rgb_canvas,phase23_crop_plus_board_residual_transform,,"[296, 103]","[280, 115]","Phase29 candidate generated from calibration files, raw RGB/LWIR/depth, Phase24 board-affine geometry, Phase25 depth projection support, and raw-only scene reliability scoring. MM5 aligned images are evaluation-only.",1.0,0.9317578125,0.9317578125,1.0,0.0,1.0,1.2629950016261862,1.7533000108412409,0.8824304342269897,8.666044235229492,0.9317578125,1.0504939884146758,1.4670654639937544,-0.11747516691684723,0.7274051904678345,0.9317578125,-0.09270420411324964,0.1942359596426973,p29_depth_conservative,board_all_median_floor,affine,affine_lmeds,1496,5.984659671783447,7.825484275817871,"[[0.964242690293037, 0.13137386244365368, -26.99199754875218], [-0.06631033534806513, 0.9894192701549352, 24.920322865264623]]",3.5,2.0,9,False,False,4.0,3,0.075,calibration/def_stereocalib_THERM.yml,calibration/def_thermalcam_ori.yml,640x480,broad_generalization_raw_only_selection,broad,depth_conservative,False,v6,v9,support-v9,strict-selected,research,full,strict,all,19.759629978815045,8.96581444144249,0.9586941599845886,16.97293472290039,3.4970929622650146,7.863918304443359,7.194061487913132,0.9640468955039978,13.424076080322266,3.1776342391967773,6.861810207366943,9.83789974451065,16.478999197483063,749,7190,3649,4.391502752900124,13.549049854278564,766,10168,4218,9449,0.030758463541666666,1.0,0.0,1.0,0.0,64.87972109913946,13262,7738,3506,0.8562459001030831,0.5100548446069469,4218,0.0,0.0,0.0,1.2585901975631715,0.6325,0.9230769230769231,reflection_background,False,,False,depth/reflection/edge guard candidates are diagnostic-only by default,19.759629978815045,diagnostic_guard_block,0.0,0.0,0.0,0.5034449629054976,0.9986962190352021,0.9023970967433865,0.1945701241493225,0.3230257034301758,-0.31679654121398926,v6,strict,v6 adds strict raw/depth support-gated selection for v9; aligned metrics remain evaluation-only.,050_seq332,,,,,,
050_seq332,50,332,p29_reflection_guard,True,phase21_fixed_rgb_canvas,phase23_crop_plus_board_residual_transform,,"[296, 103]","[280, 115]","Phase29 candidate generated from calibration files, raw RGB/LWIR/depth, Phase24 board-affine geometry, Phase25 depth projection support, and raw-only scene reliability scoring. MM5 aligned images are evaluation-only.",1.0,0.9317578125,0.9317578125,1.0,0.0,1.0,1.2629950016261862,1.7533000108412409,0.8824304342269897,8.666044235229492,0.9317578125,1.0504939884146758,1.4670654639937544,-0.11747516691684723,0.7274051904678345,0.9317578125,-0.09270420411324964,0.1942359596426973,p29_reflection_guard,board_all_median_floor,affine,affine_lmeds,1496,5.984659671783447,7.825484275817871,"[[0.964242690293037, 0.13137386244365368, -26.99199754875218], [-0.06631033534806513, 0.9894192701549352, 24.920322865264623]]",3.5,2.0,9,False,False,4.5,3,0.055,calibration/def_stereocalib_THERM.yml,calibration/def_thermalcam_ori.yml,640x480,broad_generalization_raw_only_selection,broad,reflection_guard,False,v6,v9,support-v9,strict-selected,research,full,strict,all,19.733813374981125,8.96581444144249,0.9586941599845886,16.97293472290039,3.4970929622650146,7.863918304443359,7.194061487913132,0.9640468955039978,13.424076080322266,3.1776342391967773,6.861810207366943,9.83789974451065,16.478999197483063,749,7190,3649,4.391502752900124,13.549049854278564,766,10168,4218,9476,0.030846354166666666,1.0,0.0,1.0,0.0,64.87972109913946,13262,7711,3478,0.8562459001030831,0.5065858798735511,4218,0.0,0.0,0.0,1.2585901975631715,0.6325,0.9230769230769231,reflection_background,False,,False,depth/reflection/edge guard candidates are diagnostic-only by default,19.733813374981125,diagnostic_guard_block,0.0,0.0,0.0,0.529261566739418,0.9986962190352021,0.904975647025117,0.1945701241493225,0.3230257034301758,-0.31679654121398926,v6,strict,v6 adds strict raw/depth support-gated selection for v9; aligned metrics remain evaluation-only.,050_seq332,,,,,,
050_seq332,50,332,p29_small_target_guard,True,phase21_fixed_rgb_canvas,phase23_crop_plus_board_residual_transform,,"[296, 103]","[280, 115]","Phase29 candidate generated from calibration files, raw RGB/LWIR/depth, Phase24 board-affine geometry, Phase25 depth projection support, and raw-only scene reliability scoring. MM5 aligned images are evaluation-only.",1.0,0.9317578125,0.9317578125,1.0,0.0,1.0,1.2629950016261862,1.7533000108412409,0.8883377313613892,4.71638298034668,0.9317578125,1.0784367835906623,1.4559823340756872,-0.1157601922750473,0.7514973878860474,0.9317578125,-0.09100896435320943,0.19506808166102763,p29_small_target_guard,board_all_median_floor,affine,affine_lmeds,1496,5.984659671783447,7.825484275817871,"[[0.964242690293037, 0.13137386244365368, -26.99199754875218], [-0.06631033534806513, 0.9894192701549352, 24.920322865264623]]",3.5,2.0,5,True,False,3.0,2,0.065,calibration/def_stereocalib_THERM.yml,calibration/def_thermalcam_ori.yml,640x480,broad_generalization_raw_only_selection,broad,small_target_guard,False,v6,v9,support-v9,strict-selected,research,full,strict,all,18.434785831193174,7.69058421254158,0.907285749912262,14.473882675170898,3.505012035369873,7.654590606689453,5.945537269115448,0.9140695333480835,10.977005004882812,3.254237174987793,6.4132513999938965,7.8014998733997345,12.97324949502945,847,7712,3804,3.4883593171834946,12.864400386810303,858,10776,4350,10991,0.03577799479166666,1.0,0.0,1.0,0.0,56.19108079396233,13186,6088,3523,0.849924918293437,0.4760935910478128,4350,0.0,0.0,0.22,1.2432694149017334,0.6325,0.9230769230769231,reflection_background,False,,True,,18.654785831193173,small_target_guard,0.0,0.0,0.0,1.8282891105273684,1.11864406779661,1.0496609683888836,1.4430943429470062,3.828775405883789,-1.5920267701148987,v6,strict,v6 adds strict raw/depth support-gated selection for v9; aligned metrics remain evaluation-only.,050_seq332,,,,,,
050_seq332,50,332,p29_edge_contamination_guard,True,phase21_fixed_rgb_canvas,phase23_crop_plus_board_residual_transform,,"[296, 103]","[280, 115]","Phase29 candidate generated from calibration files, raw RGB/LWIR/depth, Phase24 board-affine geometry, Phase25 depth projection support, and raw-only scene reliability scoring. MM5 aligned images are evaluation-only.",1.0,0.9317578125,0.9317578125,1.0,0.0,1.0,1.2629950016261862,1.7533000108412409,0.8824304342269897,8.666044235229492,0.9317578125,1.0504939884146758,1.4670654639937544,-0.11747516691684723,0.7274051904678345,0.9317578125,-0.09270420411324964,0.1942359596426973,p29_edge_contamination_guard,board_all_median_floor,affine,affine_lmeds,1496,5.984659671783447,7.825484275817871,"[[0.964242690293037, 0.13137386244365368, -26.99199754875218], [-0.06631033534806513, 0.9894192701549352, 24.920322865264623]]",3.5,2.0,9,False,False,4.0,3,0.08,calibration/def_stereocalib_THERM.yml,calibration/def_thermalcam_ori.yml,640x480,broad_generalization_raw_only_selection,broad,edge_contamination_guard,False,v6,v9,support-v9,strict-selected,research,full,strict,all,19.75469549099939,8.96581444144249,0.9586941599845886,16.97293472290039,3.4970929622650146,7.863918304443359,7.194061487913132,0.9640468955039978,13.424076080322266,3.1776342391967773,6.861810207366943,9.83789974451065,16.478999197483063,749,7190,3649,4.391502752900124,13.549049854278564,766,10168,4218,9477,0.030849609375,1.0,0.0,1.0,0.0,64.87972109913946,13262,7710,3506,0.8562459001030831,0.5095325150169757,4218,0.0,0.0,0.0,1.2585901975631715,0.6325,0.9230769230769231,reflection_background,False,,False,depth/reflection/edge guard candidates are diagnostic-only by default,19.75469549099939,diagnostic_guard_block,0.0,0.0,0.0,0.5083794507211543,0.9986962190352021,0.9050711488874033,0.1945701241493225,0.3230257034301758,-0.31679654121398926,v6,strict,v6 adds strict raw/depth support-gated selection for v9; aligned metrics remain evaluation-only.,050_seq332,,,,,,
050_seq332,50,332,p29_v9_support_gated,True,phase21_fixed_rgb_canvas,phase23_crop_plus_board_residual_transform,,"[296, 103]","[280, 115]","Phase29 candidate generated from calibration files, raw RGB/LWIR/depth, Phase24 board-affine geometry, Phase25 depth projection support, and raw-only scene reliability scoring. MM5 aligned images are evaluation-only.",1.0,0.9317578125,0.9317578125,1.0,0.0,1.0,1.2629950016261862,1.7533000108412409,0.8736550807952881,1.5722495317459106,0.9317578125,1.049353577464732,1.234213292399462,-0.22301404178142548,1.0041626691818237,0.9317578125,-0.2011810189401834,0.18571999237555353,p29_v9_support_gated,board_all_median_floor,affine,affine_lmeds,1496,5.984659671783447,7.825484275817871,"[[0.964242690293037, 0.13137386244365368, -26.99199754875218], [-0.06631033534806513, 0.9894192701549352, 24.920322865264623]]",3.5,2.0,5,True,False,7.0,3,0.075,calibration/def_stereocalib_THERM.yml,calibration/def_thermalcam_ori.yml,640x480,broad_generalization_raw_only_selection,broad,v9_support_gated,False,v6,v9,support-v9,strict-selected,research,full,strict,all,17.234672961833514,12.0,12.0,12.0,12.0,12.0,12.0,12.0,12.0,12.0,12.0,12.0,12.0,0,1159,0,1.5,12.0,0,1374,8,1466,0.004772135416666667,0.3772169167803547,1.0,0.4486772486772487,0.37613049095607237,236.22067891806623,945,2511,704,1.0,0.11308993766696349,8,0.3192447916666667,0.6911323328785814,0.0,0.0,0.0,0.9230769230769231,reflection_background,False,,False,v9 reflection support-gated candidate has too few retained LWIR edges,10.60175,v9_reflection_block,0.0,0.0,0.0,3.028401979887029,0.0,0.14000573011173717,-4.611368387937546,4.8020249009132385,2.717389017343521,v6,strict,v6 adds strict raw/depth support-gated selection for v9; aligned metrics remain evaluation-only.,050_seq332,True,v9_support_gated,16175,78,,0.9317578125
050_seq332,50,332,p29_v9_support_gated_tight,True,phase21_fixed_rgb_canvas,phase23_crop_plus_board_residual_transform,,"[296, 103]","[280, 115]","Phase29 candidate generated from calibration files, raw RGB/LWIR/depth, Phase24 board-affine geometry, Phase25 depth projection support, and raw-only scene reliability scoring. MM5 aligned images are evaluation-only.",1.0,0.9317578125,0.9317578125,1.0,0.0,1.0,1.2629950016261862,1.7533000108412409,0.8812105655670166,1.6432180404663086,0.9317578125,1.0531084135239752,1.2117143746650427,-0.21993671357631683,0.9977819323539734,0.9317578125,-0.20183268195059034,0.16060482146566887,p29_v9_support_gated_tight,board_all_median_floor,affine,affine_lmeds,1496,5.984659671783447,7.825484275817871,"[[0.964242690293037, 0.13137386244365368, -26.99199754875218], [-0.06631033534806513, 0.9894192701549352, 24.920322865264623]]",3.5,2.0,5,True,False,8.0,4,0.055,calibration/def_stereocalib_THERM.yml,calibration/def_thermalcam_ori.yml,640x480,broad_generalization_raw_only_selection,broad,v9_support_gated_tight,False,v6,v9,support-v9,strict-selected,research,full,strict,all,18.869902868046353,12.0,12.0,12.0,12.0,12.0,12.0,12.0,12.0,12.0,12.0,12.0,12.0,0,1378,0,1.5,12.0,0,1583,35,3729,0.012138671875,0.6076696165191741,1.0,0.4486772486772487,0.37613049095607237,236.22067891806623,945,248,605,1.0,0.05141745414118955,35,0.0,0.0,0.0,3.12,0.0,0.9230769230769231,reflection_background,False,,False,v9 support candidate mode is diagnostic-only unless a dedicated raw/depth gate allows it,10.57601,v9_mode_block,0.0,0.0,0.0,1.3931720736741902,0.0,0.3561264444656671,-4.611368387937546,4.8020249009132385,2.717389017343521,v6,strict,v6 adds strict raw/depth support-gated selection for v9; aligned metrics remain evaluation-only.,050_seq332,True,v9_support_gated_tight,13601,75,,0.9317578125
050_seq332,50,332,p29_v9_target_only,True,phase21_fixed_rgb_canvas,phase23_crop_plus_board_residual_transform,,"[296, 103]","[280, 115]","Phase29 candidate generated from calibration files, raw RGB/LWIR/depth, Phase24 board-affine geometry, Phase25 depth projection support, and raw-only scene reliability scoring. MM5 aligned images are evaluation-only.",1.0,0.9317578125,0.9317578125,1.0,0.0,1.0,1.2629950016261862,1.7533000108412409,0.8752953410148621,1.5781221389770508,0.9317578125,1.0533077521728866,1.2498742932792464,-0.2199539989233017,0.9874901175498962,0.9317578125,-0.19709746980962778,0.1918764654598218,p29_v9_target_only,board_all_median_floor,affine,affine_lmeds,1496,5.984659671783447,7.825484275817871,"[[0.964242690293037, 0.13137386244365368, -26.99199754875218], [-0.06631033534806513, 0.9894192701549352, 24.920322865264623]]",3.5,2.0,5,True,False,8.0,4,0.045,calibration/def_stereocalib_THERM.yml,calibration/def_thermalcam_ori.yml,640x480,broad_generalization_raw_only_selection,broad,v9_target_only,False,v6,v9,support-v9,strict-selected,research,full,strict,all,23.0600567142002,12.0,12.0,12.0,12.0,12.0,12.0,12.0,12.0,12.0,12.0,12.0,12.0,0,1378,0,1.5,12.0,0,1583,35,3729,0.012138671875,0.6076696165191741,0.0,0.9990439770554493,0.0,50.60657099366492,18828,18902,605,1.0,0.05141745414118955,35,0.0,0.0,0.0,3.12,0.6325,0.9230769230769231,reflection_background,False,,False,v9 target-only mode is reserved for general weak-target scenes,10.61655,v9_target_only_block,0.0,0.0,0.0,-2.7969817724796577,0.0,0.3561264444656671,-4.611368387937546,4.8020249009132385,2.717389017343521,v6,strict,v6 adds strict raw/depth support-gated selection for v9; aligned metrics remain evaluation-only.,050_seq332,True,v9_target_only,17655,79,,0.9317578125
050_seq332,50,332,p29_v9_depth_thermal,True,phase21_fixed_rgb_canvas,phase23_crop_plus_board_residual_transform,,"[296, 103]","[280, 115]","Phase29 candidate generated from calibration files, raw RGB/LWIR/depth, Phase24 board-affine geometry, Phase25 depth projection support, and raw-only scene reliability scoring. MM5 aligned images are evaluation-only.",1.0,0.9317578125,0.9317578125,1.0,0.0,1.0,1.2629950016261862,1.7533000108412409,0.8747290372848511,1.584849238395691,0.9317578125,1.0526393834708363,1.2494629441090621,-0.22233861684799194,0.9815908670425415,0.9317578125,-0.19947081945570522,0.19171561729694644,p29_v9_depth_thermal,board_all_median_floor,affine,affine_lmeds,1496,5.984659671783447,7.825484275817871,"[[0.964242690293037, 0.13137386244365368, -26.99199754875218], [-0.06631033534806513, 0.9894192701549352, 24.920322865264623]]",3.5,2.0,5,True,False,7.0,3,0.065,calibration/def_stereocalib_THERM.yml,calibration/def_thermalcam_ori.yml,640x480,broad_generalization_raw_only_selection,broad,v9_depth_thermal,False,v6,v9,support-v9,strict-selected,research,full,strict,all,18.773802724813695,8.207567304372787,0.9212676882743835,15.493866920471191,2.8313536643981934,9.191215515136719,6.338625520467758,0.9212676882743835,11.755983352661133,2.8313536643981934,7.55081844329834,8.72524219751358,13.25939279794693,805,8892,4178,3.683789983391762,13.69300127029419,805,11855,4732,15554,0.050631510416666664,1.0,0.0,0.9992493297587132,0.0,50.976676663740044,18650,6860,2300,0.8681976227055874,0.5405589638718473,4732,0.0,0.0,0.22,1.2449409008026122,0.6325,0.9230769230769231,reflection_background,True,selector v6 selected v9_support_gated via v9_reflection_depth_thermal; raw_score delta -1.4893; adjusted score 0.3465; selection used raw RGB/LWIR/depth support gates only,True,,0.3465499999999999,v9_reflection_depth_thermal,0.0,0.0,0.0,1.4892722169068477,1.0495436766623207,1.485435966001337,1.050006091594696,3.5426321029663086,-1.0750436782836914,v6,strict,v6 adds strict raw/depth support-gated selection for v9; aligned metrics remain evaluation-only.,050_seq332,True,v9_depth_thermal,17655,79,,0.9317578125
050_seq332,50,332,p29_v9_target_silhouette,True,phase21_fixed_rgb_canvas,phase23_crop_plus_board_residual_transform,,"[296, 103]","[280, 115]","Phase29 candidate generated from calibration files, raw RGB/LWIR/depth, Phase24 board-affine geometry, Phase25 depth projection support, and raw-only scene reliability scoring. MM5 aligned images are evaluation-only.",1.0,0.9317578125,0.9317578125,1.0,0.0,1.0,1.2629950016261862,1.7533000108412409,0.8240265846252441,49.925106048583984,0.9317578125,0.7114640583807403,1.2465874003133346,-0.23732014000415802,nan,0.9317578125,-0.5136185693611095,0.15801047095365647,p29_v9_target_silhouette,board_all_median_floor,affine,affine_lmeds,1496,5.984659671783447,7.825484275817871,"[[0.964242690293037, 0.13137386244365368, -26.99199754875218], [-0.06631033534806513, 0.9894192701549352, 24.920322865264623]]",3.5,2.0,5,True,False,7.0,3,0.045,calibration/def_stereocalib_THERM.yml,calibration/def_thermalcam_ori.yml,640x480,broad_generalization_raw_only_selection,broad,v9_target_silhouette,False,v6,v9,support-v9,strict-selected,research,full,strict,all,21.309288346448902,12.0,12.0,12.0,12.0,12.0,12.0,12.0,12.0,12.0,12.0,12.0,12.0,0,1159,0,1.5,12.0,0,1374,8,1466,0.004772135416666667,0.3772169167803547,0.0,0.99945295404814,0.0,52.6028990531179,18280,20551,704,1.0,0.11308993766696349,8,0.3192447916666667,0.6911323328785814,0.0,0.0,0.6325,0.9230769230769231,reflection_background,False,,False,v9 silhouette mode is reserved for general target-contamination scenes,10.61655,v9_silhouette_block,0.0,0.0,0.0,-1.046213404728359,0.0,0.14000573011173717,-4.611368387937546,4.8020249009132385,2.717389017343521,v6,strict,v6 adds strict raw/depth support-gated selection for v9; aligned metrics remain evaluation-only.,050_seq332,True,v9_target_silhouette,17655,79,67.0,0.9317578125
050_seq332,50,332,p29_raw_shift_dx2p5_dy1p0_fill,True,phase21_fixed_rgb_canvas,phase23_crop_plus_board_residual_transform,,"[296, 103]","[280, 115]","Phase29 candidate generated from calibration files, raw RGB/LWIR/depth, Phase24 board-affine geometry, Phase25 depth projection support, and raw-only scene reliability scoring. MM5 aligned images are evaluation-only.",1.0,0.9331673177083334,0.9331673177083334,1.0,0.0,1.0,1.2629950016261862,1.7533000108412409,0.894517719745636,5.143642425537109,0.9331673177083334,1.0842845083887211,1.4708576213087194,-0.1174769327044487,0.7178389430046082,0.9331673177083334,-0.09232318044939794,0.1964052394205227,p29_raw_shift_dx2p5_dy1p0_fill,board_all_median_floor,affine,affine_lmeds,1496,5.984659671783447,7.825484275817871,"[[0.964242690293037, 0.13137386244365368, -26.99199754875218], [-0.06631033534806513, 0.9894192701549352, 24.920322865264623]]",2.5,1.0,9,True,False,3.0,2,0.1,calibration/def_stereocalib_THERM.yml,calibration/def_thermalcam_ori.yml,640x480,broad_generalization_raw_only_selection,broad,raw_shift_local,False,v6,v9,support-v9,strict-selected,research,full,strict,all,20.07444454442684,9.102072209119797,0.8477563261985779,17.356388092041016,3.9433796405792236,8.396352767944336,7.212165683507919,0.8578411936759949,13.566490173339844,3.6124343872070312,7.359021186828613,9.757150679826736,16.55800348520279,757,7515,3722,4.529407396912575,14.440850734710693,771,10427,4243,10466,0.03406901041666666,1.0,0.0,1.0,0.0,64.86681909318398,13262,6503,3517,0.8589661188136993,0.513030148185999,4243,0.0,0.0,0.22,1.3815165567398071,0.6325,0.9230769230769231,reflection_background,False,,False,raw improvement 0.1886 is below 0.6000,20.17444454442684,generic_block,-1.0,-1.0,2.0,0.18863039729370357,1.0052151238591918,0.9995224906885685,0.1764659285545349,0.24402141571044922,-0.18053877353668213,v6,strict,v6 adds strict raw/depth support-gated selection for v9; aligned metrics remain evaluation-only.,050_seq332,,,,,,
050_seq332,50,332,p29_raw_shift_dx3p5_dy1p0_fill,True,phase21_fixed_rgb_canvas,phase23_crop_plus_board_residual_transform,,"[296, 103]","[280, 115]","Phase29 candidate generated from calibration files, raw RGB/LWIR/depth, Phase24 board-affine geometry, Phase25 depth projection support, and raw-only scene reliability scoring. MM5 aligned images are evaluation-only.",1.0,0.9327799479166666,0.9327799479166666,1.0,0.0,1.0,1.2629950016261862,1.7533000108412409,0.884473443031311,5.42032527923584,0.9327799479166666,1.07432350861889,1.482480115086627,-0.1153809055685997,0.732485830783844,0.9327799479166666,-0.09072758899412645,0.19365487706117554,p29_raw_shift_dx3p5_dy1p0_fill,board_all_median_floor,affine,affine_lmeds,1496,5.984659671783447,7.825484275817871,"[[0.964242690293037, 0.13137386244365368, -26.99199754875218], [-0.06631033534806513, 0.9894192701549352, 24.920322865264623]]",3.5,1.0,9,True,False,3.0,2,0.1,calibration/def_stereocalib_THERM.yml,calibration/def_thermalcam_ori.yml,640x480,broad_generalization_raw_only_selection,broad,raw_shift_local,False,v6,v9,support-v9,strict-selected,research,full,strict,all,20.179605514354073,9.190306097269058,0.9329460263252258,17.44766616821289,3.751441240310669,8.322184562683105,7.312956124544144,0.9452024102210999,13.680709838867188,3.4283273220062256,7.335601806640625,10.062600672245026,16.673868238925934,754,7537,3776,4.545817032456398,14.256525039672852,768,10426,4297,10461,0.034052734375,1.0,0.0,1.0,0.0,64.89625448877372,13262,6542,3563,0.8614341972708124,0.5111111111111111,4297,0.0,0.0,0.22,1.341034188270569,0.6325,0.9230769230769231,reflection_background,False,,False,raw improvement 0.0835 is below 0.6000,20.229605514354073,generic_block,0.0,-1.0,1.0,0.08346942736647023,1.001303780964798,0.9990449813771368,0.07567548751831055,0.1281566619873047,-0.09230488538742065,v6,strict,v6 adds strict raw/depth support-gated selection for v9; aligned metrics remain evaluation-only.,050_seq332,,,,,,
050_seq332,50,332,p29_raw_shift_dx4p5_dy1p0_fill,True,phase21_fixed_rgb_canvas,phase23_crop_plus_board_residual_transform,,"[296, 103]","[280, 115]","Phase29 candidate generated from calibration files, raw RGB/LWIR/depth, Phase24 board-affine geometry, Phase25 depth projection support, and raw-only scene reliability scoring. MM5 aligned images are evaluation-only.",1.0,0.9323665364583333,0.9323665364583333,1.0,0.0,1.0,1.2629950016261862,1.7533000108412409,0.8735713958740234,5.7087883949279785,0.9323665364583333,1.0631593487777786,1.492271221822154,-0.114300437271595,0.747465193271637,0.9323665364583333,-0.09015394054569809,0.19087525257017832,p29_raw_shift_dx4p5_dy1p0_fill,board_all_median_floor,affine,affine_lmeds,1496,5.984659671783447,7.825484275817871,"[[0.964242690293037, 0.13137386244365368, -26.99199754875218], [-0.06631033534806513, 0.9894192701549352, 24.920322865264623]]",4.5,1.0,9,True,False,3.0,2,0.1,calibration/def_stereocalib_THERM.yml,calibration/def_thermalcam_ori.yml,640x480,broad_generalization_raw_only_selection,broad,raw_shift_local,False,v6,v9,support-v9,strict-selected,research,full,strict,all,20.171650807198372,9.201193124055862,0.9795404076576233,17.4228458404541,3.548039197921753,8.266578674316406,7.354340761899948,0.9939283728599548,13.714753150939941,3.233311414718628,7.273980140686035,10.062600672245026,16.805529236793518,754,7564,3828,4.548234671354294,14.009000301361084,768,10428,4350,10465,0.03406575520833333,1.0,0.0,1.0,0.0,64.92770962499243,13262,6570,3559,0.8646176362971094,0.5062452204945195,4350,0.0,0.0,0.22,1.299973349571228,0.6325,0.9230769230769231,reflection_background,False,,False,raw improvement 0.0914 is below 0.6000,20.271650807198373,generic_block,1.0,-1.0,2.0,0.09142413452217113,1.001303780964798,0.9994269888262821,0.034290850162506104,-0.003504335880279541,-0.08141785860061646,v6,strict,v6 adds strict raw/depth support-gated selection for v9; aligned metrics remain evaluation-only.,050_seq332,,,,,,
050_seq332,50,332,p29_raw_shift_dx2p5_dy2p0_fill,True,phase21_fixed_rgb_canvas,phase23_crop_plus_board_residual_transform,,"[296, 103]","[280, 115]","Phase29 candidate generated from calibration files, raw RGB/LWIR/depth, Phase24 board-affine geometry, Phase25 depth projection support, and raw-only scene reliability scoring. MM5 aligned images are evaluation-only.",1.0,0.9321451822916667,0.9321451822916667,1.0,0.0,1.0,1.2629950016261862,1.7533000108412409,0.8960219621658325,5.4744110107421875,0.9321451822916667,1.0830051797123306,1.4655312240730076,-0.11469217389822006,0.7610533237457275,0.9321451822916667,-0.08955852103739323,0.19799981868867464,p29_raw_shift_dx2p5_dy2p0_fill,board_all_median_floor,affine,affine_lmeds,1496,5.984659671783447,7.825484275817871,"[[0.964242690293037, 0.13137386244365368, -26.99199754875218], [-0.06631033534806513, 0.9894192701549352, 24.920322865264623]]",2.5,2.0,9,True,False,3.0,2,0.1,calibration/def_stereocalib_THERM.yml,calibration/def_thermalcam_ori.yml,640x480,broad_generalization_raw_only_selection,broad,raw_shift_local,False,v6,v9,support-v9,strict-selected,research,full,strict,all,20.182952419118287,9.22327771782875,0.9023526310920715,17.54420280456543,3.7363712787628174,8.0902738571167,7.309245944023132,0.9051673412322998,13.713324546813965,3.413285255432129,7.093118190765381,10.062600672245026,16.68440157175064,756,7609,3709,4.5851321667432785,13.945799827575684,770,10603,4233,10474,0.034095052083333334,1.0,0.0,1.0,0.0,64.85021080897978,13262,6674,3553,0.8578250292819173,0.5183955033214103,4233,0.0,0.0,0.22,1.319768738746643,0.6325,0.9230769230769231,reflection_background,False,,False,raw improvement 0.0801 is below 0.6000,20.232952419118288,generic_block,-1.0,0.0,1.0,0.08012252260225594,1.0039113428943938,1.000286505586859,0.0793856680393219,0.11762332916259766,-0.05933326482772827,v6,strict,v6 adds strict raw/depth support-gated selection for v9; aligned metrics remain evaluation-only.,050_seq332,,,,,,
050_seq332,50,332,p29_raw_shift_dx4p5_dy2p0_fill,True,phase21_fixed_rgb_canvas,phase23_crop_plus_board_residual_transform,,"[296, 103]","[280, 115]","Phase29 candidate generated from calibration files, raw RGB/LWIR/depth, Phase24 board-affine geometry, Phase25 depth projection support, and raw-only scene reliability scoring. MM5 aligned images are evaluation-only.",1.0,0.9313444010416667,0.9313444010416667,1.0,0.0,1.0,1.2629950016261862,1.7533000108412409,0.8734742403030396,5.752229690551758,0.9313444010416667,1.0611571628016367,1.4813086709460517,-0.11181129515171051,0.7959997057914734,0.9313444010416667,-0.08767084783563922,0.19277630367213414,p29_raw_shift_dx4p5_dy2p0_fill,board_all_median_floor,affine,affine_lmeds,1496,5.984659671783447,7.825484275817871,"[[0.964242690293037, 0.13137386244365368, -26.99199754875218], [-0.06631033534806513, 0.9894192701549352, 24.920322865264623]]",4.5,2.0,9,True,False,3.0,2,0.1,calibration/def_stereocalib_THERM.yml,calibration/def_thermalcam_ori.yml,640x480,broad_generalization_raw_only_selection,broad,raw_shift_local,False,v6,v9,support-v9,strict-selected,research,full,strict,all,20.306701806637488,9.298308551311493,1.0021556615829468,17.59446144104004,3.3666892051696777,8.005373001098633,7.441150367259979,0.9999631643295288,13.88233757019043,3.0633180141448975,7.045011043548584,10.125799715518951,17.02145540714264,759,7649,3816,4.6125220358371735,13.484451293945312,773,10598,4340,10477,0.03410481770833333,1.0,0.0,1.0,0.0,64.91129151058136,13262,6747,3642,0.8670265407107512,0.5149120570991588,4340,0.0,0.0,0.22,1.2464338970184325,0.6325,0.9230769230769231,reflection_background,False,,False,raw improvement -0.0436 is below 0.6000,20.35670180663749,generic_block,1.0,0.0,1.0,-0.043626864916944896,1.0078226857887875,1.0005730111737179,-0.052518755197525024,-0.21943050622940063,0.015697568655014038,v6,strict,v6 adds strict raw/depth support-gated selection for v9; aligned metrics remain evaluation-only.,050_seq332,,,,,,
050_seq332,50,332,p29_raw_shift_dx2p5_dy3p0_fill,True,phase21_fixed_rgb_canvas,phase23_crop_plus_board_residual_transform,,"[296, 103]","[280, 115]","Phase29 candidate generated from calibration files, raw RGB/LWIR/depth, Phase24 board-affine geometry, Phase25 depth projection support, and raw-only scene reliability scoring. MM5 aligned images are evaluation-only.",1.0,0.9310774739583333,0.9310774739583333,1.0,0.0,1.0,1.2629950016261862,1.7533000108412409,0.8867610096931458,5.83729362487793,0.9310774739583333,1.0689196030667265,1.4478823674856562,-0.11210959404706955,0.9135445356369019,0.9310774739583333,-0.08795180265592185,0.19759372403312744,p29_raw_shift_dx2p5_dy3p0_fill,board_all_median_floor,affine,affine_lmeds,1496,5.984659671783447,7.825484275817871,"[[0.964242690293037, 0.13137386244365368, -26.99199754875218], [-0.06631033534806513, 0.9894192701549352, 24.920322865264623]]",2.5,3.0,9,True,False,3.0,2,0.1,calibration/def_stereocalib_THERM.yml,calibration/def_thermalcam_ori.yml,640x480,broad_generalization_raw_only_selection,broad,raw_shift_local,False,v6,v9,support-v9,strict-selected,research,full,strict,all,20.231746280332707,9.306903392076492,0.9512644410133362,17.66254234313965,3.5477213859558105,7.862881183624268,7.416237145662308,0.9381299614906311,13.894344329833984,3.230201005935669,6.894316673278809,10.062600672245026,16.793249189853668,753,7722,3698,4.588978543877602,13.485850811004639,767,10751,4220,10477,0.03410481770833333,1.0,0.0,1.0,0.0,64.84574484420946,13262,6559,3577,0.8649440596696857,0.5252938170669392,4220,0.0,0.0,0.22,1.2676203441619873,0.6325,0.9230769230769231,reflection_background,False,,False,raw improvement 0.0313 is below 0.6000,20.33174628033271,generic_block,-1.0,1.0,2.0,0.03132866138783541,1.0,1.0005730111737179,-0.027605533599853516,0.008775711059570312,0.024292409420013428,v6,strict,v6 adds strict raw/depth support-gated selection for v9; aligned metrics remain evaluation-only.,050_seq332,,,,,,
050_seq332,50,332,p29_raw_shift_dx3p5_dy3p0_fill,True,phase21_fixed_rgb_canvas,phase23_crop_plus_board_residual_transform,,"[296, 103]","[280, 115]","Phase29 candidate generated from calibration files, raw RGB/LWIR/depth, Phase24 board-affine geometry, Phase25 depth projection support, and raw-only scene reliability scoring. MM5 aligned images are evaluation-only.",1.0,0.9306901041666666,0.9306901041666666,1.0,0.0,1.0,1.2629950016261862,1.7533000108412409,0.8760223388671875,5.863849639892578,0.9306901041666666,1.0585696641583335,1.4515361542033438,-0.11140155792236328,0.9192181825637817,0.9306901041666666,-0.0876064341600866,0.19540288571772915,p29_raw_shift_dx3p5_dy3p0_fill,board_all_median_floor,affine,affine_lmeds,1496,5.984659671783447,7.825484275817871,"[[0.964242690293037, 0.13137386244365368, -26.99199754875218], [-0.06631033534806513, 0.9894192701549352, 24.920322865264623]]",3.5,3.0,9,True,False,3.0,2,0.1,calibration/def_stereocalib_THERM.yml,calibration/def_thermalcam_ori.yml,640x480,broad_generalization_raw_only_selection,broad,raw_shift_local,False,v6,v9,support-v9,strict-selected,research,full,strict,all,20.34299502810341,9.396292805671692,0.9725687503814697,17.820016860961914,3.3422672748565674,7.7181715965271,7.532949507236481,0.95478355884552,14.111115455627441,3.03100848197937,6.799891948699951,10.269751131534576,17.081150114536285,747,7737,3751,4.6336308270692825,13.117200374603271,761,10744,4276,10478,0.03410807291666667,1.0,0.0,1.0,0.0,64.8756772729474,13262,6601,3637,0.8695536190645563,0.5218390804597701,4276,0.0,0.0,0.22,1.21906183719635,0.6325,0.9230769230769231,reflection_background,False,,False,raw improvement -0.0799 is below 0.6000,20.39299502810341,generic_block,0.0,1.0,1.0,-0.07992008638286663,0.9921773142112125,1.0006685130360042,-0.1443178951740265,-0.2791252136230469,0.11368182301521301,v6,strict,v6 adds strict raw/depth support-gated selection for v9; aligned metrics remain evaluation-only.,050_seq332,,,,,,
050_seq332,50,332,p29_raw_shift_dx4p5_dy3p0_fill,True,phase21_fixed_rgb_canvas,phase23_crop_plus_board_residual_transform,,"[296, 103]","[280, 115]","Phase29 candidate generated from calibration files, raw RGB/LWIR/depth, Phase24 board-affine geometry, Phase25 depth projection support, and raw-only scene reliability scoring. MM5 aligned images are evaluation-only.",1.0,0.9302766927083334,0.9302766927083334,1.0,0.0,1.0,1.2629950016261862,1.7533000108412409,0.8639921545982361,6.065908432006836,0.9302766927083334,1.046123695166968,1.4568466077384856,-0.11004357039928436,0.9077441692352295,0.9302766927083334,-0.08649827034402448,0.19327843380447507,p29_raw_shift_dx4p5_dy3p0_fill,board_all_median_floor,affine,affine_lmeds,1496,5.984659671783447,7.825484275817871,"[[0.964242690293037, 0.13137386244365368, -26.99199754875218], [-0.06631033534806513, 0.9894192701549352, 24.920322865264623]]",4.5,3.0,9,True,False,3.0,2,0.1,calibration/def_stereocalib_THERM.yml,calibration/def_thermalcam_ori.yml,640x480,broad_generalization_raw_only_selection,broad,raw_shift_local,False,v6,v9,support-v9,strict-selected,research,full,strict,all,20.269430135445436,9.308618545532227,1.0152950286865234,17.60194206237793,3.189664125442505,7.652595520019531,7.4754520654678345,0.9986011981964111,13.952302932739258,2.8935298919677734,6.735785484313965,10.134916841983795,17.024969696998596,760,7757,3802,4.589408904314041,12.846849918365479,774,10741,4329,10486,0.03413411458333333,1.0,0.0,1.0,0.0,64.90742544778657,13262,6633,3669,0.8720661450924608,0.5195003823604385,4329,0.0,0.0,0.22,1.1863471841812134,0.6325,0.9230769230769231,reflection_background,False,,False,raw improvement -0.0064 is below 0.6000,20.369430135445437,generic_block,1.0,1.0,2.0,-0.006355193724893127,1.0091264667535853,1.0014325279342948,-0.08682045340538025,-0.22294479608535767,0.02600756287574768,v6,strict,v6 adds strict raw/depth support-gated selection for v9; aligned metrics remain evaluation-only.,050_seq332,,,,,,
050_seq332,50,332,p29_raw_shift_dx3p0_dy2p0_fill,True,phase21_fixed_rgb_canvas,phase23_crop_plus_board_residual_transform,,"[296, 103]","[280, 115]","Phase29 candidate generated from calibration files, raw RGB/LWIR/depth, Phase24 board-affine geometry, Phase25 depth projection support, and raw-only scene reliability scoring. MM5 aligned images are evaluation-only.",1.0,0.9317578125,0.9317578125,1.0,0.0,1.0,1.2629950016261862,1.7533000108412409,0.8883547782897949,5.981429576873779,0.9317578125,1.0714481564151455,1.4598797039106215,-0.11592332273721695,0.7612390518188477,0.9317578125,-0.09091430475037343,0.1971763486517107,p29_raw_shift_dx3p0_dy2p0_fill,board_all_median_floor,affine,affine_lmeds,1496,5.984659671783447,7.825484275817871,"[[0.964242690293037, 0.13137386244365368, -26.99199754875218], [-0.06631033534806513, 0.9894192701549352, 24.920322865264623]]",3.0,2.0,9,True,False,3.0,2,0.1,calibration/def_stereocalib_THERM.yml,calibration/def_thermalcam_ori.yml,640x480,broad_generalization_raw_only_selection,broad,raw_shift_local,False,v6,v9,support-v9,strict-selected,research,full,strict,all,20.179260011277982,9.26058641076088,0.8945382237434387,17.62663459777832,3.3236618041992188,8.078989028930664,7.38117641210556,0.8935755491256714,13.86877727508545,2.96559739112854,7.097881317138672,9.96430018544197,16.810799658298492,748,7705,3758,4.582109913229942,13.53817367553711,762,10740,4294,10815,0.035205078125,1.0,0.0,1.0,0.0,64.4509543575302,13786,6896,3510,0.8607572383073496,0.500251256281407,4294,0.0,0.0,0.22,1.2445782470703124,0.6325,0.9230769230769231,reflection_background,False,,False,raw improvement 0.0838 is below 0.6000,20.20426001127798,generic_block,-0.5,0.0,0.5,0.08381493044256061,0.9934810951760105,1.0328526406264922,0.007455199956893921,-0.008774757385253906,-0.022024571895599365,v6,strict,v6 adds strict raw/depth support-gated selection for v9; aligned metrics remain evaluation-only.,050_seq332,,,,,,
050_seq332,50,332,p29_raw_shift_dx4p0_dy2p0_fill,True,phase21_fixed_rgb_canvas,phase23_crop_plus_board_residual_transform,,"[296, 103]","[280, 115]","Phase29 candidate generated from calibration files, raw RGB/LWIR/depth, Phase24 board-affine geometry, Phase25 depth projection support, and raw-only scene reliability scoring. MM5 aligned images are evaluation-only.",1.0,0.9313444010416667,0.9313444010416667,1.0,0.0,1.0,1.2629950016261862,1.7533000108412409,0.8772541880607605,6.137872695922852,0.9313444010416667,1.060435175669058,1.4667214918922304,-0.11496493965387344,0.7795913219451904,0.9313444010416667,-0.09050630824249806,0.19424119562031023,p29_raw_shift_dx4p0_dy2p0_fill,board_all_median_floor,affine,affine_lmeds,1496,5.984659671783447,7.825484275817871,"[[0.964242690293037, 0.13137386244365368, -26.99199754875218], [-0.06631033534806513, 0.9894192701549352, 24.920322865264623]]",4.0,2.0,9,True,False,3.0,2,0.1,calibration/def_stereocalib_THERM.yml,calibration/def_thermalcam_ori.yml,640x480,broad_generalization_raw_only_selection,broad,raw_shift_local,False,v6,v9,support-v9,strict-selected,research,full,strict,all,20.240245675472018,9.279132097959518,0.95626300573349,17.602001190185547,3.17930006980896,8.007400512695312,7.439013093709946,0.9525958895683289,13.925430297851562,2.8309385776519775,6.993393421173096,10.234650194644928,16.82308202981949,742,7724,3797,4.545889511704445,13.22322416305542,756,10744,4352,10813,0.035198567708333336,1.0,0.0,1.0,0.0,64.48056180071464,13786,6927,3575,0.8662811387900355,0.49636682535705334,4352,0.0,0.0,0.22,1.2128660535812377,0.6325,0.9230769230769231,reflection_background,False,,False,raw improvement 0.0228 is below 0.6000,20.265245675472016,generic_block,0.5,0.0,0.5,0.022829266248525215,0.9856584093872229,1.0326616369019195,-0.050381481647491455,-0.02105712890625,-0.0034788846969604492,v6,strict,v6 adds strict raw/depth support-gated selection for v9; aligned metrics remain evaluation-only.,050_seq332,,,,,,
050_seq332,50,332,p29_raw_shift_dx3p5_dy1p5_fill,True,phase21_fixed_rgb_canvas,phase23_crop_plus_board_residual_transform,,"[296, 103]","[280, 115]","Phase29 candidate generated from calibration files, raw RGB/LWIR/depth, Phase24 board-affine geometry, Phase25 depth projection support, and raw-only scene reliability scoring. MM5 aligned images are evaluation-only.",1.0,0.9327799479166666,0.9327799479166666,1.0,0.0,1.0,1.2629950016261862,1.7533000108412409,0.8848919868469238,5.422754287719727,0.9327799479166666,1.0751877965326526,1.4855489027469815,-0.11063682287931442,0.7256246209144592,0.9327799479166666,-0.08537705992153372,0.19742340455511648,p29_raw_shift_dx3p5_dy1p5_fill,board_all_median_floor,affine,affine_lmeds,1496,5.984659671783447,7.825484275817871,"[[0.964242690293037, 0.13137386244365368, -26.99199754875218], [-0.06631033534806513, 0.9894192701549352, 24.920322865264623]]",3.5,1.5,9,True,False,3.0,2,0.1,calibration/def_stereocalib_THERM.yml,calibration/def_thermalcam_ori.yml,640x480,broad_generalization_raw_only_selection,broad,raw_shift_local,False,v6,v9,support-v9,strict-selected,research,full,strict,all,20.08596144291446,9.128242909908295,0.8847149610519409,17.37177085876465,3.579634189605713,8.10900592803955,7.283576279878616,0.8899293541908264,13.677223205566406,3.2772409915924072,7.116170406341553,9.964299738407135,16.698440611362457,754,7643,3798,4.519276782870293,13.807111263275146,766,10590,4321,10676,0.034752604166666666,1.0,0.0,1.0,0.0,64.58566503368685,13495,6576,3582,0.8619848156182213,0.4948557089084065,4321,0.0,0.0,0.22,1.2930546283721922,0.6325,0.9230769230769231,reflection_background,False,,False,raw improvement 0.1771 is below 0.6000,20.11096144291446,generic_block,0.0,-0.5,0.5,0.17711349880608296,0.9986962190352021,1.0195778817686945,0.10505533218383789,0.10358428955078125,-0.1543680727481842,v6,strict,v6 adds strict raw/depth support-gated selection for v9; aligned metrics remain evaluation-only.,050_seq332,,,,,,
050_seq332,50,332,p29_raw_shift_dx3p5_dy2p5_fill,True,phase21_fixed_rgb_canvas,phase23_crop_plus_board_residual_transform,,"[296, 103]","[280, 115]","Phase29 candidate generated from calibration files, raw RGB/LWIR/depth, Phase24 board-affine geometry, Phase25 depth projection support, and raw-only scene reliability scoring. MM5 aligned images are evaluation-only.",1.0,0.9317578125,0.9317578125,1.0,0.0,1.0,1.2629950016261862,1.7533000108412409,0.8805100917816162,5.726370334625244,0.9317578125,1.066535049069383,1.4692211953034542,-0.1085214763879776,0.8202778697013855,0.9317578125,-0.08375909835562416,0.19789363500374504,p29_raw_shift_dx3p5_dy2p5_fill,board_all_median_floor,affine,affine_lmeds,1496,5.984659671783447,7.825484275817871,"[[0.964242690293037, 0.13137386244365368, -26.99199754875218], [-0.06631033534806513, 0.9894192701549352, 24.920322865264623]]",3.5,2.5,9,True,False,3.0,2,0.1,calibration/def_stereocalib_THERM.yml,calibration/def_thermalcam_ori.yml,640x480,broad_generalization_raw_only_selection,broad,raw_shift_local,False,v6,v9,support-v9,strict-selected,research,full,strict,all,20.43448576195351,9.432457894086838,0.9465789198875427,17.918336868286133,3.374521493911743,7.9390153884887695,7.552285224199295,0.9375916123390198,14.16697883605957,3.073859691619873,6.966531276702881,10.269751131534576,17.098701536655426,741,7742,3785,4.654848054051399,13.341899871826172,753,10753,4310,10686,0.03478515625,1.0,0.0,1.0,0.0,64.56922529344367,13495,6750,3644,0.8674023315831627,0.5121706398996236,4310,0.0,0.0,0.22,1.2425350999832152,0.6325,0.9230769230769231,reflection_background,False,,False,raw improvement -0.1714 is below 0.6000,20.45948576195351,generic_block,0.0,0.5,0.5,-0.1714108202329676,0.9817470664928292,1.0205329003915575,-0.16365361213684082,-0.2966766357421875,0.1498469114303589,v6,strict,v6 adds strict raw/depth support-gated selection for v9; aligned metrics remain evaluation-only.,050_seq332,,,,,,
100_seq382,100,382,p29_baseline,True,phase21_fixed_rgb_canvas,phase24_affine_lwir_subpixel_shift_depth_fill_then_morph_close,,"[296, 103]","[280, 115]","Phase29 candidate generated from calibration files, raw RGB/LWIR/depth, Phase24 board-affine geometry, Phase25 depth projection support, and raw-only scene reliability scoring. MM5 aligned images are evaluation-only.",1.0,0.9317578125,0.9317578125,0.957868218421936,0.2937450408935547,1.0,1.115765608290496,1.0643990674261423,0.9237217903137207,1.743019938468933,0.9317578125,1.0916083805254788,1.188964732283811,-0.044497426599264145,0.9782284498214722,0.9317578125,-0.03683242548583945,0.09022914541569019,p29_baseline,board_all_median_floor,affine,affine_lmeds,1496,5.984659671783447,7.825484275817871,"[[0.964242690293037, 0.13137386244365368, -26.99199754875218], [-0.06631033534806513, 0.9894192701549352, 24.920322865264623]]",3.5,2.0,9,True,False,3.0,2,0.1,calibration/def_stereocalib_THERM.yml,calibration/def_thermalcam_ori.yml,640x480,broad_generalization_raw_only_selection,broad,baseline,False,v6,v9,support-v9,strict-selected,research,full,strict,all,12.61447493850533,3.254743367433548,0.7856946587562561,5.72379207611084,24.100778579711914,4.898946762084961,2.7667346596717834,0.5809832811355591,4.952486038208008,24.296833038330078,3.7413957118988037,3.2793000042438507,7.162499964237213,1585,8724,1925,0.7786336988210678,32.1083607673645,1747,10911,2266,11935,0.03885091145833333,0.9862589023879347,0.0,0.9589580082762363,0.0,67.98854560419042,14741,2261,2325,0.6187759336099585,0.5431965442764579,2266,0.0,0.0,0.0,2.551915740966797,0.6325,0.9230769230769231,reflection_background,True,selector v6 retained baseline; best raw improvement 0.3057; safety filters rejected candidates (p29_depth_conservative: depth/reflection/edge guard candidates are diagnostic-only by default; p29_reflection_guard: depth/reflection/edge guard candidates are diagnostic-only by default; p29_small_target_guard: raw improvement -0.0891 is below 0.6500; +18 more rejected),True,,12.61447493850533,v6_baseline,0.0,0.0,0.0,0.0,1.0,1.0,0.0,0.0,0.0,v6,strict,v6 baseline row; aligned metrics are not used for selection.,100_seq382,,,,,,
100_seq382,100,382,p29_depth_conservative,True,phase21_fixed_rgb_canvas,phase23_crop_plus_board_residual_transform,,"[296, 103]","[280, 115]","Phase29 candidate generated from calibration files, raw RGB/LWIR/depth, Phase24 board-affine geometry, Phase25 depth projection support, and raw-only scene reliability scoring. MM5 aligned images are evaluation-only.",1.0,0.9317578125,0.9317578125,0.957868218421936,0.2937450408935547,1.0,1.115765608290496,1.0643990674261423,0.9234814047813416,1.8389089107513428,0.9317578125,1.0908390721708687,1.1892741390269008,-0.045940957963466644,0.9683141708374023,0.9317578125,-0.038215945209304714,0.0902326518612423,p29_depth_conservative,board_all_median_floor,affine,affine_lmeds,1496,5.984659671783447,7.825484275817871,"[[0.964242690293037, 0.13137386244365368, -26.99199754875218], [-0.06631033534806513, 0.9894192701549352, 24.920322865264623]]",3.5,2.0,9,False,False,4.0,3,0.075,calibration/def_stereocalib_THERM.yml,calibration/def_thermalcam_ori.yml,640x480,broad_generalization_raw_only_selection,broad,depth_conservative,False,v6,v9,support-v9,strict-selected,research,full,strict,all,12.603046229361453,3.2099237143993378,0.7600674033164978,5.659780025482178,23.564315795898438,4.795541763305664,2.7993271946907043,0.585879921913147,5.012774467468262,23.877164840698242,3.7994062900543213,3.342500001192093,7.162499964237213,1467,8355,1868,0.7012215107679367,32.27899789810181,1625,10596,2178,11251,0.03662434895833333,0.9907563772109146,0.0,0.9589580082762363,0.0,67.98854560419042,14741,2945,2288,0.6250557687159811,0.5236486486486487,2178,0.0,0.0,0.0,2.5436433410644534,0.6325,0.9230769230769231,reflection_background,False,,False,depth/reflection/edge guard candidates are diagnostic-only by default,12.603046229361453,diagnostic_guard_block,0.0,0.0,0.0,0.011428709143876503,0.9301659988551803,0.9426895684960201,-0.0325925350189209,0.0,-0.044819653034210205,v6,strict,v6 adds strict raw/depth support-gated selection for v9; aligned metrics remain evaluation-only.,100_seq382,,,,,,
100_seq382,100,382,p29_reflection_guard,True,phase21_fixed_rgb_canvas,phase23_crop_plus_board_residual_transform,,"[296, 103]","[280, 115]","Phase29 candidate generated from calibration files, raw RGB/LWIR/depth, Phase24 board-affine geometry, Phase25 depth projection support, and raw-only scene reliability scoring. MM5 aligned images are evaluation-only.",1.0,0.9317578125,0.9317578125,0.957868218421936,0.2937450408935547,1.0,1.115765608290496,1.0643990674261423,0.9234814047813416,1.8389089107513428,0.9317578125,1.0908390721708687,1.1892741390269008,-0.045940957963466644,0.9683141708374023,0.9317578125,-0.038215945209304714,0.0902326518612423,p29_reflection_guard,board_all_median_floor,affine,affine_lmeds,1496,5.984659671783447,7.825484275817871,"[[0.964242690293037, 0.13137386244365368, -26.99199754875218], [-0.06631033534806513, 0.9894192701549352, 24.920322865264623]]",3.5,2.0,9,False,False,4.5,3,0.055,calibration/def_stereocalib_THERM.yml,calibration/def_thermalcam_ori.yml,640x480,broad_generalization_raw_only_selection,broad,reflection_guard,False,v6,v9,support-v9,strict-selected,research,full,strict,all,12.600022416939787,3.2099237143993378,0.7600674033164978,5.659780025482178,23.564315795898438,4.795541763305664,2.7993271946907043,0.585879921913147,5.012774467468262,23.877164840698242,3.7994062900543213,3.342500001192093,7.162499964237213,1467,8355,1868,0.7012215107679367,32.27899789810181,1625,10596,2178,11260,0.03665364583333333,0.9907637655417407,0.0,0.9589580082762363,0.0,67.98854560419042,14741,2936,2311,0.6250557687159811,0.5103034844511053,2178,0.0,0.0,0.0,2.5436433410644534,0.6325,0.9230769230769231,reflection_background,False,,False,depth/reflection/edge guard candidates are diagnostic-only by default,12.600022416939787,diagnostic_guard_block,0.0,0.0,0.0,0.014452521565543108,0.9301659988551803,0.9434436531210725,-0.0325925350189209,0.0,-0.044819653034210205,v6,strict,v6 adds strict raw/depth support-gated selection for v9; aligned metrics remain evaluation-only.,100_seq382,,,,,,
100_seq382,100,382,p29_small_target_guard,True,phase21_fixed_rgb_canvas,phase23_crop_plus_board_residual_transform,,"[296, 103]","[280, 115]","Phase29 candidate generated from calibration files, raw RGB/LWIR/depth, Phase24 board-affine geometry, Phase25 depth projection support, and raw-only scene reliability scoring. MM5 aligned images are evaluation-only.",1.0,0.9317578125,0.9317578125,0.957868218421936,0.2937450408935547,1.0,1.115765608290496,1.0643990674261423,0.9234960675239563,1.6707968711853027,0.9317578125,1.0908296744186008,1.1823892541450434,-0.04636625945568085,1.0040074586868286,0.9317578125,-0.039108664691635375,0.0885442634411096,p29_small_target_guard,board_all_median_floor,affine,affine_lmeds,1496,5.984659671783447,7.825484275817871,"[[0.964242690293037, 0.13137386244365368, -26.99199754875218], [-0.06631033534806513, 0.9894192701549352, 24.920322865264623]]",3.5,2.0,5,True,False,3.0,2,0.065,calibration/def_stereocalib_THERM.yml,calibration/def_thermalcam_ori.yml,640x480,broad_generalization_raw_only_selection,broad,small_target_guard,False,v6,v9,support-v9,strict-selected,research,full,strict,all,12.703588647437257,3.342826634645462,0.8316441178321838,5.85400915145874,22.40081214904785,4.791604995727539,2.752223879098892,0.5904424786567688,4.914005279541016,23.043476104736328,3.7529664039611816,3.342500001192093,7.162499964237213,1715,8724,1925,0.8812277466058731,31.471474647521973,1824,10911,2266,11935,0.03885091145833333,0.9862589023879347,0.0,0.9588882848600163,0.0,68.26814733648625,14716,2247,2325,0.6229974160206718,0.5457163426925846,2266,0.0,0.0,0.0,2.5433283996582032,0.6325,0.9230769230769231,reflection_background,False,,False,raw improvement -0.0891 is below 0.6500,12.923588647437258,small_target_guard_block,0.0,0.0,0.0,-0.0891137089319276,1.0440755580995993,1.0,0.014510780572891235,0.0,0.08808326721191406,v6,strict,v6 adds strict raw/depth support-gated selection for v9; aligned metrics remain evaluation-only.,100_seq382,,,,,,
100_seq382,100,382,p29_edge_contamination_guard,True,phase21_fixed_rgb_canvas,phase23_crop_plus_board_residual_transform,,"[296, 103]","[280, 115]","Phase29 candidate generated from calibration files, raw RGB/LWIR/depth, Phase24 board-affine geometry, Phase25 depth projection support, and raw-only scene reliability scoring. MM5 aligned images are evaluation-only.",1.0,0.9317578125,0.9317578125,0.957868218421936,0.2937450408935547,1.0,1.115765608290496,1.0643990674261423,0.9234814047813416,1.8389089107513428,0.9317578125,1.0908390721708687,1.1892741390269008,-0.045940957963466644,0.9683141708374023,0.9317578125,-0.038215945209304714,0.0902326518612423,p29_edge_contamination_guard,board_all_median_floor,affine,affine_lmeds,1496,5.984659671783447,7.825484275817871,"[[0.964242690293037, 0.13137386244365368, -26.99199754875218], [-0.06631033534806513, 0.9894192701549352, 24.920322865264623]]",3.5,2.0,9,False,False,4.0,3,0.08,calibration/def_stereocalib_THERM.yml,calibration/def_thermalcam_ori.yml,640x480,broad_generalization_raw_only_selection,broad,edge_contamination_guard,False,v6,v9,support-v9,strict-selected,research,full,strict,all,12.600135713075936,3.2099237143993378,0.7600674033164978,5.659780025482178,23.564315795898438,4.795541763305664,2.7993271946907043,0.585879921913147,5.012774467468262,23.877164840698242,3.7994062900543213,3.342500001192093,7.162499964237213,1467,8355,1868,0.7012215107679367,32.27899789810181,1625,10596,2178,11260,0.03665364583333333,0.9907637655417407,0.0,0.9589580082762363,0.0,67.98854560419042,14741,2936,2287,0.6250557687159811,0.5228978978978979,2178,0.0,0.0,0.0,2.5436433410644534,0.6325,0.9230769230769231,reflection_background,False,,False,depth/reflection/edge guard candidates are diagnostic-only by default,12.600135713075936,diagnostic_guard_block,0.0,0.0,0.0,0.01433922542939392,0.9301659988551803,0.9434436531210725,-0.0325925350189209,0.0,-0.044819653034210205,v6,strict,v6 adds strict raw/depth support-gated selection for v9; aligned metrics remain evaluation-only.,100_seq382,,,,,,
100_seq382,100,382,p29_v9_support_gated,True,phase21_fixed_rgb_canvas,phase23_crop_plus_board_residual_transform,,"[296, 103]","[280, 115]","Phase29 candidate generated from calibration files, raw RGB/LWIR/depth, Phase24 board-affine geometry, Phase25 depth projection support, and raw-only scene reliability scoring. MM5 aligned images are evaluation-only.",1.0,0.9317578125,0.9317578125,0.957868218421936,0.2937450408935547,1.0,1.115765608290496,1.0643990674261423,0.9170125722885132,1.9610402584075928,0.9317578125,1.0525952792181936,0.9823263232008408,-0.049930550158023834,0.9400832056999207,0.9317578125,-0.04591003909761153,0.06440673529741217,p29_v9_support_gated,board_all_median_floor,affine,affine_lmeds,1496,5.984659671783447,7.825484275817871,"[[0.964242690293037, 0.13137386244365368, -26.99199754875218], [-0.06631033534806513, 0.9894192701549352, 24.920322865264623]]",3.5,2.0,5,True,False,7.0,3,0.075,calibration/def_stereocalib_THERM.yml,calibration/def_thermalcam_ori.yml,640x480,broad_generalization_raw_only_selection,broad,v9_support_gated,False,v6,v9,support-v9,strict-selected,research,full,strict,all,19.287568688045702,3.925919771194458,2.0250988006591797,5.826740741729736,10.624863624572754,4.147101402282715,3.56713330745697,2.0512983798980713,5.082968235015869,10.718341827392578,3.7611277103424072,3.7567999958992004,9.153249979019165,4035,16221,6588,1.147098958492279,24.2998309135437,4183,19937,7374,25152,0.081875,0.579675572519084,0.0,0.967261062364374,0.0,125.20880128887522,31797,5014,4098,0.6412631008312252,0.4502130956993413,7374,2.1374999999999993,0.0,0.22,2.244243564605713,0.6325,0.9230769230769231,reflection_background,False,,False,v9 reflection gate lacks enough rejected background evidence,18.079790000000003,v9_reflection_block,0.0,0.0,0.0,-6.673093749540373,2.3943903835145965,2.1074151654796816,-0.8003986477851868,-1.990750014781952,0.67117640376091,v6,strict,v6 adds strict raw/depth support-gated selection for v9; aligned metrics remain evaluation-only.,100_seq382,True,v9_support_gated,15379,7,,0.9317578125
100_seq382,100,382,p29_v9_support_gated_tight,True,phase21_fixed_rgb_canvas,phase23_crop_plus_board_residual_transform,,"[296, 103]","[280, 115]","Phase29 candidate generated from calibration files, raw RGB/LWIR/depth, Phase24 board-affine geometry, Phase25 depth projection support, and raw-only scene reliability scoring. MM5 aligned images are evaluation-only.",1.0,0.9317578125,0.9317578125,0.957868218421936,0.2937450408935547,1.0,1.115765608290496,1.0643990674261423,0.9208434224128723,1.7132412195205688,0.9317578125,1.054803801026066,0.9615988395354479,-0.05778802931308746,0.9869349002838135,0.9317578125,-0.05388126483757574,0.065522492514764,p29_v9_support_gated_tight,board_all_median_floor,affine,affine_lmeds,1496,5.984659671783447,7.825484275817871,"[[0.964242690293037, 0.13137386244365368, -26.99199754875218], [-0.06631033534806513, 0.9894192701549352, 24.920322865264623]]",3.5,2.0,5,True,False,8.0,4,0.055,calibration/def_stereocalib_THERM.yml,calibration/def_thermalcam_ori.yml,640x480,broad_generalization_raw_only_selection,broad,v9_support_gated_tight,False,v6,v9,support-v9,strict-selected,research,full,strict,all,15.408227555206969,2.9142221808433533,1.0420902967453003,4.786354064941406,20.58470344543457,3.3234755992889404,2.3939996361732483,0.7068215608596802,4.081177711486816,21.126888275146484,2.837456703186035,2.8018000423908234,6.2075000405311584,1570,7519,1775,0.5720975548028946,28.48252034187317,1742,9537,2059,10128,0.03296875,0.9954581358609794,0.0,0.9641734366732032,0.0,125.89929593488566,32127,20209,2241,0.5962117532782905,0.5504587155963303,2059,0.0,0.0,0.0,2.4258780479431152,0.6325,0.9230769230769231,reflection_background,False,,False,v9 support candidate mode is diagnostic-only unless a dedicated raw/depth gate allows it,13.17866,v9_mode_block,0.0,0.0,0.0,-2.7937526167016387,0.9971379507727532,0.848596564725597,0.37273502349853516,0.9549999237060547,-0.3405211865901947,v6,strict,v6 adds strict raw/depth support-gated selection for v9; aligned metrics remain evaluation-only.,100_seq382,True,v9_support_gated_tight,13466,8,,0.9317578125
100_seq382,100,382,p29_v9_target_only,True,phase21_fixed_rgb_canvas,phase23_crop_plus_board_residual_transform,,"[296, 103]","[280, 115]","Phase29 candidate generated from calibration files, raw RGB/LWIR/depth, Phase24 board-affine geometry, Phase25 depth projection support, and raw-only scene reliability scoring. MM5 aligned images are evaluation-only.",1.0,0.9317578125,0.9317578125,0.957868218421936,0.2937450408935547,1.0,1.115765608290496,1.0643990674261423,0.9170045256614685,1.909248948097229,0.9317578125,1.0536514869488003,0.9873496998394347,-0.052913568913936615,0.9292706847190857,0.9317578125,-0.04832072254529014,0.0677898031797399,p29_v9_target_only,board_all_median_floor,affine,affine_lmeds,1496,5.984659671783447,7.825484275817871,"[[0.964242690293037, 0.13137386244365368, -26.99199754875218], [-0.06631033534806513, 0.9894192701549352, 24.920322865264623]]",3.5,2.0,5,True,False,8.0,4,0.045,calibration/def_stereocalib_THERM.yml,calibration/def_thermalcam_ori.yml,640x480,broad_generalization_raw_only_selection,broad,v9_target_only,False,v6,v9,support-v9,strict-selected,research,full,strict,all,15.395468671373852,2.974122494459152,0.8432769179344177,5.104968070983887,21.070941925048828,3.223601818084717,2.704788774251938,0.6514236330986023,4.758153915405273,21.967872619628906,2.6659014225006104,2.8650000393390656,7.162499964237213,1635,7526,1710,0.5599587112665176,29.277788400650024,1906,9607,2055,10070,0.03277994791666667,0.9953326713008938,0.0,0.9653812445223489,0.0,125.08798239916314,31948,20197,2241,0.5779001255674684,0.5401310401310402,2055,0.0,0.0,0.0,2.4178881454467773,0.6325,0.9230769230769231,reflection_background,False,,False,v9 target-only mode is reserved for general weak-target scenes,13.54819,v9_target_only_block,0.0,0.0,0.0,-2.780993732868522,1.0910131654264454,0.8437369082530373,0.06194588541984558,0.0,-0.28062087297439575,v6,strict,v6 adds strict raw/depth support-gated selection for v9; aligned metrics remain evaluation-only.,100_seq382,True,v9_target_only,17619,7,,0.9317578125
100_seq382,100,382,p29_v9_depth_thermal,True,phase21_fixed_rgb_canvas,phase23_crop_plus_board_residual_transform,,"[296, 103]","[280, 115]","Phase29 candidate generated from calibration files, raw RGB/LWIR/depth, Phase24 board-affine geometry, Phase25 depth projection support, and raw-only scene reliability scoring. MM5 aligned images are evaluation-only.",1.0,0.9317578125,0.9317578125,0.957868218421936,0.2937450408935547,1.0,1.115765608290496,1.0643990674261423,0.9167664647102356,2.25321364402771,0.9317578125,1.0509558886940535,0.9847247056532284,-0.05173121765255928,0.9340401887893677,0.9317578125,-0.047598748639557445,0.06491140097158694,p29_v9_depth_thermal,board_all_median_floor,affine,affine_lmeds,1496,5.984659671783447,7.825484275817871,"[[0.964242690293037, 0.13137386244365368, -26.99199754875218], [-0.06631033534806513, 0.9894192701549352, 24.920322865264623]]",3.5,2.0,5,True,False,7.0,3,0.065,calibration/def_stereocalib_THERM.yml,calibration/def_thermalcam_ori.yml,640x480,broad_generalization_raw_only_selection,broad,v9_depth_thermal,False,v6,v9,support-v9,strict-selected,research,full,strict,all,19.418393755938258,3.870436131954193,1.998602271080017,5.742269992828369,11.648050308227539,4.2343220710754395,3.6433063745498657,2.04799485206604,5.238617897033691,11.756396293640137,4.021414756774902,3.7567999958992004,9.486799955368042,4063,16219,6587,1.098829746246338,26.357289791107178,4296,19934,7369,25150,0.08186848958333333,0.5797216699801193,0.0,0.9657039146352911,0.0,125.14004408742454,31957,5145,4090,0.6282289074869939,0.45586808923375366,7369,2.136328124999998,0.0,0.22,2.4353948211669922,0.6325,0.9230769230769231,reflection_background,False,,False,v9 reflection depth-thermal lacks enough rejected background evidence,18.32819,v9_reflection_depth_block,0.0,0.0,0.0,-6.803918817432928,2.459072696050372,2.107247591118559,-0.8765717148780823,-2.324299991130829,0.6156927645206451,v6,strict,v6 adds strict raw/depth support-gated selection for v9; aligned metrics remain evaluation-only.,100_seq382,True,v9_depth_thermal,17619,7,,0.9317578125
100_seq382,100,382,p29_v9_target_silhouette,True,phase21_fixed_rgb_canvas,phase23_crop_plus_board_residual_transform,,"[296, 103]","[280, 115]","Phase29 candidate generated from calibration files, raw RGB/LWIR/depth, Phase24 board-affine geometry, Phase25 depth projection support, and raw-only scene reliability scoring. MM5 aligned images are evaluation-only.",1.0,0.9317578125,0.9317578125,0.957868218421936,0.2937450408935547,1.0,1.115765608290496,1.0643990674261423,0.6940701007843018,2.81559157371521,0.9317578125,0.808001945305048,0.8721692930869168,-0.03282589465379715,1.0345346927642822,0.9317578125,-0.028315987964700213,0.07144743230455088,p29_v9_target_silhouette,board_all_median_floor,affine,affine_lmeds,1496,5.984659671783447,7.825484275817871,"[[0.964242690293037, 0.13137386244365368, -26.99199754875218], [-0.06631033534806513, 0.9894192701549352, 24.920322865264623]]",3.5,2.0,5,True,False,7.0,3,0.045,calibration/def_stereocalib_THERM.yml,calibration/def_thermalcam_ori.yml,640x480,broad_generalization_raw_only_selection,broad,v9_target_silhouette,False,v6,v9,support-v9,strict-selected,research,full,strict,all,19.95828206380266,4.852700054645538,1.3960291147232056,8.309370994567871,10.938864707946777,6.271361827850342,3.4482966661453247,1.367004632949829,5.52958869934082,14.029340744018555,2.9877090454101562,4.774999916553497,7.180050015449524,211,1413,160,1.6994158923625946,24.66111469268799,253,2358,390,1280,0.004166666666666667,0.94375,0.0,0.9593941117906415,0.0,99.00510043927551,42186,37861,1029,0.8107784431137725,0.4234375,390,0.47666666666666674,0.0,0.0,2.4707045936584473,0.6325,0.9230769230769231,reflection_background,False,,False,v9 silhouette mode is reserved for general target-contamination scenes,10.24219,v9_silhouette_block,0.0,0.0,0.0,-7.34380712529733,0.14481969089868346,0.10724759111855886,-0.6815620064735413,-0.01755005121231079,1.5979566872119904,v6,strict,v6 adds strict raw/depth support-gated selection for v9; aligned metrics remain evaluation-only.,100_seq382,True,v9_target_silhouette,17619,7,255.0,0.9317578125
100_seq382,100,382,p29_raw_shift_dx2p5_dy1p0_fill,True,phase21_fixed_rgb_canvas,phase23_crop_plus_board_residual_transform,,"[296, 103]","[280, 115]","Phase29 candidate generated from calibration files, raw RGB/LWIR/depth, Phase24 board-affine geometry, Phase25 depth projection support, and raw-only scene reliability scoring. MM5 aligned images are evaluation-only.",1.0,0.9331673177083334,0.9331673177083334,0.957868218421936,0.2937450408935547,1.0,1.115765608290496,1.0643990674261423,0.9229835271835327,1.8224000930786133,0.9331673177083334,1.0912256757058618,1.1945103272053381,-0.040572602301836014,1.0140026807785034,0.9331673177083334,-0.033033298092532117,0.09082213529316613,p29_raw_shift_dx2p5_dy1p0_fill,board_all_median_floor,affine,affine_lmeds,1496,5.984659671783447,7.825484275817871,"[[0.964242690293037, 0.13137386244365368, -26.99199754875218], [-0.06631033534806513, 0.9894192701549352, 24.920322865264623]]",2.5,1.0,9,True,False,3.0,2,0.1,calibration/def_stereocalib_THERM.yml,calibration/def_thermalcam_ori.yml,640x480,broad_generalization_raw_only_selection,broad,raw_shift_local,False,v6,v9,support-v9,strict-selected,research,full,strict,all,12.513513314920255,3.144389122724533,0.8551015257835388,5.433676719665527,22.962234497070312,4.44771146774292,2.637738436460495,0.6229080557823181,4.652568817138672,23.264673233032227,3.3244423866271973,2.8650000393390656,6.892149984836578,1729,8732,1939,0.7296881824731827,31.109814167022705,1904,10910,2316,11977,0.03898763020833333,0.9882274359188444,0.0,0.9578047622278,0.0,67.92604534966577,14741,2319,2384,0.596148886787587,0.5714285714285714,2316,0.0,0.0,0.0,2.515816917419434,0.6325,0.9230769230769231,reflection_background,False,,False,raw improvement 0.1010 is below 0.6000,12.613513314920255,generic_block,-1.0,-1.0,2.0,0.10096162358507499,1.0898683457355467,1.0035190615835776,0.12899622321128845,0.27034997940063477,-0.11035424470901489,v6,strict,v6 adds strict raw/depth support-gated selection for v9; aligned metrics remain evaluation-only.,100_seq382,,,,,,
100_seq382,100,382,p29_raw_shift_dx3p5_dy1p0_fill,True,phase21_fixed_rgb_canvas,phase23_crop_plus_board_residual_transform,,"[296, 103]","[280, 115]","Phase29 candidate generated from calibration files, raw RGB/LWIR/depth, Phase24 board-affine geometry, Phase25 depth projection support, and raw-only scene reliability scoring. MM5 aligned images are evaluation-only.",1.0,0.9327799479166666,0.9327799479166666,0.957868218421936,0.2937450408935547,1.0,1.115765608290496,1.0643990674261423,0.9216697812080383,2.074526786804199,0.9327799479166666,1.0876370235671255,1.1894293538660834,-0.04412142187356949,0.9247597455978394,0.9327799479166666,-0.03595695601819687,0.09142016219306436,p29_raw_shift_dx3p5_dy1p0_fill,board_all_median_floor,affine,affine_lmeds,1496,5.984659671783447,7.825484275817871,"[[0.964242690293037, 0.13137386244365368, -26.99199754875218], [-0.06631033534806513, 0.9894192701549352, 24.920322865264623]]",3.5,1.0,9,True,False,3.0,2,0.1,calibration/def_stereocalib_THERM.yml,calibration/def_thermalcam_ori.yml,640x480,broad_generalization_raw_only_selection,broad,raw_shift_local,False,v6,v9,support-v9,strict-selected,research,full,strict,all,12.414485053163608,3.0609341859817505,0.819129228591919,5.302739143371582,23.05533218383789,4.53010368347168,2.591493308544159,0.5699604749679565,4.613026142120361,23.081315994262695,3.5012307167053223,2.8650000393390656,6.685000002384186,1681,8718,1948,0.640690878033638,31.279762268066406,1902,10922,2297,11908,0.038763020833333335,0.9879912663755459,0.0,0.9576690862221017,0.0,67.99646337326702,14741,2320,2379,0.5961571600896088,0.5610728524827836,2297,0.0,0.0,0.0,2.5224082946777346,0.6325,0.9230769230769231,reflection_background,False,,False,raw improvement 0.2000 is below 0.6000,12.464485053163608,generic_block,0.0,-1.0,1.0,0.19998988534172213,1.088723526044648,0.9977377461248429,0.1752413511276245,0.47749996185302734,-0.19380918145179749,v6,strict,v6 adds strict raw/depth support-gated selection for v9; aligned metrics remain evaluation-only.,100_seq382,,,,,,
100_seq382,100,382,p29_raw_shift_dx4p5_dy1p0_fill,True,phase21_fixed_rgb_canvas,phase23_crop_plus_board_residual_transform,,"[296, 103]","[280, 115]","Phase29 candidate generated from calibration files, raw RGB/LWIR/depth, Phase24 board-affine geometry, Phase25 depth projection support, and raw-only scene reliability scoring. MM5 aligned images are evaluation-only.",1.0,0.9323665364583333,0.9323665364583333,0.957868218421936,0.2937450408935547,1.0,1.115765608290496,1.0643990674261423,0.9190694689750671,1.8057743310928345,0.9323665364583333,1.0851908079229302,1.179706566229467,-0.046629127115011215,0.9900405406951904,0.9323665364583333,-0.03880973180926077,0.0917309236661439,p29_raw_shift_dx4p5_dy1p0_fill,board_all_median_floor,affine,affine_lmeds,1496,5.984659671783447,7.825484275817871,"[[0.964242690293037, 0.13137386244365368, -26.99199754875218], [-0.06631033534806513, 0.9894192701549352, 24.920322865264623]]",4.5,1.0,9,True,False,3.0,2,0.1,calibration/def_stereocalib_THERM.yml,calibration/def_thermalcam_ori.yml,640x480,broad_generalization_raw_only_selection,broad,raw_shift_local,False,v6,v9,support-v9,strict-selected,research,full,strict,all,30.757896705159027,24.18537139892578,5.604572296142578,42.766170501708984,16.426624298095703,2.2864997386932373,79.3713948726654,4.427405834197998,154.3153839111328,5.126769065856934,1.7295459508895874,136.02105164527893,272.8633699417114,158,169,202,121.90186595916748,7.638945698738098,224,210,261,568,0.0018489583333333333,0.5404929577464789,1.0,1.0,0.20694171578258022,383.333164329864,224,365,449,0.7057416267942583,0.1061792863359443,261,1.0792708333333334,0.03802816901408468,0.0,2.342919979095459,0.0,0.9230769230769231,reflection_background,False,,False,support retain ratio 0.048 is below 0.650,30.85789670515903,support_block,1.0,-1.0,2.0,-18.143421766653695,0.12821980538065256,0.047591118558860494,-76.60466021299362,-265.7008699774742,20.930628031492233,v6,strict,v6 adds strict raw/depth support-gated selection for v9; aligned metrics remain evaluation-only.,100_seq382,,,,,,
100_seq382,100,382,p29_raw_shift_dx2p5_dy2p0_fill,True,phase21_fixed_rgb_canvas,phase23_crop_plus_board_residual_transform,,"[296, 103]","[280, 115]","Phase29 candidate generated from calibration files, raw RGB/LWIR/depth, Phase24 board-affine geometry, Phase25 depth projection support, and raw-only scene reliability scoring. MM5 aligned images are evaluation-only.",1.0,0.9321451822916667,0.9321451822916667,0.957868218421936,0.2937450408935547,1.0,1.115765608290496,1.0643990674261423,0.9248367547988892,1.9798792600631714,0.9321451822916667,1.0923472431432397,1.1959317593648637,-0.0409507192671299,0.9812629222869873,0.9321451822916667,-0.03341478309681656,0.0894900913602351,p29_raw_shift_dx2p5_dy2p0_fill,board_all_median_floor,affine,affine_lmeds,1496,5.984659671783447,7.825484275817871,"[[0.964242690293037, 0.13137386244365368, -26.99199754875218], [-0.06631033534806513, 0.9894192701549352, 24.920322865264623]]",2.5,2.0,9,True,False,3.0,2,0.1,calibration/def_stereocalib_THERM.yml,calibration/def_thermalcam_ori.yml,640x480,broad_generalization_raw_only_selection,broad,raw_shift_local,False,v6,v9,support-v9,strict-selected,research,full,strict,all,12.33122154490638,3.047949969768524,0.7725695371627808,5.323330402374268,23.648860931396484,4.795950412750244,2.644591301679611,0.5846032500267029,4.7045793533325195,22.985082626342773,3.6935908794403076,3.008950024843216,6.972899973392487,1656,8733,1916,0.6465836614370346,31.690571784973145,1912,10898,2285,12001,0.03906575520833333,0.9865844512957254,0.0,0.9589580082762363,0.0,67.91702118781471,14741,2259,2300,0.5870201411602686,0.5548340548340548,2285,0.0,0.0,0.0,2.5436760330200197,0.6325,0.9230769230769231,reflection_background,False,,False,raw improvement 0.2833 is below 0.6000,12.381221544906381,generic_block,-1.0,0.0,1.0,0.2832533935989492,1.0944476244991415,1.0055299539170508,0.12214335799217224,0.18959999084472656,-0.2067933976650238,v6,strict,v6 adds strict raw/depth support-gated selection for v9; aligned metrics remain evaluation-only.,100_seq382,,,,,,
100_seq382,100,382,p29_raw_shift_dx4p5_dy2p0_fill,True,phase21_fixed_rgb_canvas,phase23_crop_plus_board_residual_transform,,"[296, 103]","[280, 115]","Phase29 candidate generated from calibration files, raw RGB/LWIR/depth, Phase24 board-affine geometry, Phase25 depth projection support, and raw-only scene reliability scoring. MM5 aligned images are evaluation-only.",1.0,0.9313444010416667,0.9313444010416667,0.957868218421936,0.2937450408935547,1.0,1.115765608290496,1.0643990674261423,0.921328067779541,1.9938377141952515,0.9313444010416667,1.0862455436658442,1.1792033478098314,-0.04711626470088959,0.9386705160140991,0.9313444010416667,-0.039131135726196004,0.0907810138051879,p29_raw_shift_dx4p5_dy2p0_fill,board_all_median_floor,affine,affine_lmeds,1496,5.984659671783447,7.825484275817871,"[[0.964242690293037, 0.13137386244365368, -26.99199754875218], [-0.06631033534806513, 0.9894192701549352, 24.920322865264623]]",4.5,2.0,9,True,False,3.0,2,0.1,calibration/def_stereocalib_THERM.yml,calibration/def_thermalcam_ori.yml,640x480,broad_generalization_raw_only_selection,broad,raw_shift_local,False,v6,v9,support-v9,strict-selected,research,full,strict,all,61.2978247140171,55.81272482872009,6.388129711151123,105.23731994628906,4.650507926940918,1.9466575384140015,55.0422089099884,3.5194153785705566,106.56500244140625,4.735793113708496,1.28313148021698,3.8343948125839233,273.00843024253845,144,118,188,67.5226234793663,7.099300026893616,199,118,245,196,0.0006380208333333333,0.7908163265306123,1.0,1.0,0.21144781144781144,383.459544263292,197,659,333,0.7013422818791947,0.131175468483816,245,1.3941145833333333,0.0,0.0,0.9928240299224853,0.0,0.9230769230769231,reflection_background,False,,False,support retain ratio 0.016 is below 0.650,61.3478247140171,support_block,1.0,0.0,1.0,-48.68334977551177,0.113909559244419,0.016422287390029325,-52.27547425031662,-265.84593027830124,52.557981461286545,v6,strict,v6 adds strict raw/depth support-gated selection for v9; aligned metrics remain evaluation-only.,100_seq382,,,,,,
100_seq382,100,382,p29_raw_shift_dx2p5_dy3p0_fill,True,phase21_fixed_rgb_canvas,phase23_crop_plus_board_residual_transform,,"[296, 103]","[280, 115]","Phase29 candidate generated from calibration files, raw RGB/LWIR/depth, Phase24 board-affine geometry, Phase25 depth projection support, and raw-only scene reliability scoring. MM5 aligned images are evaluation-only.",1.0,0.9310774739583333,0.9310774739583333,0.957868218421936,0.2937450408935547,1.0,1.115765608290496,1.0643990674261423,0.9253214001655579,1.7422455549240112,0.9310774739583333,1.0912868420725184,1.1761261015766964,-0.042392220348119736,0.9962021708488464,0.9310774739583333,-0.035125264482003635,0.08829445927472789,p29_raw_shift_dx2p5_dy3p0_fill,board_all_median_floor,affine,affine_lmeds,1496,5.984659671783447,7.825484275817871,"[[0.964242690293037, 0.13137386244365368, -26.99199754875218], [-0.06631033534806513, 0.9894192701549352, 24.920322865264623]]",2.5,3.0,9,True,False,3.0,2,0.1,calibration/def_stereocalib_THERM.yml,calibration/def_thermalcam_ori.yml,640x480,broad_generalization_raw_only_selection,broad,raw_shift_local,False,v6,v9,support-v9,strict-selected,research,full,strict,all,12.886138881861196,3.485426217317581,0.870089590549469,6.100762844085693,23.993778228759766,5.154430389404297,2.9282516539096832,0.6507719159126282,5.205731391906738,24.416276931762695,3.8032195568084717,3.5496499836444855,7.576799929141998,1568,8774,1856,0.9513745456933975,32.42436981201172,1697,10891,2238,12027,0.039150390625,0.9847842354701921,0.0,0.9602469303303711,0.0,67.92163291160925,14741,2120,2379,0.6387881926462973,0.5202436402723039,2238,0.0,0.0,0.0,2.572354431152344,0.6325,0.9230769230769231,reflection_background,False,,False,raw improvement -0.2717 is below 0.6000,12.986138881861196,generic_block,-1.0,1.0,2.0,-0.2716639433558665,0.9713795077275329,1.0077084206116464,-0.16151699423789978,-0.41429996490478516,0.2306828498840332,v6,strict,v6 adds strict raw/depth support-gated selection for v9; aligned metrics remain evaluation-only.,100_seq382,,,,,,
100_seq382,100,382,p29_raw_shift_dx3p5_dy3p0_fill,True,phase21_fixed_rgb_canvas,phase23_crop_plus_board_residual_transform,,"[296, 103]","[280, 115]","Phase29 candidate generated from calibration files, raw RGB/LWIR/depth, Phase24 board-affine geometry, Phase25 depth projection support, and raw-only scene reliability scoring. MM5 aligned images are evaluation-only.",1.0,0.9306901041666666,0.9306901041666666,0.957868218421936,0.2937450408935547,1.0,1.115765608290496,1.0643990674261423,0.9243428111076355,1.846956729888916,0.9306901041666666,1.089204064450085,1.1729532914785537,-0.04585402086377144,0.9508244395256042,0.9306901041666666,-0.03825640773813172,0.08868373175195562,p29_raw_shift_dx3p5_dy3p0_fill,board_all_median_floor,affine,affine_lmeds,1496,5.984659671783447,7.825484275817871,"[[0.964242690293037, 0.13137386244365368, -26.99199754875218], [-0.06631033534806513, 0.9894192701549352, 24.920322865264623]]",3.5,3.0,9,True,False,3.0,2,0.1,calibration/def_stereocalib_THERM.yml,calibration/def_thermalcam_ori.yml,640x480,broad_generalization_raw_only_selection,broad,raw_shift_local,False,v6,v9,support-v9,strict-selected,research,full,strict,all,12.603482235858548,3.345280200242996,0.7955651879310608,5.894995212554932,23.758575439453125,4.749157905578613,2.78858944773674,0.5978774428367615,4.979301452636719,24.38089370727539,3.6553499698638916,3.342500001192093,7.180049955844879,1618,8752,1882,0.8517032414674759,31.992522716522217,1755,10891,2233,11963,0.038942057291666665,0.9844520605199365,0.0,0.9603826063360694,0.0,67.99426720919416,14741,2129,2294,0.617560553633218,0.5137943389466141,2233,0.0,0.0,0.0,2.5399326324462894,0.6325,0.9230769230769231,reflection_background,False,,False,raw improvement 0.0110 is below 0.6000,12.653482235858549,generic_block,0.0,1.0,1.0,0.010992702646781538,1.0045792787635948,1.0023460410557186,-0.021854788064956665,-0.017549991607666016,0.09053683280944824,v6,strict,v6 adds strict raw/depth support-gated selection for v9; aligned metrics remain evaluation-only.,100_seq382,,,,,,
100_seq382,100,382,p29_raw_shift_dx4p5_dy3p0_fill,True,phase21_fixed_rgb_canvas,phase23_crop_plus_board_residual_transform,,"[296, 103]","[280, 115]","Phase29 candidate generated from calibration files, raw RGB/LWIR/depth, Phase24 board-affine geometry, Phase25 depth projection support, and raw-only scene reliability scoring. MM5 aligned images are evaluation-only.",1.0,0.9302766927083334,0.9302766927083334,0.957868218421936,0.2937450408935547,1.0,1.115765608290496,1.0643990674261423,0.9221870303153992,1.86305570602417,0.9302766927083334,1.0857053890943178,1.1646446201004248,-0.04862762242555618,0.9559550285339355,0.9302766927083334,-0.04097567378830422,0.08925119205637051,p29_raw_shift_dx4p5_dy3p0_fill,board_all_median_floor,affine,affine_lmeds,1496,5.984659671783447,7.825484275817871,"[[0.964242690293037, 0.13137386244365368, -26.99199754875218], [-0.06631033534806513, 0.9894192701549352, 24.920322865264623]]",4.5,3.0,9,True,False,3.0,2,0.1,calibration/def_stereocalib_THERM.yml,calibration/def_thermalcam_ori.yml,640x480,broad_generalization_raw_only_selection,broad,raw_shift_local,False,v6,v9,support-v9,strict-selected,research,full,strict,all,115.20908650656743,109.61760115623474,7.040194988250732,212.19500732421875,4.2620768547058105,1.8928314447402954,109.76702272891998,3.451312303543091,216.08273315429688,4.088778972625732,1.338822364807129,180.32893180847168,272.35711121559143,123,210,188,66.7386993765831,6.609159588813782,180,210,245,334,0.0010872395833333333,0.49101796407185627,1.0,1.0,0.2261123267687819,298.3005157590607,179,388,420,0.7520215633423181,0.0752797558494405,245,1.2773177083333334,0.2359281437125751,0.0,0.9186003494262694,0.0,0.9230769230769231,reflection_background,False,,False,support retain ratio 0.028 is below 0.650,115.30908650656743,support_block,1.0,1.0,2.0,-102.5946115680621,0.10303377218088151,0.027984918307498954,-107.0002880692482,-265.1946112513542,106.3628577888012,v6,strict,v6 adds strict raw/depth support-gated selection for v9; aligned metrics remain evaluation-only.,100_seq382,,,,,,
100_seq382,100,382,p29_raw_shift_dx3p0_dy2p0_fill,True,phase21_fixed_rgb_canvas,phase23_crop_plus_board_residual_transform,,"[296, 103]","[280, 115]","Phase29 candidate generated from calibration files, raw RGB/LWIR/depth, Phase24 board-affine geometry, Phase25 depth projection support, and raw-only scene reliability scoring. MM5 aligned images are evaluation-only.",1.0,0.9317578125,0.9317578125,0.957868218421936,0.2937450408935547,1.0,1.115765608290496,1.0643990674261423,0.9240595698356628,1.8718405961990356,0.9317578125,1.0912693611632929,1.1896055660321616,-0.04291409254074097,0.9989460706710815,0.9317578125,-0.035359441262432345,0.09032218468223407,p29_raw_shift_dx3p0_dy2p0_fill,board_all_median_floor,affine,affine_lmeds,1496,5.984659671783447,7.825484275817871,"[[0.964242690293037, 0.13137386244365368, -26.99199754875218], [-0.06631033534806513, 0.9894192701549352, 24.920322865264623]]",3.0,2.0,9,True,False,3.0,2,0.1,calibration/def_stereocalib_THERM.yml,calibration/def_thermalcam_ori.yml,640x480,broad_generalization_raw_only_selection,broad,raw_shift_local,False,v6,v9,support-v9,strict-selected,research,full,strict,all,12.502152836048301,3.118548721075058,0.8084093928337097,5.428688049316406,24.30473518371582,4.942052841186523,2.6642923653125763,0.576057493686676,4.752527236938477,24.53543472290039,3.8112103939056396,3.072150021791458,6.685000002384186,1609,8679,1920,0.6255063563585281,32.04024934768677,1778,10846,2285,11866,0.038626302083333335,0.9866003708073487,0.0,0.9593557230980123,0.0,68.14178342545983,14590,2247,2396,0.6110145934676859,0.5390931810067833,2285,0.0,0.0,0.0,2.555364227294922,0.6325,0.9230769230769231,reflection_background,False,,False,raw improvement 0.1123 is below 0.6000,12.527152836048302,generic_block,-0.5,0.0,0.5,0.11232210245702845,1.0177447052089297,0.9942186845412652,0.10244229435920715,0.47749996185302734,-0.13619464635849,v6,strict,v6 adds strict raw/depth support-gated selection for v9; aligned metrics remain evaluation-only.,100_seq382,,,,,,
100_seq382,100,382,p29_raw_shift_dx4p0_dy2p0_fill,True,phase21_fixed_rgb_canvas,phase23_crop_plus_board_residual_transform,,"[296, 103]","[280, 115]","Phase29 candidate generated from calibration files, raw RGB/LWIR/depth, Phase24 board-affine geometry, Phase25 depth projection support, and raw-only scene reliability scoring. MM5 aligned images are evaluation-only.",1.0,0.9313444010416667,0.9313444010416667,0.957868218421936,0.2937450408935547,1.0,1.115765608290496,1.0643990674261423,0.9219809770584106,1.7597383260726929,0.9313444010416667,1.0885715132970468,1.1809931079671492,-0.0460510291159153,0.9928067326545715,0.9313444010416667,-0.03842750966597002,0.09053573230581805,p29_raw_shift_dx4p0_dy2p0_fill,board_all_median_floor,affine,affine_lmeds,1496,5.984659671783447,7.825484275817871,"[[0.964242690293037, 0.13137386244365368, -26.99199754875218], [-0.06631033534806513, 0.9894192701549352, 24.920322865264623]]",4.0,2.0,9,True,False,3.0,2,0.1,calibration/def_stereocalib_THERM.yml,calibration/def_thermalcam_ori.yml,640x480,broad_generalization_raw_only_selection,broad,raw_shift_local,False,v6,v9,support-v9,strict-selected,research,full,strict,all,61.576457146619234,56.058414697647095,6.872192859649658,105.24463653564453,4.395349502563477,1.9455395936965942,55.23351836204529,3.7578539848327637,106.70918273925781,4.345600605010986,1.1918818950653076,4.234300017356873,273.44696021080017,140,118,188,67.68663638830185,7.099300026893616,199,118,245,196,0.0006380208333333333,0.7908163265306123,1.0,1.0,0.21144781144781144,383.80708826855937,203,659,353,0.7194719471947195,0.151618398637138,245,1.3941145833333333,0.0,0.0,0.9468060779571532,0.0,0.9230769230769231,reflection_background,False,,False,support retain ratio 0.016 is below 0.650,61.60145714661923,support_block,0.5,0.0,0.5,-48.9619822081139,0.113909559244419,0.016422287390029325,-52.466783702373505,-266.28446024656296,52.80367133021355,v6,strict,v6 adds strict raw/depth support-gated selection for v9; aligned metrics remain evaluation-only.,100_seq382,,,,,,
100_seq382,100,382,p29_raw_shift_dx3p5_dy1p5_fill,True,phase21_fixed_rgb_canvas,phase23_crop_plus_board_residual_transform,,"[296, 103]","[280, 115]","Phase29 candidate generated from calibration files, raw RGB/LWIR/depth, Phase24 board-affine geometry, Phase25 depth projection support, and raw-only scene reliability scoring. MM5 aligned images are evaluation-only.",1.0,0.9327799479166666,0.9327799479166666,0.957868218421936,0.2937450408935547,1.0,1.115765608290496,1.0643990674261423,0.9230512380599976,2.9027903079986572,0.9327799479166666,1.084315464405858,1.191206454625682,-0.043340589851140976,0.9500523209571838,0.9327799479166666,-0.03551375473710807,0.09018099359850676,p29_raw_shift_dx3p5_dy1p5_fill,board_all_median_floor,affine,affine_lmeds,1496,5.984659671783447,7.825484275817871,"[[0.964242690293037, 0.13137386244365368, -26.99199754875218], [-0.06631033534806513, 0.9894192701549352, 24.920322865264623]]",3.5,1.5,9,True,False,3.0,2,0.1,calibration/def_stereocalib_THERM.yml,calibration/def_thermalcam_ori.yml,640x480,broad_generalization_raw_only_selection,broad,raw_shift_local,False,v6,v9,support-v9,strict-selected,research,full,strict,all,12.505516304265363,3.072566717863083,0.7758597731590271,5.369273662567139,23.322906494140625,5.134652614593506,2.733490467071533,0.5823154449462891,4.884665489196777,23.328359603881836,3.9374208450317383,3.2793000042438507,6.702549993991852,1635,8708,1945,0.5147137492895126,31.616819858551025,1857,10901,2296,11885,0.03868815104166667,0.9871266302061422,0.0,0.9578079203871583,0.0,68.60409825700137,14671,2332,2414,0.6072815115175567,0.5483870967741935,2296,0.0,0.0,0.0,2.5707722091674805,0.6325,0.9230769230769231,reflection_background,False,,False,raw improvement 0.1090 is below 0.6000,12.530516304265364,generic_block,0.0,-0.5,0.5,0.10895863423996666,1.0629650829994275,0.9958106409719313,0.033244192600250244,0.45994997024536133,-0.1821766495704651,v6,strict,v6 adds strict raw/depth support-gated selection for v9; aligned metrics remain evaluation-only.,100_seq382,,,,,,
100_seq382,100,382,p29_raw_shift_dx3p5_dy2p5_fill,True,phase21_fixed_rgb_canvas,phase23_crop_plus_board_residual_transform,,"[296, 103]","[280, 115]","Phase29 candidate generated from calibration files, raw RGB/LWIR/depth, Phase24 board-affine geometry, Phase25 depth projection support, and raw-only scene reliability scoring. MM5 aligned images are evaluation-only.",1.0,0.9317578125,0.9317578125,0.957868218421936,0.2937450408935547,1.0,1.115765608290496,1.0643990674261423,0.9243017435073853,2.314908266067505,0.9317578125,1.0875376940839832,1.1808360011533527,-0.04427411034703255,0.9212058782577515,0.9317578125,-0.036560950618727134,0.08826929998567949,p29_raw_shift_dx3p5_dy2p5_fill,board_all_median_floor,affine,affine_lmeds,1496,5.984659671783447,7.825484275817871,"[[0.964242690293037, 0.13137386244365368, -26.99199754875218], [-0.06631033534806513, 0.9894192701549352, 24.920322865264623]]",3.5,2.5,9,True,False,3.0,2,0.1,calibration/def_stereocalib_THERM.yml,calibration/def_thermalcam_ori.yml,640x480,broad_generalization_raw_only_selection,broad,raw_shift_local,False,v6,v9,support-v9,strict-selected,research,full,strict,all,12.308727743673419,3.049412101507187,0.8130332827568054,5.285790920257568,23.839820861816406,4.379467964172363,2.7594500184059143,0.6076246500015259,4.911275386810303,24.21954917907715,3.1866135597229004,3.2793000042438507,7.162499964237213,1799,8702,1921,0.5805870741605759,31.743224620819092,2021,10888,2264,11912,0.038776041666666664,0.9853928811282741,0.0,0.9593074773362416,0.0,68.59667431100645,14671,2270,2319,0.5930839681588633,0.5482014388489208,2264,0.0,0.0,0.0,2.510357437133789,0.6325,0.9230769230769231,reflection_background,False,,False,raw improvement 0.3057 is below 0.6000,12.33372774367342,generic_block,0.0,0.5,0.5,0.3057471948319108,1.1568402976531196,0.9980728948470884,0.007284641265869141,0.0,-0.20533126592636108,v6,strict,v6 adds strict raw/depth support-gated selection for v9; aligned metrics remain evaluation-only.,100_seq382,,,,,,
103_seq385,103,385,p29_baseline,True,phase21_fixed_rgb_canvas,phase24_affine_lwir_subpixel_shift_depth_fill_then_morph_close,,"[296, 103]","[280, 115]","Phase29 candidate generated from calibration files, raw RGB/LWIR/depth, Phase24 board-affine geometry, Phase25 depth projection support, and raw-only scene reliability scoring. MM5 aligned images are evaluation-only.",1.0,0.9317578125,0.9317578125,0.9941359758377075,0.12553933262825012,1.0,1.1367235689443316,0.955605527349291,0.9536755681037903,2.7134954929351807,0.9317578125,1.1268039280255795,1.2627288858626677,-0.2016601413488388,0.7857816219329834,0.9317578125,-0.189754771708107,0.11080039581553117,p29_baseline,board_all_median_floor,affine,affine_lmeds,1496,5.984659671783447,7.825484275817871,"[[0.964242690293037, 0.13137386244365368, -26.99199754875218], [-0.06631033534806513, 0.9894192701549352, 24.920322865264623]]",3.5,2.0,9,True,False,3.0,2,0.1,calibration/def_stereocalib_THERM.yml,calibration/def_thermalcam_ori.yml,640x480,broad_generalization_raw_only_selection,broad,baseline,False,v6,v9,support-v9,strict-selected,research,full,strict,all,17.630863295972038,9.045949459075928,0.6050958633422852,17.48680305480957,13.363340377807617,17.36162757873535,7.098950654268265,0.634954035282135,13.562947273254395,12.840010643005371,14.31225872039795,9.086540251970291,16.407028257846832,272,4085,1093,4.548755869269371,24.09021282196045,287,5717,1413,6614,0.021529947916666667,1.0,1.0,1.0,0.1146296780947396,108.14710369457141,373,1028,1987,0.8833873996926754,0.49252336448598133,1413,0.0,0.0,0.0,3.12,0.0,0.9230769230769231,general,False,,False,,17.630863295972038,v6_baseline,0.0,0.0,0.0,0.0,1.0,1.0,0.0,0.0,0.0,v6,strict,v6 baseline row; aligned metrics are not used for selection.,103_seq385,,,,,,
103_seq385,103,385,p29_depth_conservative,True,phase21_fixed_rgb_canvas,phase23_crop_plus_board_residual_transform,,"[296, 103]","[280, 115]","Phase29 candidate generated from calibration files, raw RGB/LWIR/depth, Phase24 board-affine geometry, Phase25 depth projection support, and raw-only scene reliability scoring. MM5 aligned images are evaluation-only.",1.0,0.9317578125,0.9317578125,0.9941359758377075,0.12553933262825012,1.0,1.1367235689443316,0.955605527349291,0.9510933756828308,6.443922519683838,0.9317578125,1.1013625755291463,1.2595515664294574,-0.2024172991514206,0.7703464031219482,0.9317578125,-0.19056399338619512,0.10983589455971446,p29_depth_conservative,board_all_median_floor,affine,affine_lmeds,1496,5.984659671783447,7.825484275817871,"[[0.964242690293037, 0.13137386244365368, -26.99199754875218], [-0.06631033534806513, 0.9894192701549352, 24.920322865264623]]",3.5,2.0,9,False,False,4.0,3,0.075,calibration/def_stereocalib_THERM.yml,calibration/def_thermalcam_ori.yml,640x480,broad_generalization_raw_only_selection,broad,depth_conservative,False,v6,v9,support-v9,strict-selected,research,full,strict,all,16.47727991311813,7.864358872175217,0.6644830107688904,15.064234733581543,12.5662202835083,14.827005386352539,5.987648695707321,0.699894368648529,11.275403022766113,12.03884220123291,12.473785400390625,7.991099864244461,13.847499907016754,319,3866,1057,3.838585153222084,21.697446823120117,336,5490,1348,6030,0.01962890625,0.7437810945273632,1.0,1.0,0.1146296780947396,108.14710369457141,373,1612,2016,0.8605514316012726,0.48900091659028416,1348,0.0,0.0,0.0,3.12,0.0,0.9230769230769231,general,False,,False,depth/reflection/edge guard candidates are diagnostic-only by default,16.47727991311813,diagnostic_guard_block,0.0,0.0,0.0,1.1535833828539062,1.170731707317073,0.9117024493498639,1.1113019585609436,2.559528350830078,-1.181590586900711,v6,strict,v6 adds strict raw/depth support-gated selection for v9; aligned metrics remain evaluation-only.,103_seq385,,,,,,
103_seq385,103,385,p29_reflection_guard,True,phase21_fixed_rgb_canvas,phase23_crop_plus_board_residual_transform,,"[296, 103]","[280, 115]","Phase29 candidate generated from calibration files, raw RGB/LWIR/depth, Phase24 board-affine geometry, Phase25 depth projection support, and raw-only scene reliability scoring. MM5 aligned images are evaluation-only.",1.0,0.9317578125,0.9317578125,0.9941359758377075,0.12553933262825012,1.0,1.1367235689443316,0.955605527349291,0.9510933756828308,6.443922519683838,0.9317578125,1.1013625755291463,1.2595515664294574,-0.2024172991514206,0.7703464031219482,0.9317578125,-0.19056399338619512,0.10983589455971446,p29_reflection_guard,board_all_median_floor,affine,affine_lmeds,1496,5.984659671783447,7.825484275817871,"[[0.964242690293037, 0.13137386244365368, -26.99199754875218], [-0.06631033534806513, 0.9894192701549352, 24.920322865264623]]",3.5,2.0,9,False,False,4.5,3,0.055,calibration/def_stereocalib_THERM.yml,calibration/def_thermalcam_ori.yml,640x480,broad_generalization_raw_only_selection,broad,reflection_guard,False,v6,v9,support-v9,strict-selected,research,full,strict,all,16.41459671412546,7.864358872175217,0.6644830107688904,15.064234733581543,12.5662202835083,14.827005386352539,5.987648695707321,0.699894368648529,11.275403022766113,12.03884220123291,12.473785400390625,7.991099864244461,13.847499907016754,319,3866,1057,3.838585153222084,21.697446823120117,336,5490,1348,6102,0.01986328125,0.7409046214355949,1.0,1.0,0.1146296780947396,108.14710369457141,373,1540,1959,0.8605514316012726,0.475683186660491,1348,0.0,0.0,0.0,3.12,0.0,0.9230769230769231,general,False,,False,depth/reflection/edge guard candidates are diagnostic-only by default,16.41459671412546,diagnostic_guard_block,0.0,0.0,0.0,1.216266581846579,1.170731707317073,0.9225884487450862,1.1113019585609436,2.559528350830078,-1.181590586900711,v6,strict,v6 adds strict raw/depth support-gated selection for v9; aligned metrics remain evaluation-only.,103_seq385,,,,,,
103_seq385,103,385,p29_small_target_guard,True,phase21_fixed_rgb_canvas,phase23_crop_plus_board_residual_transform,,"[296, 103]","[280, 115]","Phase29 candidate generated from calibration files, raw RGB/LWIR/depth, Phase24 board-affine geometry, Phase25 depth projection support, and raw-only scene reliability scoring. MM5 aligned images are evaluation-only.",1.0,0.9317578125,0.9317578125,0.9941359758377075,0.12553933262825012,1.0,1.1367235689443316,0.955605527349291,0.9528870582580566,2.859020471572876,0.9317578125,1.1227874186703906,1.2470298882784745,-0.20307712256908417,0.8581156730651855,0.9317578125,-0.19226622704618349,0.10639726374194527,p29_small_target_guard,board_all_median_floor,affine,affine_lmeds,1496,5.984659671783447,7.825484275817871,"[[0.964242690293037, 0.13137386244365368, -26.99199754875218], [-0.06631033534806513, 0.9894192701549352, 24.920322865264623]]",3.5,2.0,5,True,False,3.0,2,0.065,calibration/def_stereocalib_THERM.yml,calibration/def_thermalcam_ori.yml,640x480,broad_generalization_raw_only_selection,broad,small_target_guard,False,v6,v9,support-v9,strict-selected,research,full,strict,all,16.992825562682963,8.464363396167755,0.6842561960220337,16.244470596313477,12.875411987304688,16.391611099243164,6.48592534661293,0.7108529210090637,12.260997772216797,12.447798728942871,13.700735092163086,8.486149817705154,15.560161650180817,350,4085,1093,4.368478462100029,24.59650421142578,365,5717,1413,6614,0.021529947916666667,1.0,1.0,1.0,0.11711593823606385,108.15601684162658,384,1028,1986,0.8589309878213802,0.49252336448598133,1413,0.0,0.0,0.0,3.12,0.0,0.9230769230769231,general,False,,False,raw improvement 0.6380 is below 0.6500,17.212825562682962,small_target_guard_block,0.0,0.0,0.0,0.6380377332890745,1.2717770034843205,1.0,0.6130253076553345,0.8468666076660156,-0.5815860629081726,v6,strict,v6 adds strict raw/depth support-gated selection for v9; aligned metrics remain evaluation-only.,103_seq385,,,,,,
103_seq385,103,385,p29_edge_contamination_guard,True,phase21_fixed_rgb_canvas,phase23_crop_plus_board_residual_transform,,"[296, 103]","[280, 115]","Phase29 candidate generated from calibration files, raw RGB/LWIR/depth, Phase24 board-affine geometry, Phase25 depth projection support, and raw-only scene reliability scoring. MM5 aligned images are evaluation-only.",1.0,0.9317578125,0.9317578125,0.9941359758377075,0.12553933262825012,1.0,1.1367235689443316,0.955605527349291,0.9510933756828308,6.443922519683838,0.9317578125,1.1013625755291463,1.2595515664294574,-0.2024172991514206,0.7703464031219482,0.9317578125,-0.19056399338619512,0.10983589455971446,p29_edge_contamination_guard,board_all_median_floor,affine,affine_lmeds,1496,5.984659671783447,7.825484275817871,"[[0.964242690293037, 0.13137386244365368, -26.99199754875218], [-0.06631033534806513, 0.9894192701549352, 24.920322865264623]]",3.5,2.0,9,False,False,4.0,3,0.08,calibration/def_stereocalib_THERM.yml,calibration/def_thermalcam_ori.yml,640x480,broad_generalization_raw_only_selection,broad,edge_contamination_guard,False,v6,v9,support-v9,strict-selected,research,full,strict,all,16.445628435031484,7.864358872175217,0.6644830107688904,15.064234733581543,12.5662202835083,14.827005386352539,5.987648695707321,0.699894368648529,11.275403022766113,12.03884220123291,12.473785400390625,7.991099864244461,13.847499907016754,319,3866,1057,3.838585153222084,21.697446823120117,336,5490,1348,6114,0.01990234375,1.0,1.0,1.0,0.1146296780947396,108.14710369457141,373,1528,1985,0.8605514316012726,0.4895397489539749,1348,0.0,0.0,0.0,3.12,0.0,0.9230769230769231,general,False,,False,depth/reflection/edge guard candidates are diagnostic-only by default,16.445628435031484,diagnostic_guard_block,0.0,0.0,0.0,1.1852348609405539,1.170731707317073,0.9244027819776233,1.1113019585609436,2.559528350830078,-1.181590586900711,v6,strict,v6 adds strict raw/depth support-gated selection for v9; aligned metrics remain evaluation-only.,103_seq385,,,,,,
103_seq385,103,385,p29_v9_support_gated,True,phase21_fixed_rgb_canvas,phase23_crop_plus_board_residual_transform,,"[296, 103]","[280, 115]","Phase29 candidate generated from calibration files, raw RGB/LWIR/depth, Phase24 board-affine geometry, Phase25 depth projection support, and raw-only scene reliability scoring. MM5 aligned images are evaluation-only.",1.0,0.9317578125,0.9317578125,0.9941359758377075,0.12553933262825012,1.0,1.1367235689443316,0.955605527349291,0.8669730424880981,1.6942834854125977,0.9317578125,1.0083559308601802,1.0103239285637178,-0.198399156332016,1.162135362625122,0.9317578125,-0.18782486780363422,0.11698067136088339,p29_v9_support_gated,board_all_median_floor,affine,affine_lmeds,1496,5.984659671783447,7.825484275817871,"[[0.964242690293037, 0.13137386244365368, -26.99199754875218], [-0.06631033534806513, 0.9894192701549352, 24.920322865264623]]",3.5,2.0,5,True,False,7.0,3,0.075,calibration/def_stereocalib_THERM.yml,calibration/def_thermalcam_ori.yml,640x480,broad_generalization_raw_only_selection,broad,v9_support_gated,False,v6,v9,support-v9,strict-selected,research,full,strict,all,14.658823836253696,6.514762759208679,0.8935067653656006,12.136018753051758,11.442432403564453,11.711640357971191,5.012229949235916,0.9110956788063049,9.113364219665527,10.931390762329102,9.737356185913086,6.414649993181229,11.477549612522125,432,3866,1057,2.8719202131032944,20.10589599609375,457,5490,1348,6114,0.01990234375,1.0,1.0,1.0,0.11960219837738811,108.11291640977454,387,1528,1703,0.8294707713593912,0.4340560072267389,1348,0.0,0.0,0.0,2.996569061279297,0.0,0.9230769230769231,general,False,,False,v9 support-gated mode is reserved for reflection/background scenes,10.5695,v9_reflection_block,0.0,0.0,0.0,2.972039459718342,1.5923344947735192,0.9244027819776233,2.0867207050323486,4.929478645324707,-2.5311866998672485,v6,strict,v6 adds strict raw/depth support-gated selection for v9; aligned metrics remain evaluation-only.,103_seq385,True,v9_support_gated,9550,31,,0.9317578125
103_seq385,103,385,p29_v9_support_gated_tight,True,phase21_fixed_rgb_canvas,phase23_crop_plus_board_residual_transform,,"[296, 103]","[280, 115]","Phase29 candidate generated from calibration files, raw RGB/LWIR/depth, Phase24 board-affine geometry, Phase25 depth projection support, and raw-only scene reliability scoring. MM5 aligned images are evaluation-only.",1.0,0.9317578125,0.9317578125,0.9941359758377075,0.12553933262825012,1.0,1.1367235689443316,0.955605527349291,0.8907231688499451,1.6368458271026611,0.9317578125,1.032259310697614,1.009048112068566,-0.21462039649486542,1.2472604513168335,0.9317578125,-0.2043003002545266,0.11869105965493189,p29_v9_support_gated_tight,board_all_median_floor,affine,affine_lmeds,1496,5.984659671783447,7.825484275817871,"[[0.964242690293037, 0.13137386244365368, -26.99199754875218], [-0.06631033534806513, 0.9894192701549352, 24.920322865264623]]",3.5,2.0,5,True,False,8.0,4,0.055,calibration/def_stereocalib_THERM.yml,calibration/def_thermalcam_ori.yml,640x480,broad_generalization_raw_only_selection,broad,v9_support_gated_tight,False,v6,v9,support-v9,strict-selected,research,full,strict,all,15.65312808773168,7.313455134630203,0.8474474549293518,13.779462814331055,11.729299545288086,13.118026733398438,5.6763046979904175,0.8701226711273193,10.482486724853516,10.928790092468262,10.369063377380371,7.532562762498856,12.86720758676529,344,3650,1029,3.353952333331108,20.66520595550537,373,5250,1289,5622,0.01830078125,1.0,1.0,1.0,0.11973305417429993,107.89531329580298,368,2020,1735,0.8471639613350356,0.4393248175182482,1289,0.0,0.0,0.0,3.0712739181518556,0.0,0.9230769230769231,general,False,,False,v9 support candidate mode is diagnostic-only unless a dedicated raw/depth gate allows it,10.386909999999999,v9_mode_block,0.0,0.0,0.0,1.9777352082403574,1.2996515679442509,0.8500151194436045,1.4226459562778473,3.539820671081543,-1.7324943244457245,v6,strict,v6 adds strict raw/depth support-gated selection for v9; aligned metrics remain evaluation-only.,103_seq385,True,v9_support_gated_tight,8091,31,,0.9317578125
103_seq385,103,385,p29_v9_target_only,True,phase21_fixed_rgb_canvas,phase23_crop_plus_board_residual_transform,,"[296, 103]","[280, 115]","Phase29 candidate generated from calibration files, raw RGB/LWIR/depth, Phase24 board-affine geometry, Phase25 depth projection support, and raw-only scene reliability scoring. MM5 aligned images are evaluation-only.",1.0,0.9317578125,0.9317578125,0.9941359758377075,0.12553933262825012,1.0,1.1367235689443316,0.955605527349291,0.9294100999832153,1.8925684690475464,0.9317578125,1.071020637109915,1.0197729862732325,-0.22143684327602386,1.0180386304855347,0.9317578125,-0.21418322878778276,0.08907897514102875,p29_v9_target_only,board_all_median_floor,affine,affine_lmeds,1496,5.984659671783447,7.825484275817871,"[[0.964242690293037, 0.13137386244365368, -26.99199754875218], [-0.06631033534806513, 0.9894192701549352, 24.920322865264623]]",3.5,2.0,5,True,False,8.0,4,0.045,calibration/def_stereocalib_THERM.yml,calibration/def_thermalcam_ori.yml,640x480,broad_generalization_raw_only_selection,broad,v9_target_only,False,v6,v9,support-v9,strict-selected,research,full,strict,all,41.33990212337863,32.77511623501778,0.9776692986488342,64.57256317138672,11.544978141784668,54.325294494628906,32.29391610622406,1.1962039470672607,63.39162826538086,14.964072227478027,47.24775314331055,45.71886259317398,63.54716360569,103,3650,1029,14.867991030216217,42.15761947631836,127,5250,1289,5622,0.01830078125,1.0,1.0,1.0,0.13465061502224548,107.2650007104233,513,2020,1769,0.950656660412758,0.43385036496350365,1289,0.0,0.0,0.0,3.0380960655212403,0.0,0.9230769230769231,general,True,selector v6 selected v9_support_gated via v9_weak_target_only; raw_score delta +23.7090; adjusted score 1.1953; selection used raw RGB/LWIR/depth support gates only,True,,1.19529,v9_weak_target_only,0.0,0.0,0.0,-23.70903882740659,0.4425087108013937,0.8500151194436045,-25.194965451955795,-47.14013534784317,23.72916677594185,v6,strict,v6 adds strict raw/depth support-gated selection for v9; aligned metrics remain evaluation-only.,103_seq385,True,v9_target_only,929,30,,0.9317578125
103_seq385,103,385,p29_v9_depth_thermal,True,phase21_fixed_rgb_canvas,phase23_crop_plus_board_residual_transform,,"[296, 103]","[280, 115]","Phase29 candidate generated from calibration files, raw RGB/LWIR/depth, Phase24 board-affine geometry, Phase25 depth projection support, and raw-only scene reliability scoring. MM5 aligned images are evaluation-only.",1.0,0.9317578125,0.9317578125,0.9941359758377075,0.12553933262825012,1.0,1.1367235689443316,0.955605527349291,0.8817341327667236,1.6759668588638306,0.9317578125,1.0229031629616245,1.0081655423205598,-0.20898723602294922,1.2082988023757935,0.9317578125,-0.19856314369958447,0.11782590091746326,p29_v9_depth_thermal,board_all_median_floor,affine,affine_lmeds,1496,5.984659671783447,7.825484275817871,"[[0.964242690293037, 0.13137386244365368, -26.99199754875218], [-0.06631033534806513, 0.9894192701549352, 24.920322865264623]]",3.5,2.0,5,True,False,7.0,3,0.065,calibration/def_stereocalib_THERM.yml,calibration/def_thermalcam_ori.yml,640x480,broad_generalization_raw_only_selection,broad,v9_depth_thermal,False,v6,v9,support-v9,strict-selected,research,full,strict,all,15.667957201616638,7.431510329246521,0.8530051708221436,14.010015487670898,11.646798133850098,13.240262985229492,5.683349132537842,0.8654079437255859,10.501290321350098,10.981528282165527,10.273067474365234,7.116849929094315,13.085600912570953,377,3866,1057,3.5195614248514175,20.473498344421387,402,5490,1348,6114,0.01990234375,1.0,1.0,1.0,0.11960219837738811,108.04839249672199,380,1528,1705,0.84413096482062,0.43224932249322495,1348,0.0,0.0,0.0,3.0564236640930176,0.0,0.9230769230769231,general,False,,False,v9 depth-thermal mode is reserved for double-edge mismatch scenes,10.453980000000001,v9_depth_thermal_block,0.0,0.0,0.0,1.9629060943554002,1.4006968641114983,0.9244027819776233,1.415601521730423,3.321427345275879,-1.6144391298294067,v6,strict,v6 adds strict raw/depth support-gated selection for v9; aligned metrics remain evaluation-only.,103_seq385,True,v9_depth_thermal,8998,31,,0.9317578125
103_seq385,103,385,p29_v9_target_silhouette,True,phase21_fixed_rgb_canvas,phase23_crop_plus_board_residual_transform,,"[296, 103]","[280, 115]","Phase29 candidate generated from calibration files, raw RGB/LWIR/depth, Phase24 board-affine geometry, Phase25 depth projection support, and raw-only scene reliability scoring. MM5 aligned images are evaluation-only.",1.0,0.9317578125,0.9317578125,0.9941359758377075,0.12553933262825012,1.0,1.1367235689443316,0.955605527349291,0.9141143560409546,5.947861671447754,0.9317578125,1.0306605390896455,1.0148890205158498,-0.20940671861171722,1.2431658506393433,0.9317578125,-0.20383544372905593,0.0868684665766489,p29_v9_target_silhouette,board_all_median_floor,affine,affine_lmeds,1496,5.984659671783447,7.825484275817871,"[[0.964242690293037, 0.13137386244365368, -26.99199754875218], [-0.06631033534806513, 0.9894192701549352, 24.920322865264623]]",3.5,2.0,5,True,False,7.0,3,0.045,calibration/def_stereocalib_THERM.yml,calibration/def_thermalcam_ori.yml,640x480,broad_generalization_raw_only_selection,broad,v9_target_silhouette,False,v6,v9,support-v9,strict-selected,research,full,strict,all,40.103520212901515,31.495904684066772,0.9648394584655762,62.02696990966797,12.68469524383545,52.66204071044922,31.35675811767578,1.4273681640625,61.28614807128906,10.337639808654785,44.918025970458984,43.92999845743179,62.63324844837189,78,3866,1057,14.297458678483963,38.15575885772705,157,5490,1348,6114,0.01990234375,1.0,1.0,1.0,0.16893483381313792,103.72146587160292,809,1528,1821,0.9379928315412186,0.43450767841011745,1348,0.0,0.0,0.0,3.12,0.0,0.9230769230769231,general,False,,False,v9 silhouette blocked because baseline thermal target is too small,10.13529,v9_silhouette_block,0.0,0.0,0.0,-22.472656916929477,0.5470383275261324,0.9244027819776233,-24.257807463407516,-46.226220190525055,22.449955224990845,v6,strict,v6 adds strict raw/depth support-gated selection for v9; aligned metrics remain evaluation-only.,103_seq385,True,v9_target_silhouette,929,30,100.0,0.9317578125
103_seq385,103,385,p29_raw_shift_dx2p5_dy1p0_fill,True,phase21_fixed_rgb_canvas,phase23_crop_plus_board_residual_transform,,"[296, 103]","[280, 115]","Phase29 candidate generated from calibration files, raw RGB/LWIR/depth, Phase24 board-affine geometry, Phase25 depth projection support, and raw-only scene reliability scoring. MM5 aligned images are evaluation-only.",1.0,0.9331673177083334,0.9331673177083334,0.9941359758377075,0.12553933262825012,1.0,1.1367235689443316,0.955605527349291,0.9577184319496155,2.677494525909424,0.9331673177083334,1.1370565200608818,1.3026870351114854,-0.21653912961483002,0.8119118809700012,0.9331673177083334,-0.2044717834561392,0.11292544963007217,p29_raw_shift_dx2p5_dy1p0_fill,board_all_median_floor,affine,affine_lmeds,1496,5.984659671783447,7.825484275817871,"[[0.964242690293037, 0.13137386244365368, -26.99199754875218], [-0.06631033534806513, 0.9894192701549352, 24.920322865264623]]",2.5,1.0,9,True,False,3.0,2,0.1,calibration/def_stereocalib_THERM.yml,calibration/def_thermalcam_ori.yml,640x480,broad_generalization_raw_only_selection,broad,raw_shift_local,False,v6,v9,support-v9,strict-selected,research,full,strict,all,17.482212951597408,8.885608702898026,0.7086716294288635,17.062545776367188,13.411664962768555,16.70716667175293,6.885294675827026,0.7124218940734863,13.058167457580566,12.893397331237793,13.599581718444824,9.072500258684158,15.279999792575836,288,4085,1093,4.320313975214958,22.78726863861084,303,5717,1413,6614,0.021529947916666667,1.0,1.0,1.0,0.14943732007327926,98.85096869093682,387,1028,2016,0.8786490156143923,0.4957943925233645,1413,0.0,0.0,0.0,3.12,0.0,0.9230769230769231,general,False,,False,raw improvement 0.1487 is below 0.6000,17.58221295159741,generic_block,-1.0,-1.0,2.0,0.1486503443746301,1.0557491289198606,1.0,0.2136559784412384,1.127028465270996,-0.16034075617790222,v6,strict,v6 adds strict raw/depth support-gated selection for v9; aligned metrics remain evaluation-only.,103_seq385,,,,,,
103_seq385,103,385,p29_raw_shift_dx3p5_dy1p0_fill,True,phase21_fixed_rgb_canvas,phase23_crop_plus_board_residual_transform,,"[296, 103]","[280, 115]","Phase29 candidate generated from calibration files, raw RGB/LWIR/depth, Phase24 board-affine geometry, Phase25 depth projection support, and raw-only scene reliability scoring. MM5 aligned images are evaluation-only.",1.0,0.9327799479166666,0.9327799479166666,0.9941359758377075,0.12553933262825012,1.0,1.1367235689443316,0.955605527349291,0.9537404775619507,3.211729049682617,0.9327799479166666,1.1308995442316894,1.3095296064522297,-0.213338702917099,0.8035319447517395,0.9327799479166666,-0.20140996314256962,0.11166620962026544,p29_raw_shift_dx3p5_dy1p0_fill,board_all_median_floor,affine,affine_lmeds,1496,5.984659671783447,7.825484275817871,"[[0.964242690293037, 0.13137386244365368, -26.99199754875218], [-0.06631033534806513, 0.9894192701549352, 24.920322865264623]]",3.5,1.0,9,True,False,3.0,2,0.1,calibration/def_stereocalib_THERM.yml,calibration/def_thermalcam_ori.yml,640x480,broad_generalization_raw_only_selection,broad,raw_shift_local,False,v6,v9,support-v9,strict-selected,research,full,strict,all,17.921318528227307,9.31219083070755,0.7165199518203735,17.907861709594727,13.611814498901367,17.963098526000977,7.279267996549606,0.7244638800621033,13.83407211303711,13.072115898132324,14.826203346252441,9.377950698137283,16.712499678134918,271,4085,1102,4.711047753691673,24.65619468688965,286,5717,1417,6614,0.021529947916666667,1.0,1.0,1.0,0.11593823606385763,108.17261989819231,380,1028,2020,0.8825029756844074,0.4957943925233645,1417,0.0,0.0,0.0,3.12,0.0,0.9230769230769231,general,False,,False,raw improvement -0.2905 is below 0.6000,17.971318528227307,generic_block,0.0,-1.0,1.0,-0.2904552322552689,0.9965156794425087,1.0,-0.18031734228134155,-0.30547142028808594,0.2662413716316223,v6,strict,v6 adds strict raw/depth support-gated selection for v9; aligned metrics remain evaluation-only.,103_seq385,,,,,,
103_seq385,103,385,p29_raw_shift_dx4p5_dy1p0_fill,True,phase21_fixed_rgb_canvas,phase23_crop_plus_board_residual_transform,,"[296, 103]","[280, 115]","Phase29 candidate generated from calibration files, raw RGB/LWIR/depth, Phase24 board-affine geometry, Phase25 depth projection support, and raw-only scene reliability scoring. MM5 aligned images are evaluation-only.",1.0,0.9323665364583333,0.9323665364583333,0.9941359758377075,0.12553933262825012,1.0,1.1367235689443316,0.955605527349291,0.9482579827308655,3.355274200439453,0.9323665364583333,1.1244791774560314,1.3090189328520183,-0.2084508091211319,0.8319499492645264,0.9323665364583333,-0.1968689667915569,0.11049028016774771,p29_raw_shift_dx4p5_dy1p0_fill,board_all_median_floor,affine,affine_lmeds,1496,5.984659671783447,7.825484275817871,"[[0.964242690293037, 0.13137386244365368, -26.99199754875218], [-0.06631033534806513, 0.9894192701549352, 24.920322865264623]]",4.5,1.0,9,True,False,3.0,2,0.1,calibration/def_stereocalib_THERM.yml,calibration/def_thermalcam_ori.yml,640x480,broad_generalization_raw_only_selection,broad,raw_shift_local,False,v6,v9,support-v9,strict-selected,research,full,strict,all,17.89753231118951,9.292839497327805,0.6915158629417419,17.894163131713867,13.437005996704102,17.89080047607422,7.245976954698563,0.7014170289039612,13.790536880493164,12.897584915161133,14.720827102661133,9.360400229692459,16.74057775735855,276,4085,1102,4.73200698196888,24.828932762145996,291,5717,1417,6614,0.021529947916666667,1.0,1.0,1.0,0.11920963098665271,108.5178462321082,403,1028,2012,0.8816326530612245,0.497196261682243,1417,0.0,0.0,0.0,3.12,0.0,0.9230769230769231,general,False,,False,raw improvement -0.2667 is below 0.6000,17.997532311189513,generic_block,1.0,-1.0,2.0,-0.26666901521747377,1.0139372822299653,1.0,-0.14702630043029785,-0.33354949951171875,0.24689003825187683,v6,strict,v6 adds strict raw/depth support-gated selection for v9; aligned metrics remain evaluation-only.,103_seq385,,,,,,
103_seq385,103,385,p29_raw_shift_dx2p5_dy2p0_fill,True,phase21_fixed_rgb_canvas,phase23_crop_plus_board_residual_transform,,"[296, 103]","[280, 115]","Phase29 candidate generated from calibration files, raw RGB/LWIR/depth, Phase24 board-affine geometry, Phase25 depth projection support, and raw-only scene reliability scoring. MM5 aligned images are evaluation-only.",1.0,0.9321451822916667,0.9321451822916667,0.9941359758377075,0.12553933262825012,1.0,1.1367235689443316,0.955605527349291,0.9576959013938904,2.521317720413208,0.9321451822916667,1.131803289840802,1.2615686317959378,-0.2051125019788742,0.8053844571113586,0.9321451822916667,-0.19307809169613233,0.1124447801694002,p29_raw_shift_dx2p5_dy2p0_fill,board_all_median_floor,affine,affine_lmeds,1496,5.984659671783447,7.825484275817871,"[[0.964242690293037, 0.13137386244365368, -26.99199754875218], [-0.06631033534806513, 0.9894192701549352, 24.920322865264623]]",2.5,2.0,9,True,False,3.0,2,0.1,calibration/def_stereocalib_THERM.yml,calibration/def_thermalcam_ori.yml,640x480,broad_generalization_raw_only_selection,broad,raw_shift_local,False,v6,v9,support-v9,strict-selected,research,full,strict,all,17.196811436656414,8.618696302175522,0.5840970873832703,16.653295516967773,13.790534973144531,16.186429977416992,6.69852477312088,0.6110159158706665,12.786033630371094,13.321784973144531,13.14729118347168,8.756500273942947,14.918353140354156,290,4085,1093,4.149759814143181,22.878914833068848,305,5717,1413,6614,0.021529947916666667,1.0,1.0,1.0,0.10847945563988484,107.7691976165321,335,1028,1985,0.8816103718867281,0.49252336448598133,1413,0.0,0.0,0.0,3.12,0.0,0.9230769230769231,general,False,,False,raw improvement 0.4341 is below 0.6000,17.246811436656415,generic_block,-1.0,0.0,1.0,0.4340518593156233,1.0627177700348431,1.0,0.40042588114738464,1.4886751174926758,-0.4272531569004059,v6,strict,v6 adds strict raw/depth support-gated selection for v9; aligned metrics remain evaluation-only.,103_seq385,,,,,,
103_seq385,103,385,p29_raw_shift_dx4p5_dy2p0_fill,True,phase21_fixed_rgb_canvas,phase23_crop_plus_board_residual_transform,,"[296, 103]","[280, 115]","Phase29 candidate generated from calibration files, raw RGB/LWIR/depth, Phase24 board-affine geometry, Phase25 depth projection support, and raw-only scene reliability scoring. MM5 aligned images are evaluation-only.",1.0,0.9313444010416667,0.9313444010416667,0.9941359758377075,0.12553933262825012,1.0,1.1367235689443316,0.955605527349291,0.948180615901947,2.7590200901031494,0.9313444010416667,1.120610365322567,1.2598924664082594,-0.19792555272579193,0.7983573079109192,0.9313444010416667,-0.18634238196190459,0.10915543074235241,p29_raw_shift_dx4p5_dy2p0_fill,board_all_median_floor,affine,affine_lmeds,1496,5.984659671783447,7.825484275817871,"[[0.964242690293037, 0.13137386244365368, -26.99199754875218], [-0.06631033534806513, 0.9894192701549352, 24.920322865264623]]",4.5,2.0,9,True,False,3.0,2,0.1,calibration/def_stereocalib_THERM.yml,calibration/def_thermalcam_ori.yml,640x480,broad_generalization_raw_only_selection,broad,raw_shift_local,False,v6,v9,support-v9,strict-selected,research,full,strict,all,17.229452127692834,8.64334163069725,0.6446201205253601,16.64206314086914,12.896795272827148,15.86730670928955,6.713874518871307,0.6758540868759155,12.7518949508667,12.361512184143066,12.842998504638672,8.693300276994705,15.07213407754898,279,4085,1093,4.197500631213188,22.193208694458008,294,5717,1413,6614,0.021529947916666667,1.0,1.0,1.0,0.12077990054959435,108.4606434333126,409,1028,1984,0.8831456840668713,0.49439252336448597,1413,0.0,0.0,0.0,3.12,0.0,0.9230769230769231,general,False,,False,raw improvement 0.4014 is below 0.6000,17.279452127692835,generic_block,1.0,0.0,1.0,0.4014111682792034,1.024390243902439,1.0,0.3850761353969574,1.3348941802978516,-0.40260782837867737,v6,strict,v6 adds strict raw/depth support-gated selection for v9; aligned metrics remain evaluation-only.,103_seq385,,,,,,
103_seq385,103,385,p29_raw_shift_dx2p5_dy3p0_fill,True,phase21_fixed_rgb_canvas,phase23_crop_plus_board_residual_transform,,"[296, 103]","[280, 115]","Phase29 candidate generated from calibration files, raw RGB/LWIR/depth, Phase24 board-affine geometry, Phase25 depth projection support, and raw-only scene reliability scoring. MM5 aligned images are evaluation-only.",1.0,0.9310774739583333,0.9310774739583333,0.9941359758377075,0.12553933262825012,1.0,1.1367235689443316,0.955605527349291,0.9443188309669495,3.5604636669158936,0.9310774739583333,1.099775893856657,1.1787989659413542,-0.19437938928604126,0.9284687042236328,0.9310774739583333,-0.18332765223616956,0.11081699516808995,p29_raw_shift_dx2p5_dy3p0_fill,board_all_median_floor,affine,affine_lmeds,1496,5.984659671783447,7.825484275817871,"[[0.964242690293037, 0.13137386244365368, -26.99199754875218], [-0.06631033534806513, 0.9894192701549352, 24.920322865264623]]",2.5,3.0,9,True,False,3.0,2,0.1,calibration/def_stereocalib_THERM.yml,calibration/def_thermalcam_ori.yml,640x480,broad_generalization_raw_only_selection,broad,raw_shift_local,False,v6,v9,support-v9,strict-selected,research,full,strict,all,17.489895381627985,8.89098784327507,0.6861695647239685,17.095806121826172,13.183013916015625,16.850496292114258,7.029456466436386,0.7068344950675964,13.352078437805176,12.666816711425781,13.937321662902832,8.882900267839432,16.097356855869293,267,4085,1093,4.385870590806007,23.20718765258789,282,5717,1413,6614,0.021529947916666667,1.0,1.0,1.0,0.10704004187385502,107.72770977776948,328,1028,2011,0.8824833702882483,0.49485981308411214,1413,0.0,0.0,0.0,3.12,0.0,0.9230769230769231,general,False,,False,raw improvement 0.1410 is below 0.6000,17.589895381627986,generic_block,-1.0,1.0,2.0,0.14096791434405276,0.9825783972125436,1.0,0.06949418783187866,0.30967140197753906,-0.15496161580085754,v6,strict,v6 adds strict raw/depth support-gated selection for v9; aligned metrics remain evaluation-only.,103_seq385,,,,,,
103_seq385,103,385,p29_raw_shift_dx3p5_dy3p0_fill,True,phase21_fixed_rgb_canvas,phase23_crop_plus_board_residual_transform,,"[296, 103]","[280, 115]","Phase29 candidate generated from calibration files, raw RGB/LWIR/depth, Phase24 board-affine geometry, Phase25 depth projection support, and raw-only scene reliability scoring. MM5 aligned images are evaluation-only.",1.0,0.9306901041666666,0.9306901041666666,0.9941359758377075,0.12553933262825012,1.0,1.1367235689443316,0.955605527349291,0.9402909874916077,3.5226144790649414,0.9306901041666666,1.095794414485065,1.177594092452314,-0.19135761260986328,0.9332376718521118,0.9306901041666666,-0.18066284360473575,0.10862796690826797,p29_raw_shift_dx3p5_dy3p0_fill,board_all_median_floor,affine,affine_lmeds,1496,5.984659671783447,7.825484275817871,"[[0.964242690293037, 0.13137386244365368, -26.99199754875218], [-0.06631033534806513, 0.9894192701549352, 24.920322865264623]]",3.5,3.0,9,True,False,3.0,2,0.1,calibration/def_stereocalib_THERM.yml,calibration/def_thermalcam_ori.yml,640x480,broad_generalization_raw_only_selection,broad,raw_shift_local,False,v6,v9,support-v9,strict-selected,research,full,strict,all,17.09348258765187,8.500466167926788,0.7691246271133423,16.231807708740234,12.539555549621582,15.507587432861328,6.654922723770142,0.7926850318908691,12.517160415649414,12.024255752563477,12.59725284576416,8.549349814653397,14.711202681064606,287,4085,1093,4.023344114422798,21.39058017730713,302,5717,1413,6614,0.021529947916666667,1.0,1.0,1.0,0.11305940853179795,108.05996566422634,363,1028,2009,0.8784173883511632,0.4976635514018692,1413,0.0,0.0,0.0,3.12,0.0,0.9230769230769231,general,False,,False,raw improvement 0.5374 is below 0.6000,17.14348258765187,generic_block,0.0,1.0,1.0,0.5373807083201676,1.0522648083623694,1.0,0.44402793049812317,1.6958255767822266,-0.5454832911491394,v6,strict,v6 adds strict raw/depth support-gated selection for v9; aligned metrics remain evaluation-only.,103_seq385,,,,,,
103_seq385,103,385,p29_raw_shift_dx4p5_dy3p0_fill,True,phase21_fixed_rgb_canvas,phase23_crop_plus_board_residual_transform,,"[296, 103]","[280, 115]","Phase29 candidate generated from calibration files, raw RGB/LWIR/depth, Phase24 board-affine geometry, Phase25 depth projection support, and raw-only scene reliability scoring. MM5 aligned images are evaluation-only.",1.0,0.9302766927083334,0.9302766927083334,0.9941359758377075,0.12553933262825012,1.0,1.1367235689443316,0.955605527349291,0.9352908730506897,3.0502588748931885,0.9302766927083334,1.0932846291632512,1.1753020624128048,-0.18809100985527039,0.9351170063018799,0.9302766927083334,-0.1776447854270078,0.1070461764404924,p29_raw_shift_dx4p5_dy3p0_fill,board_all_median_floor,affine,affine_lmeds,1496,5.984659671783447,7.825484275817871,"[[0.964242690293037, 0.13137386244365368, -26.99199754875218], [-0.06631033534806513, 0.9894192701549352, 24.920322865264623]]",4.5,3.0,9,True,False,3.0,2,0.1,calibration/def_stereocalib_THERM.yml,calibration/def_thermalcam_ori.yml,640x480,broad_generalization_raw_only_selection,broad,raw_shift_local,False,v6,v9,support-v9,strict-selected,research,full,strict,all,16.67330023484845,8.090998947620392,0.8492571115493774,15.332740783691406,12.053533554077148,14.687016487121582,6.260642796754837,0.8750301003456116,11.646255493164062,11.549986839294434,12.141645431518555,8.054299861192703,13.980206549167633,309,4085,1093,3.825407788157463,21.49591827392578,324,5717,1413,6614,0.021529947916666667,1.0,1.0,1.0,0.1190787751897409,108.37689395584628,398,1028,2008,0.8732012866091078,0.4981308411214953,1413,0.0,0.0,0.0,3.12,0.0,0.9230769230769231,general,False,,False,LWIR edge growth 1.129 exceeds 1.120,16.773300234848453,generic_block,1.0,1.0,2.0,0.9575630611235866,1.1289198606271778,1.0,0.8383078575134277,2.426821708679199,-0.9549505114555359,v6,strict,v6 adds strict raw/depth support-gated selection for v9; aligned metrics remain evaluation-only.,103_seq385,,,,,,
103_seq385,103,385,p29_raw_shift_dx3p0_dy2p0_fill,True,phase21_fixed_rgb_canvas,phase23_crop_plus_board_residual_transform,,"[296, 103]","[280, 115]","Phase29 candidate generated from calibration files, raw RGB/LWIR/depth, Phase24 board-affine geometry, Phase25 depth projection support, and raw-only scene reliability scoring. MM5 aligned images are evaluation-only.",1.0,0.9317578125,0.9317578125,0.9941359758377075,0.12553933262825012,1.0,1.1367235689443316,0.955605527349291,0.9555694460868835,3.5433788299560547,0.9317578125,1.122782733583686,1.2564904031769253,-0.20508421957492828,0.84685218334198,0.9317578125,-0.19312271685896049,0.11361743877346446,p29_raw_shift_dx3p0_dy2p0_fill,board_all_median_floor,affine,affine_lmeds,1496,5.984659671783447,7.825484275817871,"[[0.964242690293037, 0.13137386244365368, -26.99199754875218], [-0.06631033534806513, 0.9894192701549352, 24.920322865264623]]",3.0,2.0,9,True,False,3.0,2,0.1,calibration/def_stereocalib_THERM.yml,calibration/def_thermalcam_ori.yml,640x480,broad_generalization_raw_only_selection,broad,raw_shift_local,False,v6,v9,support-v9,strict-selected,research,full,strict,all,17.24753900470634,8.673120021820068,0.7238035202026367,16.6224365234375,13.540031433105469,16.139652252197266,6.749660521745682,0.7534294724464417,12.745891571044922,13.080626487731934,13.129329681396484,8.595000296831131,15.09039980173111,302,4085,1093,4.196059450507164,22.82238006591797,317,5717,1413,6614,0.021529947916666667,1.0,1.0,1.0,0.11122742737503272,108.4158088653192,345,1028,1984,0.8798640611724724,0.4929906542056075,1413,0.0,0.0,0.0,3.12,0.0,0.9230769230769231,general,False,,False,raw improvement 0.3833 is below 0.6000,17.27253900470634,generic_block,-0.5,0.0,0.5,0.3833242912656978,1.1045296167247387,1.0,0.349290132522583,1.3166284561157227,-0.3728294372558594,v6,strict,v6 adds strict raw/depth support-gated selection for v9; aligned metrics remain evaluation-only.,103_seq385,,,,,,
103_seq385,103,385,p29_raw_shift_dx4p0_dy2p0_fill,True,phase21_fixed_rgb_canvas,phase23_crop_plus_board_residual_transform,,"[296, 103]","[280, 115]","Phase29 candidate generated from calibration files, raw RGB/LWIR/depth, Phase24 board-affine geometry, Phase25 depth projection support, and raw-only scene reliability scoring. MM5 aligned images are evaluation-only.",1.0,0.9313444010416667,0.9313444010416667,0.9941359758377075,0.12553933262825012,1.0,1.1367235689443316,0.955605527349291,0.9506720304489136,3.769597053527832,0.9313444010416667,1.1162175938594974,1.2544209715450056,-0.2017609179019928,0.8545405268669128,0.9313444010416667,-0.19010420123129362,0.11189306554600434,p29_raw_shift_dx4p0_dy2p0_fill,board_all_median_floor,affine,affine_lmeds,1496,5.984659671783447,7.825484275817871,"[[0.964242690293037, 0.13137386244365368, -26.99199754875218], [-0.06631033534806513, 0.9894192701549352, 24.920322865264623]]",4.0,2.0,9,True,False,3.0,2,0.1,calibration/def_stereocalib_THERM.yml,calibration/def_thermalcam_ori.yml,640x480,broad_generalization_raw_only_selection,broad,raw_shift_local,False,v6,v9,support-v9,strict-selected,research,full,strict,all,16.744887366231726,8.184285789728165,0.7837441563606262,15.584827423095703,13.083246231079102,15.166579246520996,6.281569957733154,0.8169784545898438,11.746161460876465,12.632332801818848,12.611123085021973,8.008649855852127,14.233702719211578,325,4085,1093,3.961141511797905,22.79640007019043,340,5717,1413,6614,0.021529947916666667,1.0,1.0,1.0,0.11737764982988746,108.77634979811823,383,1028,1984,0.8727334350110151,0.4939252336448598,1413,0.0,0.0,0.0,3.12,0.0,0.9230769230769231,general,False,,False,LWIR edge growth 1.185 exceeds 1.120,16.769887366231725,generic_block,0.5,0.0,0.5,0.8859759297403116,1.1846689895470384,1.0,0.8173806965351105,2.173325538635254,-0.8616636693477631,v6,strict,v6 adds strict raw/depth support-gated selection for v9; aligned metrics remain evaluation-only.,103_seq385,,,,,,
103_seq385,103,385,p29_raw_shift_dx3p5_dy1p5_fill,True,phase21_fixed_rgb_canvas,phase23_crop_plus_board_residual_transform,,"[296, 103]","[280, 115]","Phase29 candidate generated from calibration files, raw RGB/LWIR/depth, Phase24 board-affine geometry, Phase25 depth projection support, and raw-only scene reliability scoring. MM5 aligned images are evaluation-only.",1.0,0.9327799479166666,0.9327799479166666,0.9941359758377075,0.12553933262825012,1.0,1.1367235689443316,0.955605527349291,0.9560711979866028,3.370830774307251,0.9327799479166666,1.130883025339443,1.3002454133245591,-0.20742550492286682,0.7980431914329529,0.9327799479166666,-0.19562454467267695,0.1105947959919171,p29_raw_shift_dx3p5_dy1p5_fill,board_all_median_floor,affine,affine_lmeds,1496,5.984659671783447,7.825484275817871,"[[0.964242690293037, 0.13137386244365368, -26.99199754875218], [-0.06631033534806513, 0.9894192701549352, 24.920322865264623]]",3.5,1.5,9,True,False,3.0,2,0.1,calibration/def_stereocalib_THERM.yml,calibration/def_thermalcam_ori.yml,640x480,broad_generalization_raw_only_selection,broad,raw_shift_local,False,v6,v9,support-v9,strict-selected,research,full,strict,all,16.83148428369918,8.261446058750153,0.7171975374221802,15.805694580078125,12.63623332977295,15.504085540771484,6.29942062497139,0.7511335015296936,11.847707748413086,12.094924926757812,12.794278144836426,8.342199832201004,14.353077948093414,310,4085,1102,4.050294920802116,22.294321060180664,326,5717,1417,6614,0.021529947916666667,1.0,1.0,1.0,0.11449882229782779,108.29431725869203,365,1028,2006,0.8707817534339495,0.4934579439252336,1417,0.0,0.0,0.0,3.12,0.0,0.9230769230769231,general,False,,False,LWIR edge growth 1.136 exceeds 1.120,16.856484283699178,generic_block,0.0,-0.5,0.5,0.7993790122728583,1.1358885017421603,1.0,0.799530029296875,2.053950309753418,-0.7845034003257751,v6,strict,v6 adds strict raw/depth support-gated selection for v9; aligned metrics remain evaluation-only.,103_seq385,,,,,,
103_seq385,103,385,p29_raw_shift_dx3p5_dy2p5_fill,True,phase21_fixed_rgb_canvas,phase23_crop_plus_board_residual_transform,,"[296, 103]","[280, 115]","Phase29 candidate generated from calibration files, raw RGB/LWIR/depth, Phase24 board-affine geometry, Phase25 depth projection support, and raw-only scene reliability scoring. MM5 aligned images are evaluation-only.",1.0,0.9317578125,0.9317578125,0.9941359758377075,0.12553933262825012,1.0,1.1367235689443316,0.955605527349291,0.9493234753608704,3.9804298877716064,0.9317578125,1.1093263635990818,1.2259031170989407,-0.19736121594905853,0.9013457894325256,0.9317578125,-0.1862584519545331,0.11007225820747053,p29_raw_shift_dx3p5_dy2p5_fill,board_all_median_floor,affine,affine_lmeds,1496,5.984659671783447,7.825484275817871,"[[0.964242690293037, 0.13137386244365368, -26.99199754875218], [-0.06631033534806513, 0.9894192701549352, 24.920322865264623]]",3.5,2.5,9,True,False,3.0,2,0.1,calibration/def_stereocalib_THERM.yml,calibration/def_thermalcam_ori.yml,640x480,broad_generalization_raw_only_selection,broad,raw_shift_local,False,v6,v9,support-v9,strict-selected,research,full,strict,all,17.122021247775383,8.558720856904984,0.758493959903717,16.35894775390625,12.608304023742676,16.45558738708496,6.6347737312316895,0.7837696075439453,12.485777854919434,12.110322952270508,13.726542472839355,8.486149817705154,15.48714929819107,299,4085,1093,4.295734450221062,23.883418083190918,314,5717,1413,6614,0.021529947916666667,1.0,1.0,1.0,0.11292855273488615,108.2869365906149,359,1028,1987,0.8734929529631517,0.4939252336448598,1413,0.0,0.0,0.0,3.12,0.0,0.9230769230769231,general,False,,False,raw improvement 0.5088 is below 0.6000,17.14702124777538,generic_block,0.0,0.5,0.5,0.5088420481966551,1.0940766550522647,1.0,0.4641769230365753,0.9198789596557617,-0.4872286021709442,v6,strict,v6 adds strict raw/depth support-gated selection for v9; aligned metrics remain evaluation-only.,103_seq385,,,,,,
110_seq396,110,396,p29_baseline,True,phase21_fixed_rgb_canvas,phase24_affine_lwir_subpixel_shift_depth_fill_then_morph_close,,"[296, 103]","[280, 115]","Phase29 candidate generated from calibration files, raw RGB/LWIR/depth, Phase24 board-affine geometry, Phase25 depth projection support, and raw-only scene reliability scoring. MM5 aligned images are evaluation-only.",1.0,0.9317578125,0.9317578125,0.8580554723739624,0.6597378253936768,1.0,0.9890719967555267,0.8998330088928426,0.8618914484977722,3.569847345352173,0.9317578125,1.0225002654731896,1.21351934031687,-0.11580769717693329,0.8487512469291687,0.9317578125,-0.06304226176481947,0.38571961929125886,p29_baseline,board_all_median_floor,affine,affine_lmeds,1496,5.984659671783447,7.825484275817871,"[[0.964242690293037, 0.13137386244365368, -26.99199754875218], [-0.06631033534806513, 0.9894192701549352, 24.920322865264623]]",3.5,2.0,9,True,False,3.0,2,0.1,calibration/def_stereocalib_THERM.yml,calibration/def_thermalcam_ori.yml,640x480,broad_generalization_raw_only_selection,broad,baseline,False,v6,v9,support-v9,strict-selected,research,full,strict,all,16.038179751971338,7.551729917526245,2.5608582496643066,12.542601585388184,16.310537338256836,10.332743644714355,6.502948522567749,3.218200206756592,9.787696838378906,16.35420799255371,10.33366870880127,8.322541236877441,15.044751644134521,579,4564,1595,3.3099693059921265,28.146496772766113,663,6780,1595,8230,0.026790364583333334,0.545321992709599,1.0,1.0,0.2111913357400722,83.07320115629389,607,1188,2105,0.8481609993060375,0.42990654205607476,1595,0.0,0.018712029161604082,0.0,2.9866194915771485,0.0,0.9230769230769231,general,False,,False,,16.038179751971338,v6_baseline,0.0,0.0,0.0,0.0,1.0,1.0,0.0,0.0,0.0,v6,strict,v6 baseline row; aligned metrics are not used for selection.,110_seq396,,,,,,
110_seq396,110,396,p29_depth_conservative,True,phase21_fixed_rgb_canvas,phase23_crop_plus_board_residual_transform,,"[296, 103]","[280, 115]","Phase29 candidate generated from calibration files, raw RGB/LWIR/depth, Phase24 board-affine geometry, Phase25 depth projection support, and raw-only scene reliability scoring. MM5 aligned images are evaluation-only.",1.0,0.9317578125,0.9317578125,0.8580554723739624,0.6597378253936768,1.0,0.9890719967555267,0.8998330088928426,0.8600720167160034,5.044600963592529,0.9317578125,1.0110649720144873,1.2084037405335932,-0.11711293458938599,0.8228935599327087,0.9317578125,-0.06490599431439543,0.38096201089724535,p29_depth_conservative,board_all_median_floor,affine,affine_lmeds,1496,5.984659671783447,7.825484275817871,"[[0.964242690293037, 0.13137386244365368, -26.99199754875218], [-0.06631033534806513, 0.9894192701549352, 24.920322865264623]]",3.5,2.0,9,False,False,4.0,3,0.075,calibration/def_stereocalib_THERM.yml,calibration/def_thermalcam_ori.yml,640x480,broad_generalization_raw_only_selection,broad,depth_conservative,False,v6,v9,support-v9,strict-selected,research,full,strict,all,15.590415404226405,7.100210785865784,2.5167362689971924,11.683685302734375,16.082881927490234,9.755060195922852,6.440057873725891,3.752777338027954,9.127338409423828,15.782061576843262,9.755985260009766,8.117499947547913,14.83760118484497,569,4303,1595,2.8695532083511353,27.64793300628662,680,6447,1595,7660,0.024934895833333335,0.5475195822454308,1.0,1.0,0.2111913357400722,83.07320115629389,607,1758,2125,0.8320488585138869,0.4262610704659222,1595,0.0,0.00992167101827679,0.0,2.940404815673828,0.0,0.9230769230769231,general,False,,False,depth/reflection/edge guard candidates are diagnostic-only by default,15.590415404226405,diagnostic_guard_block,0.0,0.0,0.0,0.4477643477449327,1.0256410256410255,0.9307411907654921,0.06289064884185791,0.20715045928955078,-0.4515191316604614,v6,strict,v6 adds strict raw/depth support-gated selection for v9; aligned metrics remain evaluation-only.,110_seq396,,,,,,
110_seq396,110,396,p29_reflection_guard,True,phase21_fixed_rgb_canvas,phase23_crop_plus_board_residual_transform,,"[296, 103]","[280, 115]","Phase29 candidate generated from calibration files, raw RGB/LWIR/depth, Phase24 board-affine geometry, Phase25 depth projection support, and raw-only scene reliability scoring. MM5 aligned images are evaluation-only.",1.0,0.9317578125,0.9317578125,0.8580554723739624,0.6597378253936768,1.0,0.9890719967555267,0.8998330088928426,0.8600720167160034,5.044600963592529,0.9317578125,1.0110649720144873,1.2084037405335932,-0.11711293458938599,0.8228935599327087,0.9317578125,-0.06490599431439543,0.38096201089724535,p29_reflection_guard,board_all_median_floor,affine,affine_lmeds,1496,5.984659671783447,7.825484275817871,"[[0.964242690293037, 0.13137386244365368, -26.99199754875218], [-0.06631033534806513, 0.9894192701549352, 24.920322865264623]]",3.5,2.0,9,False,False,4.5,3,0.055,calibration/def_stereocalib_THERM.yml,calibration/def_thermalcam_ori.yml,640x480,broad_generalization_raw_only_selection,broad,reflection_guard,False,v6,v9,support-v9,strict-selected,research,full,strict,all,15.571188705033155,7.100210785865784,2.5167362689971924,11.683685302734375,16.082881927490234,9.755060195922852,6.440057873725891,3.752777338027954,9.127338409423828,15.782061576843262,9.755985260009766,8.117499947547913,14.83760118484497,569,4303,1595,2.8695532083511353,27.64793300628662,680,6447,1595,7660,0.024934895833333335,0.5475195822454308,1.0,1.0,0.2111913357400722,83.07320115629389,607,1758,2129,0.8320488585138869,0.40815548780487804,1595,0.0,0.00992167101827679,0.0,2.940404815673828,0.0,0.9230769230769231,general,False,,False,depth/reflection/edge guard candidates are diagnostic-only by default,15.571188705033155,diagnostic_guard_block,0.0,0.0,0.0,0.4669910469381833,1.0256410256410255,0.9307411907654921,0.06289064884185791,0.20715045928955078,-0.4515191316604614,v6,strict,v6 adds strict raw/depth support-gated selection for v9; aligned metrics remain evaluation-only.,110_seq396,,,,,,
110_seq396,110,396,p29_small_target_guard,True,phase21_fixed_rgb_canvas,phase23_crop_plus_board_residual_transform,,"[296, 103]","[280, 115]","Phase29 candidate generated from calibration files, raw RGB/LWIR/depth, Phase24 board-affine geometry, Phase25 depth projection support, and raw-only scene reliability scoring. MM5 aligned images are evaluation-only.",1.0,0.9317578125,0.9317578125,0.8580554723739624,0.6597378253936768,1.0,0.9890719967555267,0.8998330088928426,0.8518385291099548,4.530991077423096,0.9317578125,1.0056614665199786,1.2067258924970814,-0.09263841807842255,0.8738334774971008,0.9317578125,-0.04164865030071267,0.3748851242846165,p29_small_target_guard,board_all_median_floor,affine,affine_lmeds,1496,5.984659671783447,7.825484275817871,"[[0.964242690293037, 0.13137386244365368, -26.99199754875218], [-0.06631033534806513, 0.9894192701549352, 24.920322865264623]]",3.5,2.0,5,True,False,3.0,2,0.065,calibration/def_stereocalib_THERM.yml,calibration/def_thermalcam_ori.yml,640x480,broad_generalization_raw_only_selection,broad,small_target_guard,False,v6,v9,support-v9,strict-selected,research,full,strict,all,15.147027685231864,6.855924963951111,2.258012533187866,11.453837394714355,14.935384750366211,9.027593612670898,5.7776488065719604,2.804936170578003,8.750361442565918,14.870916366577148,9.029478073120117,7.099299967288971,14.198601245880127,692,4564,1595,3.127926468849182,26.511412620544434,800,6780,1595,8230,0.026790364583333334,0.545321992709599,1.0,1.0,0.2206413251221066,77.84653658970629,542,1188,2098,0.8126289723483285,0.4279595015576324,1595,0.0,0.018712029161604082,0.0,2.882207489013672,0.0,0.9230769230769231,general,False,,False,LWIR edge growth 1.207 exceeds 1.080,15.367027685231864,small_target_guard_block,0.0,0.0,0.0,0.8911520667394743,1.2066365007541477,1.0,0.7252997159957886,0.8461503982543945,-0.6958049535751343,v6,strict,v6 adds strict raw/depth support-gated selection for v9; aligned metrics remain evaluation-only.,110_seq396,,,,,,
110_seq396,110,396,p29_edge_contamination_guard,True,phase21_fixed_rgb_canvas,phase23_crop_plus_board_residual_transform,,"[296, 103]","[280, 115]","Phase29 candidate generated from calibration files, raw RGB/LWIR/depth, Phase24 board-affine geometry, Phase25 depth projection support, and raw-only scene reliability scoring. MM5 aligned images are evaluation-only.",1.0,0.9317578125,0.9317578125,0.8580554723739624,0.6597378253936768,1.0,0.9890719967555267,0.8998330088928426,0.8600720167160034,5.044600963592529,0.9317578125,1.0110649720144873,1.2084037405335932,-0.11711293458938599,0.8228935599327087,0.9317578125,-0.06490599431439543,0.38096201089724535,p29_edge_contamination_guard,board_all_median_floor,affine,affine_lmeds,1496,5.984659671783447,7.825484275817871,"[[0.964242690293037, 0.13137386244365368, -26.99199754875218], [-0.06631033534806513, 0.9894192701549352, 24.920322865264623]]",3.5,2.0,9,False,False,4.0,3,0.08,calibration/def_stereocalib_THERM.yml,calibration/def_thermalcam_ori.yml,640x480,broad_generalization_raw_only_selection,broad,edge_contamination_guard,False,v6,v9,support-v9,strict-selected,research,full,strict,all,15.590415404226405,7.100210785865784,2.5167362689971924,11.683685302734375,16.082881927490234,9.755060195922852,6.440057873725891,3.752777338027954,9.127338409423828,15.782061576843262,9.755985260009766,8.117499947547913,14.83760118484497,569,4303,1595,2.8695532083511353,27.64793300628662,680,6447,1595,7660,0.024934895833333335,0.5475195822454308,1.0,1.0,0.2111913357400722,83.07320115629389,607,1758,2125,0.8320488585138869,0.4262610704659222,1595,0.0,0.00992167101827679,0.0,2.940404815673828,0.0,0.9230769230769231,general,False,,False,depth/reflection/edge guard candidates are diagnostic-only by default,15.590415404226405,diagnostic_guard_block,0.0,0.0,0.0,0.4477643477449327,1.0256410256410255,0.9307411907654921,0.06289064884185791,0.20715045928955078,-0.4515191316604614,v6,strict,v6 adds strict raw/depth support-gated selection for v9; aligned metrics remain evaluation-only.,110_seq396,,,,,,
110_seq396,110,396,p29_v9_support_gated,True,phase21_fixed_rgb_canvas,phase23_crop_plus_board_residual_transform,,"[296, 103]","[280, 115]","Phase29 candidate generated from calibration files, raw RGB/LWIR/depth, Phase24 board-affine geometry, Phase25 depth projection support, and raw-only scene reliability scoring. MM5 aligned images are evaluation-only.",1.0,0.9317578125,0.9317578125,0.8580554723739624,0.6597378253936768,1.0,0.9890719967555267,0.8998330088928426,0.7411401271820068,5.196243762969971,0.9317578125,0.8676816414586035,1.0514598456961104,-0.08175280690193176,0.9967007637023926,0.9317578125,-0.03506344441943855,0.35113044709805047,p29_v9_support_gated,board_all_median_floor,affine,affine_lmeds,1496,5.984659671783447,7.825484275817871,"[[0.964242690293037, 0.13137386244365368, -26.99199754875218], [-0.06631033534806513, 0.9894192701549352, 24.920322865264623]]",3.5,2.0,5,True,False,7.0,3,0.075,calibration/def_stereocalib_THERM.yml,calibration/def_thermalcam_ori.yml,640x480,broad_generalization_raw_only_selection,broad,v9_support_gated,False,v6,v9,support-v9,strict-selected,research,full,strict,all,13.201027708703126,5.186914443969727,2.806854724884033,7.56697416305542,14.629559516906738,5.08732795715332,4.266440749168396,3.246523141860962,5.28635835647583,14.385835647583008,5.08732795715332,5.333249926567078,11.207200050354004,1553,4303,1595,2.2222737073898315,21.747303009033203,1638,6447,1595,7660,0.024934895833333335,0.5475195822454308,1.0,1.0,0.28360586111700997,72.53472595475192,584,1758,2425,0.7102272727272727,0.4186789772727273,1595,0.0,0.00992167101827679,0.0,2.5669862365722658,0.0,0.9230769230769231,general,False,,False,v9 support-gated mode is reserved for reflection/background scenes,12.95104,v9_reflection_block,0.0,0.0,0.0,2.837152043268212,2.4705882352941178,0.9307411907654921,2.236507773399353,3.8375515937805176,-2.3648154735565186,v6,strict,v6 adds strict raw/depth support-gated selection for v9; aligned metrics remain evaluation-only.,110_seq396,True,v9_support_gated,11504,76,,0.9317578125
110_seq396,110,396,p29_v9_support_gated_tight,True,phase21_fixed_rgb_canvas,phase23_crop_plus_board_residual_transform,,"[296, 103]","[280, 115]","Phase29 candidate generated from calibration files, raw RGB/LWIR/depth, Phase24 board-affine geometry, Phase25 depth projection support, and raw-only scene reliability scoring. MM5 aligned images are evaluation-only.",1.0,0.9317578125,0.9317578125,0.8580554723739624,0.6597378253936768,1.0,0.9890719967555267,0.8998330088928426,0.7588642835617065,5.1701741218566895,0.9317578125,0.8860088404808374,1.0544373443351396,-0.07998355478048325,0.9847667813301086,0.9317578125,-0.03263389125130535,0.355055094781057,p29_v9_support_gated_tight,board_all_median_floor,affine,affine_lmeds,1496,5.984659671783447,7.825484275817871,"[[0.964242690293037, 0.13137386244365368, -26.99199754875218], [-0.06631033534806513, 0.9894192701549352, 24.920322865264623]]",3.5,2.0,5,True,False,8.0,4,0.055,calibration/def_stereocalib_THERM.yml,calibration/def_thermalcam_ori.yml,640x480,broad_generalization_raw_only_selection,broad,v9_support_gated_tight,False,v6,v9,support-v9,strict-selected,research,full,strict,all,14.28927088419598,5.952813506126404,2.9623191356658936,8.943307876586914,14.600778579711914,7.755646228790283,5.338729739189148,3.9307477474212646,6.746711730957031,14.444530487060547,7.755646228790283,7.036100149154663,13.928250312805176,1414,4059,1595,2.59614634513855,24.88825798034668,1492,6111,1595,7106,0.023131510416666667,0.5499577821559246,1.0,1.0,0.3016564026332555,68.16657468917147,635,2312,2421,0.73006993006993,0.408929836995039,1595,0.0,0.00016887137630172688,0.0,2.7804516983032226,0.0,0.9230769230769231,general,False,,False,v9 support candidate mode is diagnostic-only unless a dedicated raw/depth gate allows it,12.64222,v9_mode_block,0.0,0.0,0.0,1.7489088677753575,2.2503770739064857,0.8634264884568651,1.164218783378601,1.1165013313293457,-1.5989164113998413,v6,strict,v6 adds strict raw/depth support-gated selection for v9; aligned metrics remain evaluation-only.,110_seq396,True,v9_support_gated_tight,9822,77,,0.9317578125
110_seq396,110,396,p29_v9_target_only,True,phase21_fixed_rgb_canvas,phase23_crop_plus_board_residual_transform,,"[296, 103]","[280, 115]","Phase29 candidate generated from calibration files, raw RGB/LWIR/depth, Phase24 board-affine geometry, Phase25 depth projection support, and raw-only scene reliability scoring. MM5 aligned images are evaluation-only.",1.0,0.9317578125,0.9317578125,0.8580554723739624,0.6597378253936768,1.0,0.9890719967555267,0.8998330088928426,0.9044666290283203,2.2281479835510254,0.9317578125,1.053459342031997,1.0824106726998863,-0.12093687802553177,1.03633713722229,0.9317578125,-0.07497730645854048,0.34785062926883353,p29_v9_target_only,board_all_median_floor,affine,affine_lmeds,1496,5.984659671783447,7.825484275817871,"[[0.964242690293037, 0.13137386244365368, -26.99199754875218], [-0.06631033534806513, 0.9894192701549352, 24.920322865264623]]",3.5,2.0,5,True,False,8.0,4,0.045,calibration/def_stereocalib_THERM.yml,calibration/def_thermalcam_ori.yml,640x480,broad_generalization_raw_only_selection,broad,v9_target_only,False,v6,v9,support-v9,strict-selected,research,full,strict,all,18.21294849690391,9.356367588043213,2.9567108154296875,15.756024360656738,15.240354537963867,11.456427574157715,7.90674614906311,4.5401930809021,11.273299217224121,14.211484909057617,11.456427574157715,9.6732337474823,17.66854476928711,438,4059,1595,4.36675763130188,26.01705551147461,529,6111,1595,7106,0.023131510416666667,0.5499577821559246,1.0,1.0,0.25430027606710554,69.33604149894214,765,2312,2293,0.8741475511469312,0.38199858256555635,1595,0.0,0.00016887137630172688,0.0,3.076514205932617,0.0,0.9230769230769231,general,True,selector v6 selected v9_support_gated via v9_weak_target_only; raw_score delta +2.1748; adjusted score 1.6327; selection used raw RGB/LWIR/depth support gates only,True,,1.63269,v9_weak_target_only,0.0,0.0,0.0,-2.174768744932571,0.7978883861236803,0.8634264884568651,-1.4037976264953613,-2.623793125152588,1.8046376705169678,v6,strict,v6 adds strict raw/depth support-gated selection for v9; aligned metrics remain evaluation-only.,110_seq396,True,v9_target_only,1469,77,,0.9317578125
110_seq396,110,396,p29_v9_depth_thermal,True,phase21_fixed_rgb_canvas,phase23_crop_plus_board_residual_transform,,"[296, 103]","[280, 115]","Phase29 candidate generated from calibration files, raw RGB/LWIR/depth, Phase24 board-affine geometry, Phase25 depth projection support, and raw-only scene reliability scoring. MM5 aligned images are evaluation-only.",1.0,0.9317578125,0.9317578125,0.8580554723739624,0.6597378253936768,1.0,0.9890719967555267,0.8998330088928426,0.751385509967804,5.0659637451171875,0.9317578125,0.8788828198479162,1.0526206156721019,-0.07931506633758545,0.9730914831161499,0.9317578125,-0.031835785863129074,0.35545219582102183,p29_v9_depth_thermal,board_all_median_floor,affine,affine_lmeds,1496,5.984659671783447,7.825484275817871,"[[0.964242690293037, 0.13137386244365368, -26.99199754875218], [-0.06631033534806513, 0.9894192701549352, 24.920322865264623]]",3.5,2.0,5,True,False,7.0,3,0.065,calibration/def_stereocalib_THERM.yml,calibration/def_thermalcam_ori.yml,640x480,broad_generalization_raw_only_selection,broad,v9_depth_thermal,False,v6,v9,support-v9,strict-selected,research,full,strict,all,13.2623073146992,5.265756011009216,2.831364393234253,7.70014762878418,14.631834983825684,5.288154602050781,4.362853527069092,3.288367748260498,5.4373393058776855,14.485857963562012,5.288154602050781,5.54040002822876,11.414350032806396,1476,4303,1595,2.2564899921417236,23.1166033744812,1551,6447,1595,7660,0.024934895833333335,0.5475195822454308,1.0,1.0,0.28360586111700997,72.53472595475192,584,1758,2376,0.7139240506329114,0.4090909090909091,1595,0.0,0.00992167101827679,0.0,2.5830523681640627,0.0,0.9230769230769231,general,False,,False,v9 depth-thermal mode is reserved for double-edge mismatch scenes,12.770499999999998,v9_depth_thermal_block,0.0,0.0,0.0,2.775872437272138,2.339366515837104,0.9307411907654921,2.1400949954986572,3.630401611328125,-2.285973906517029,v6,strict,v6 adds strict raw/depth support-gated selection for v9; aligned metrics remain evaluation-only.,110_seq396,True,v9_depth_thermal,10850,77,,0.9317578125
110_seq396,110,396,p29_v9_target_silhouette,True,phase21_fixed_rgb_canvas,phase23_crop_plus_board_residual_transform,,"[296, 103]","[280, 115]","Phase29 candidate generated from calibration files, raw RGB/LWIR/depth, Phase24 board-affine geometry, Phase25 depth projection support, and raw-only scene reliability scoring. MM5 aligned images are evaluation-only.",1.0,0.9317578125,0.9317578125,0.8580554723739624,0.6597378253936768,1.0,0.9890719967555267,0.8998330088928426,0.8963533043861389,2.3013064861297607,0.9317578125,1.0452239927720182,1.0845235153510528,-0.12098971009254456,1.037818193435669,0.9317578125,-0.07485564388817639,0.3490731690998812,p29_v9_target_silhouette,board_all_median_floor,affine,affine_lmeds,1496,5.984659671783447,7.825484275817871,"[[0.964242690293037, 0.13137386244365368, -26.99199754875218], [-0.06631033534806513, 0.9894192701549352, 24.920322865264623]]",3.5,2.0,5,True,False,7.0,3,0.045,calibration/def_stereocalib_THERM.yml,calibration/def_thermalcam_ori.yml,640x480,broad_generalization_raw_only_selection,broad,v9_target_silhouette,False,v6,v9,support-v9,strict-selected,research,full,strict,all,17.682786744866284,9.049183368682861,2.4059371948242188,15.692429542541504,13.945656776428223,10.818833351135254,7.604946613311768,3.782278060913086,11.42761516571045,13.152582168579102,10.818833351135254,8.504405617713928,19.193387508392334,460,4303,1595,4.742583632469177,27.319308280944824,537,6447,1595,7660,0.024934895833333335,0.5475195822454308,1.0,1.0,0.34338500743257594,66.69630093856935,981,1758,2202,0.8534418948926721,0.3817471590909091,1595,0.0,0.00992167101827679,0.0,3.0255066680908205,0.0,0.9230769230769231,general,False,,False,v9 silhouette blocked because baseline thermal target is too small,10.64869,v9_silhouette_block,0.0,0.0,0.0,-1.6446069928949463,0.8099547511312217,0.9307411907654921,-1.1019980907440186,-4.1486358642578125,1.4974534511566162,v6,strict,v6 adds strict raw/depth support-gated selection for v9; aligned metrics remain evaluation-only.,110_seq396,True,v9_target_silhouette,1469,77,103.0,0.9317578125
110_seq396,110,396,p29_raw_shift_dx2p5_dy1p0_fill,True,phase21_fixed_rgb_canvas,phase23_crop_plus_board_residual_transform,,"[296, 103]","[280, 115]","Phase29 candidate generated from calibration files, raw RGB/LWIR/depth, Phase24 board-affine geometry, Phase25 depth projection support, and raw-only scene reliability scoring. MM5 aligned images are evaluation-only.",1.0,0.9331673177083334,0.9331673177083334,0.8580554723739624,0.6597378253936768,1.0,0.9890719967555267,0.8998330088928426,0.8539336919784546,3.5595602989196777,0.9331673177083334,1.012652844558496,1.2005100958237298,-0.12571078538894653,0.9056061506271362,0.9331673177083334,-0.0733630351596355,0.3852092475538257,p29_raw_shift_dx2p5_dy1p0_fill,board_all_median_floor,affine,affine_lmeds,1496,5.984659671783447,7.825484275817871,"[[0.964242690293037, 0.13137386244365368, -26.99199754875218], [-0.06631033534806513, 0.9894192701549352, 24.920322865264623]]",2.5,1.0,9,True,False,3.0,2,0.1,calibration/def_stereocalib_THERM.yml,calibration/def_thermalcam_ori.yml,640x480,broad_generalization_raw_only_selection,broad,raw_shift_local,False,v6,v9,support-v9,strict-selected,research,full,strict,all,16.204141310413014,7.754859685897827,2.586243152618408,12.923476219177246,14.827878952026367,10.388236999511719,6.634653925895691,3.2724006175994873,9.996907234191895,14.546539306640625,10.388236999511719,8.008649945259094,15.981142044067383,518,4564,1595,3.615491271018982,25.533244132995605,611,6780,1595,8230,0.026790364583333334,0.545321992709599,1.0,1.0,0.2921002335952432,77.77211786234847,707,1188,2051,0.8493706293706293,0.41783489096573206,1595,0.0,0.018712029161604082,0.0,2.9910589599609376,0.0,0.9230769230769231,general,False,,False,raw improvement -0.1660 is below 0.6000,16.304141310413016,generic_block,-1.0,-1.0,2.0,-0.16596155844167626,0.9215686274509803,1.0,-0.1317054033279419,-0.9363903999328613,0.20312976837158203,v6,strict,v6 adds strict raw/depth support-gated selection for v9; aligned metrics remain evaluation-only.,110_seq396,,,,,,
110_seq396,110,396,p29_raw_shift_dx3p5_dy1p0_fill,True,phase21_fixed_rgb_canvas,phase23_crop_plus_board_residual_transform,,"[296, 103]","[280, 115]","Phase29 candidate generated from calibration files, raw RGB/LWIR/depth, Phase24 board-affine geometry, Phase25 depth projection support, and raw-only scene reliability scoring. MM5 aligned images are evaluation-only.",1.0,0.9327799479166666,0.9327799479166666,0.8580554723739624,0.6597378253936768,1.0,0.9890719967555267,0.8998330088928426,0.8579258918762207,3.86441969871521,0.9327799479166666,1.0171152623570314,1.2158392578206798,-0.11948100477457047,0.8791057467460632,0.9327799479166666,-0.06678330384242413,0.3864822360841514,p29_raw_shift_dx3p5_dy1p0_fill,board_all_median_floor,affine,affine_lmeds,1496,5.984659671783447,7.825484275817871,"[[0.964242690293037, 0.13137386244365368, -26.99199754875218], [-0.06631033534806513, 0.9894192701549352, 24.920322865264623]]",3.5,1.0,9,True,False,3.0,2,0.1,calibration/def_stereocalib_THERM.yml,calibration/def_thermalcam_ori.yml,640x480,broad_generalization_raw_only_selection,broad,raw_shift_local,False,v6,v9,support-v9,strict-selected,research,full,strict,all,15.930939737710776,7.495168089866638,2.688816785812378,12.301519393920898,15.997782707214355,9.945059776306152,6.407655239105225,3.311838150024414,9.503472328186035,16.046539306640625,9.947689056396484,8.220017433166504,15.28000020980835,595,4564,1595,3.407512903213501,27.409881591796875,679,6780,1595,8230,0.026790364583333334,0.545321992709599,1.0,1.0,0.17296665958802293,83.23247625694323,469,1188,2104,0.8444259567387687,0.42562305295950154,1595,0.0,0.018712029161604082,0.0,2.9556047821044924,0.0,0.9230769230769231,general,False,,False,raw improvement 0.1072 is below 0.6000,15.980939737710777,generic_block,0.0,-1.0,1.0,0.10724001426056162,1.0241327300150829,1.0,0.09529328346252441,-0.23524856567382812,-0.056561827659606934,v6,strict,v6 adds strict raw/depth support-gated selection for v9; aligned metrics remain evaluation-only.,110_seq396,,,,,,
110_seq396,110,396,p29_raw_shift_dx4p5_dy1p0_fill,True,phase21_fixed_rgb_canvas,phase23_crop_plus_board_residual_transform,,"[296, 103]","[280, 115]","Phase29 candidate generated from calibration files, raw RGB/LWIR/depth, Phase24 board-affine geometry, Phase25 depth projection support, and raw-only scene reliability scoring. MM5 aligned images are evaluation-only.",1.0,0.9323665364583333,0.9323665364583333,0.8580554723739624,0.6597378253936768,1.0,0.9890719967555267,0.8998330088928426,0.8581125140190125,3.5980210304260254,0.9323665364583333,1.0200448726027147,1.2234698984417225,-0.10941720008850098,0.9279921650886536,0.9323665364583333,-0.05683839733834628,0.38764503827124414,p29_raw_shift_dx4p5_dy1p0_fill,board_all_median_floor,affine,affine_lmeds,1496,5.984659671783447,7.825484275817871,"[[0.964242690293037, 0.13137386244365368, -26.99199754875218], [-0.06631033534806513, 0.9894192701549352, 24.920322865264623]]",4.5,1.0,9,True,False,3.0,2,0.1,calibration/def_stereocalib_THERM.yml,calibration/def_thermalcam_ori.yml,640x480,broad_generalization_raw_only_selection,broad,raw_shift_local,False,v6,v9,support-v9,strict-selected,research,full,strict,all,15.756184950220682,7.333904266357422,2.5772438049316406,12.090564727783203,15.3519287109375,9.502838134765625,6.15330445766449,3.101857900619507,9.204751014709473,15.387049674987793,9.507226943969727,7.594349980354309,14.42330026626587,594,4564,1595,3.2864248752593994,26.51562786102295,659,6780,1595,8230,0.026790364583333334,0.545321992709599,1.0,1.0,0.1966447228710979,84.58353101944046,541,1188,2117,0.8494084899095338,0.4252336448598131,1595,0.0,0.018712029161604082,0.0,2.92022705078125,0.0,0.9230769230769231,general,False,,False,raw improvement 0.2820 is below 0.6000,15.856184950220682,generic_block,1.0,-1.0,2.0,0.28199480175065617,0.9939668174962293,1.0,0.3496440649032593,0.6214513778686523,-0.21782565116882324,v6,strict,v6 adds strict raw/depth support-gated selection for v9; aligned metrics remain evaluation-only.,110_seq396,,,,,,
110_seq396,110,396,p29_raw_shift_dx2p5_dy2p0_fill,True,phase21_fixed_rgb_canvas,phase23_crop_plus_board_residual_transform,,"[296, 103]","[280, 115]","Phase29 candidate generated from calibration files, raw RGB/LWIR/depth, Phase24 board-affine geometry, Phase25 depth projection support, and raw-only scene reliability scoring. MM5 aligned images are evaluation-only.",1.0,0.9321451822916667,0.9321451822916667,0.8580554723739624,0.6597378253936768,1.0,0.9890719967555267,0.8998330088928426,0.857526421546936,3.525399923324585,0.9321451822916667,1.0164558940589044,1.2005458136794376,-0.12413918972015381,0.8694663047790527,0.9321451822916667,-0.07166202964162519,0.3846263860480196,p29_raw_shift_dx2p5_dy2p0_fill,board_all_median_floor,affine,affine_lmeds,1496,5.984659671783447,7.825484275817871,"[[0.964242690293037, 0.13137386244365368, -26.99199754875218], [-0.06631033534806513, 0.9894192701549352, 24.920322865264623]]",2.5,2.0,9,True,False,3.0,2,0.1,calibration/def_stereocalib_THERM.yml,calibration/def_thermalcam_ori.yml,640x480,broad_generalization_raw_only_selection,broad,raw_shift_local,False,v6,v9,support-v9,strict-selected,research,full,strict,all,16.24378095922108,7.705578446388245,2.6250860691070557,12.786070823669434,16.870718002319336,10.783941268920898,6.6948230266571045,3.288001537322998,10.101644515991211,16.87388801574707,10.783941268920898,8.551458597183228,15.964650630950928,573,4564,1595,3.501918077468872,28.28413200378418,670,6780,1595,8230,0.026790364583333334,0.545321992709599,1.0,1.0,0.2600339774899129,75.58429899488468,633,1188,2122,0.8480854605993341,0.433411214953271,1595,0.0,0.018712029161604082,0.0,3.022715301513672,0.0,0.9230769230769231,general,False,,False,raw improvement -0.2056 is below 0.6000,16.29378095922108,generic_block,-1.0,0.0,1.0,-0.2056012072497424,1.0105580693815988,1.0,-0.19187450408935547,-0.9198989868164062,0.1538485288619995,v6,strict,v6 adds strict raw/depth support-gated selection for v9; aligned metrics remain evaluation-only.,110_seq396,,,,,,
110_seq396,110,396,p29_raw_shift_dx4p5_dy2p0_fill,True,phase21_fixed_rgb_canvas,phase23_crop_plus_board_residual_transform,,"[296, 103]","[280, 115]","Phase29 candidate generated from calibration files, raw RGB/LWIR/depth, Phase24 board-affine geometry, Phase25 depth projection support, and raw-only scene reliability scoring. MM5 aligned images are evaluation-only.",1.0,0.9313444010416667,0.9313444010416667,0.8580554723739624,0.6597378253936768,1.0,0.9890719967555267,0.8998330088928426,0.8631249070167542,3.6312038898468018,0.9313444010416667,1.024537521721135,1.2213322536230775,-0.1076139286160469,0.8819450736045837,0.9313444010416667,-0.05487533795745365,0.3868684073348051,p29_raw_shift_dx4p5_dy2p0_fill,board_all_median_floor,affine,affine_lmeds,1496,5.984659671783447,7.825484275817871,"[[0.964242690293037, 0.13137386244365368, -26.99199754875218], [-0.06631033534806513, 0.9894192701549352, 24.920322865264623]]",4.5,2.0,9,True,False,3.0,2,0.1,calibration/def_stereocalib_THERM.yml,calibration/def_thermalcam_ori.yml,640x480,broad_generalization_raw_only_selection,broad,raw_shift_local,False,v6,v9,support-v9,strict-selected,research,full,strict,all,15.904196672247727,7.4087607860565186,2.5099234580993652,12.307598114013672,16.014890670776367,9.923285484313965,6.280345439910889,3.081502914428711,9.479187965393066,16.095914840698242,9.925451278686523,7.847149968147278,14.650457382202148,607,4564,1595,3.291029691696167,27.555940628051758,677,6780,1595,8230,0.026790364583333334,0.545321992709599,1.0,1.0,0.20375875982161817,85.04313237408044,603,1188,2147,0.8517131363573311,0.43613707165109034,1595,0.0,0.018712029161604082,0.0,2.9538628387451173,0.0,0.9230769230769231,general,False,,False,raw improvement 0.1340 is below 0.6000,15.954196672247727,generic_block,1.0,0.0,1.0,0.13398307972361145,1.0211161387631975,1.0,0.22260308265686035,0.39429426193237305,-0.14296913146972656,v6,strict,v6 adds strict raw/depth support-gated selection for v9; aligned metrics remain evaluation-only.,110_seq396,,,,,,
110_seq396,110,396,p29_raw_shift_dx2p5_dy3p0_fill,True,phase21_fixed_rgb_canvas,phase23_crop_plus_board_residual_transform,,"[296, 103]","[280, 115]","Phase29 candidate generated from calibration files, raw RGB/LWIR/depth, Phase24 board-affine geometry, Phase25 depth projection support, and raw-only scene reliability scoring. MM5 aligned images are evaluation-only.",1.0,0.9310774739583333,0.9310774739583333,0.8580554723739624,0.6597378253936768,1.0,0.9890719967555267,0.8998330088928426,0.8586878776550293,3.894045352935791,0.9310774739583333,1.014195126165865,1.19247680418967,-0.12103457003831863,0.8781534433364868,0.9310774739583333,-0.06869778380341164,0.38403804596617286,p29_raw_shift_dx2p5_dy3p0_fill,board_all_median_floor,affine,affine_lmeds,1496,5.984659671783447,7.825484275817871,"[[0.964242690293037, 0.13137386244365368, -26.99199754875218], [-0.06631033534806513, 0.9894192701549352, 24.920322865264623]]",2.5,3.0,9,True,False,3.0,2,0.1,calibration/def_stereocalib_THERM.yml,calibration/def_thermalcam_ori.yml,640x480,broad_generalization_raw_only_selection,broad,raw_shift_local,False,v6,v9,support-v9,strict-selected,research,full,strict,all,16.13766472623122,7.621919512748718,2.516075849533081,12.727763175964355,17.01642417907715,10.756973266601562,6.704429268836975,3.3273870944976807,10.08147144317627,16.657752990722656,10.756973266601562,8.486149907112122,15.787331104278564,572,4564,1595,3.3643230199813843,28.696330070495605,683,6780,1595,8230,0.026790364583333334,0.545321992709599,1.0,1.0,0.2961350605224039,70.03591154478268,739,1188,2115,0.8404048807542984,0.43146417445482865,1595,0.0,0.018712029161604082,0.0,3.0205578613281254,0.0,0.9230769230769231,general,False,,False,raw improvement -0.0995 is below 0.6000,16.23766472623122,generic_block,-1.0,1.0,2.0,-0.09948497425988023,1.0301659125188536,1.0,-0.20148074626922607,-0.742579460144043,0.07018959522247314,v6,strict,v6 adds strict raw/depth support-gated selection for v9; aligned metrics remain evaluation-only.,110_seq396,,,,,,
110_seq396,110,396,p29_raw_shift_dx3p5_dy3p0_fill,True,phase21_fixed_rgb_canvas,phase23_crop_plus_board_residual_transform,,"[296, 103]","[280, 115]","Phase29 candidate generated from calibration files, raw RGB/LWIR/depth, Phase24 board-affine geometry, Phase25 depth projection support, and raw-only scene reliability scoring. MM5 aligned images are evaluation-only.",1.0,0.9306901041666666,0.9306901041666666,0.8580554723739624,0.6597378253936768,1.0,0.9890719967555267,0.8998330088928426,0.8622978925704956,3.8740217685699463,0.9306901041666666,1.019617473956519,1.203758079982954,-0.11489922553300858,0.8644680380821228,0.9306901041666666,-0.06230939947589225,0.38517756190406044,p29_raw_shift_dx3p5_dy3p0_fill,board_all_median_floor,affine,affine_lmeds,1496,5.984659671783447,7.825484275817871,"[[0.964242690293037, 0.13137386244365368, -26.99199754875218], [-0.06631033534806513, 0.9894192701549352, 24.920322865264623]]",3.5,3.0,9,True,False,3.0,2,0.1,calibration/def_stereocalib_THERM.yml,calibration/def_thermalcam_ori.yml,640x480,broad_generalization_raw_only_selection,broad,raw_shift_local,False,v6,v9,support-v9,strict-selected,research,full,strict,all,16.06648920507258,7.531308531761169,2.3179080486297607,12.744709014892578,16.213245391845703,10.681113243103027,6.528679847717285,3.009575843811035,10.047783851623535,16.055419921875,10.681416511535645,8.05429995059967,15.315101146697998,613,4564,1595,3.331403970718384,28.456872940063477,703,6780,1595,8230,0.026790364583333334,0.545321992709599,1.0,1.0,0.26353790613718414,78.08893983974433,612,1188,2147,0.8424837505186005,0.43613707165109034,1595,0.0,0.018712029161604082,0.0,3.014489059448242,0.0,0.9230769230769231,general,False,,False,raw improvement -0.0283 is below 0.6000,16.11648920507258,generic_block,0.0,1.0,1.0,-0.028309453101240223,1.0603318250377074,1.0,-0.025731325149536133,-0.27034950256347656,-0.020421385765075684,v6,strict,v6 adds strict raw/depth support-gated selection for v9; aligned metrics remain evaluation-only.,110_seq396,,,,,,
110_seq396,110,396,p29_raw_shift_dx4p5_dy3p0_fill,True,phase21_fixed_rgb_canvas,phase23_crop_plus_board_residual_transform,,"[296, 103]","[280, 115]","Phase29 candidate generated from calibration files, raw RGB/LWIR/depth, Phase24 board-affine geometry, Phase25 depth projection support, and raw-only scene reliability scoring. MM5 aligned images are evaluation-only.",1.0,0.9302766927083334,0.9302766927083334,0.8580554723739624,0.6597378253936768,1.0,0.9890719967555267,0.8998330088928426,0.8638685345649719,3.66398549079895,0.9302766927083334,1.0236982978438898,1.2120911748247427,-0.10617705434560776,0.8697646260261536,0.9302766927083334,-0.05349350767642595,0.38601422950225817,p29_raw_shift_dx4p5_dy3p0_fill,board_all_median_floor,affine,affine_lmeds,1496,5.984659671783447,7.825484275817871,"[[0.964242690293037, 0.13137386244365368, -26.99199754875218], [-0.06631033534806513, 0.9894192701549352, 24.920322865264623]]",4.5,3.0,9,True,False,3.0,2,0.1,calibration/def_stereocalib_THERM.yml,calibration/def_thermalcam_ori.yml,640x480,broad_generalization_raw_only_selection,broad,raw_shift_local,False,v6,v9,support-v9,strict-selected,research,full,strict,all,15.694997250992472,7.250035524368286,2.2928786277770996,12.207192420959473,15.80957317352295,9.877460479736328,6.184595584869385,2.943291664123535,9.425899505615234,15.74120807647705,9.878226280212402,7.450399994850159,14.432772636413574,602,4564,1595,3.173633098602295,27.608607292175293,674,6780,1595,8230,0.026790364583333334,0.545321992709599,1.0,1.0,0.20227224463792737,83.97051614649006,576,1188,2117,0.8422003055979997,0.4318535825545171,1595,0.0,0.018712029161604082,0.0,2.9501968383789063,0.0,0.9230769230769231,general,False,,False,raw improvement 0.3432 is below 0.6000,15.794997250992472,generic_block,1.0,1.0,2.0,0.34318250097886605,1.0165912518853695,1.0,0.31835293769836426,0.6119790077209473,-0.301694393157959,v6,strict,v6 adds strict raw/depth support-gated selection for v9; aligned metrics remain evaluation-only.,110_seq396,,,,,,
110_seq396,110,396,p29_raw_shift_dx3p0_dy2p0_fill,True,phase21_fixed_rgb_canvas,phase23_crop_plus_board_residual_transform,,"[296, 103]","[280, 115]","Phase29 candidate generated from calibration files, raw RGB/LWIR/depth, Phase24 board-affine geometry, Phase25 depth projection support, and raw-only scene reliability scoring. MM5 aligned images are evaluation-only.",1.0,0.9317578125,0.9317578125,0.8580554723739624,0.6597378253936768,1.0,0.9890719967555267,0.8998330088928426,0.8592546582221985,3.791839599609375,0.9317578125,1.016714144286294,1.2014034910783447,-0.11882272362709045,0.9102297425270081,0.9317578125,-0.06628271891595243,0.3866758877753338,p29_raw_shift_dx3p0_dy2p0_fill,board_all_median_floor,affine,affine_lmeds,1496,5.984659671783447,7.825484275817871,"[[0.964242690293037, 0.13137386244365368, -26.99199754875218], [-0.06631033534806513, 0.9894192701549352, 24.920322865264623]]",3.0,2.0,9,True,False,3.0,2,0.1,calibration/def_stereocalib_THERM.yml,calibration/def_thermalcam_ori.yml,640x480,broad_generalization_raw_only_selection,broad,raw_shift_local,False,v6,v9,support-v9,strict-selected,research,full,strict,all,15.645831594551987,7.187284708023071,2.514157772064209,11.860411643981934,16.782169342041016,10.055561065673828,6.288629055023193,3.1824121475219727,9.394845962524414,16.626073837280273,10.055965423583984,8.010758638381958,15.107950687408447,613,4564,1595,3.1756433248519897,28.370500564575195,725,6780,1595,8230,0.026790364583333334,0.545321992709599,1.0,1.0,0.35442769165427906,74.04083053374053,970,1188,2122,0.8343711083437111,0.4310747663551402,1595,0.0,0.018712029161604082,0.0,2.9644448852539065,0.0,0.9230769230769231,general,False,,False,raw improvement 0.3923 is below 0.6000,15.670831594551988,generic_block,-0.5,0.0,0.5,0.3923481574193506,1.0935143288084463,1.0,0.21431946754455566,-0.06319904327392578,-0.36444520950317383,v6,strict,v6 adds strict raw/depth support-gated selection for v9; aligned metrics remain evaluation-only.,110_seq396,,,,,,
110_seq396,110,396,p29_raw_shift_dx4p0_dy2p0_fill,True,phase21_fixed_rgb_canvas,phase23_crop_plus_board_residual_transform,,"[296, 103]","[280, 115]","Phase29 candidate generated from calibration files, raw RGB/LWIR/depth, Phase24 board-affine geometry, Phase25 depth projection support, and raw-only scene reliability scoring. MM5 aligned images are evaluation-only.",1.0,0.9313444010416667,0.9313444010416667,0.8580554723739624,0.6597378253936768,1.0,0.9890719967555267,0.8998330088928426,0.8621813058853149,3.880077838897705,0.9313444010416667,1.020602653454041,1.211345430680749,-0.10972007364034653,0.9099445939064026,0.9313444010416667,-0.05705696351972276,0.3874851845604146,p29_raw_shift_dx4p0_dy2p0_fill,board_all_median_floor,affine,affine_lmeds,1496,5.984659671783447,7.825484275817871,"[[0.964242690293037, 0.13137386244365368, -26.99199754875218], [-0.06631033534806513, 0.9894192701549352, 24.920322865264623]]",4.0,2.0,9,True,False,3.0,2,0.1,calibration/def_stereocalib_THERM.yml,calibration/def_thermalcam_ori.yml,640x480,broad_generalization_raw_only_selection,broad,raw_shift_local,False,v6,v9,support-v9,strict-selected,research,full,strict,all,15.757738553965513,7.259558081626892,2.5012166500091553,12.017899513244629,16.79336166381836,10.104084014892578,6.321867942810059,3.143315315246582,9.500420570373535,16.39516830444336,10.104827880859375,7.991099953651428,14.802500247955322,602,4564,1595,3.138315200805664,28.5084867477417,705,6780,1595,8230,0.026790364583333334,0.545321992709599,1.0,1.0,0.26449352304098533,81.04917041706372,829,1188,2146,0.8437197733867625,0.4349688473520249,1595,0.0,0.018712029161604082,0.0,2.9683267211914064,0.0,0.9230769230769231,general,False,,False,raw improvement 0.2804 is below 0.6000,15.782738553965514,generic_block,0.5,0.0,0.5,0.2804411980058248,1.0633484162895928,1.0,0.18108057975769043,0.24225139617919922,-0.292171835899353,v6,strict,v6 adds strict raw/depth support-gated selection for v9; aligned metrics remain evaluation-only.,110_seq396,,,,,,
110_seq396,110,396,p29_raw_shift_dx3p5_dy1p5_fill,True,phase21_fixed_rgb_canvas,phase23_crop_plus_board_residual_transform,,"[296, 103]","[280, 115]","Phase29 candidate generated from calibration files, raw RGB/LWIR/depth, Phase24 board-affine geometry, Phase25 depth projection support, and raw-only scene reliability scoring. MM5 aligned images are evaluation-only.",1.0,0.9327799479166666,0.9327799479166666,0.8580554723739624,0.6597378253936768,1.0,0.9890719967555267,0.8998330088928426,0.8596771359443665,3.7446000576019287,0.9327799479166666,1.0201983130864742,1.2199251832514615,-0.1188499927520752,0.9075829982757568,0.9327799479166666,-0.06617118536896548,0.3874953691517618,p29_raw_shift_dx3p5_dy1p5_fill,board_all_median_floor,affine,affine_lmeds,1496,5.984659671783447,7.825484275817871,"[[0.964242690293037, 0.13137386244365368, -26.99199754875218], [-0.06631033534806513, 0.9894192701549352, 24.920322865264623]]",3.5,1.5,9,True,False,3.0,2,0.1,calibration/def_stereocalib_THERM.yml,calibration/def_thermalcam_ori.yml,640x480,broad_generalization_raw_only_selection,broad,raw_shift_local,False,v6,v9,support-v9,strict-selected,research,full,strict,all,15.94909702213714,7.475098133087158,2.57159423828125,12.378602027893066,16.455472946166992,10.070175170898438,6.408536911010742,3.1702709197998047,9.64680290222168,16.52920150756836,10.071619987487793,8.278999924659729,14.83760118484497,579,4564,1595,3.2759615182876587,27.29121208190918,660,6780,1595,8230,0.026790364583333334,0.545321992709599,1.0,1.0,0.17806328307496283,82.54243770121589,473,1188,2116,0.8503193557345182,0.43146417445482865,1595,0.0,0.018712029161604082,0.0,2.965614013671875,0.0,0.9230769230769231,general,False,,False,raw improvement 0.0891 is below 0.6000,15.97409702213714,generic_block,0.0,-0.5,0.5,0.08908272983419785,0.995475113122172,1.0,0.09441161155700684,0.20715045928955078,-0.07663178443908691,v6,strict,v6 adds strict raw/depth support-gated selection for v9; aligned metrics remain evaluation-only.,110_seq396,,,,,,
110_seq396,110,396,p29_raw_shift_dx3p5_dy2p5_fill,True,phase21_fixed_rgb_canvas,phase23_crop_plus_board_residual_transform,,"[296, 103]","[280, 115]","Phase29 candidate generated from calibration files, raw RGB/LWIR/depth, Phase24 board-affine geometry, Phase25 depth projection support, and raw-only scene reliability scoring. MM5 aligned images are evaluation-only.",1.0,0.9317578125,0.9317578125,0.8580554723739624,0.6597378253936768,1.0,0.9890719967555267,0.8998330088928426,0.8624637126922607,3.5906426906585693,0.9317578125,1.0229264435029248,1.213377246364103,-0.112959124147892,0.8714677691459656,0.9317578125,-0.060179200151629954,0.38672487074091894,p29_raw_shift_dx3p5_dy2p5_fill,board_all_median_floor,affine,affine_lmeds,1496,5.984659671783447,7.825484275817871,"[[0.964242690293037, 0.13137386244365368, -26.99199754875218], [-0.06631033534806513, 0.9894192701549352, 24.920322865264623]]",3.5,2.5,9,True,False,3.0,2,0.1,calibration/def_stereocalib_THERM.yml,calibration/def_thermalcam_ori.yml,640x480,broad_generalization_raw_only_selection,broad,raw_shift_local,False,v6,v9,support-v9,strict-selected,research,full,strict,all,16.028063466522816,7.52951979637146,2.517800807952881,12.541238784790039,16.829418182373047,10.408634185791016,6.525681734085083,3.1834683418273926,9.867895126342773,16.873926162719727,10.408995628356934,8.405399918556213,15.044751644134521,567,4564,1595,3.2650259733200073,28.194250106811523,651,6780,1595,8230,0.026790364583333334,0.545321992709599,1.0,1.0,0.2046081970694415,81.05989533434558,572,1188,2106,0.8517025712300208,0.4287383177570093,1595,0.0,0.018712029161604082,0.0,2.9926907348632814,0.0,0.9230769230769231,general,False,,False,raw improvement 0.0101 is below 0.6000,16.053063466522815,generic_block,0.0,0.5,0.5,0.010116285448521722,0.9819004524886877,1.0,-0.022733211517333984,0.0,-0.022210121154785156,v6,strict,v6 adds strict raw/depth support-gated selection for v9; aligned metrics remain evaluation-only.,110_seq396,,,,,,
120_seq406,120,406,p29_baseline,True,phase21_fixed_rgb_canvas,phase24_affine_lwir_subpixel_shift_depth_fill_then_morph_close,,"[296, 103]","[280, 115]","Phase29 candidate generated from calibration files, raw RGB/LWIR/depth, Phase24 board-affine geometry, Phase25 depth projection support, and raw-only scene reliability scoring. MM5 aligned images are evaluation-only.",1.0,0.9317578125,0.9317578125,0.8134329915046692,0.696604311466217,1.0,0.9184550195140022,0.7280110258542019,0.885470449924469,3.1005499362945557,0.9317578125,1.0376157514730886,1.1383240077759131,-0.23247511684894562,0.8369618058204651,0.9317578125,-0.19349836375599347,0.2933234928524995,p29_baseline,board_all_median_floor,affine,affine_lmeds,1496,5.984659671783447,7.825484275817871,"[[0.964242690293037, 0.13137386244365368, -26.99199754875218], [-0.06631033534806513, 0.9894192701549352, 24.920322865264623]]",3.5,2.0,9,True,False,3.0,2,0.1,calibration/def_stereocalib_THERM.yml,calibration/def_thermalcam_ori.yml,640x480,broad_generalization_raw_only_selection,broad,baseline,False,v6,v9,support-v9,strict-selected,research,full,strict,all,17.13223929144647,5.982898056507111,1.7607074975967407,10.20508861541748,10.412323951721191,7.648518085479736,5.621973752975464,2.0074429512023926,9.236504554748535,9.928336143493652,7.658034801483154,7.162499964237213,12.8468496799469,974,8640,4045,2.0726367235183716,20.177868843078613,1152,12629,4405,14147,0.046051432291666666,0.42885417402982967,1.0,1.0,0.5879384615384615,42.66605222118178,4891,2200,4025,0.8389805097451274,0.4942381562099872,4405,0.0,0.4845833038806815,0.22,2.4860997581481934,0.0,0.8205010042534957,depth_tearing,False,,False,,17.13223929144647,v6_baseline,0.0,0.0,0.0,0.0,1.0,1.0,0.0,0.0,0.0,v6,strict,v6 baseline row; aligned metrics are not used for selection.,120_seq406,,,,,,
120_seq406,120,406,p29_depth_conservative,True,phase21_fixed_rgb_canvas,phase23_crop_plus_board_residual_transform,,"[296, 103]","[280, 115]","Phase29 candidate generated from calibration files, raw RGB/LWIR/depth, Phase24 board-affine geometry, Phase25 depth projection support, and raw-only scene reliability scoring. MM5 aligned images are evaluation-only.",1.0,0.9317578125,0.9317578125,0.8134329915046692,0.696604311466217,1.0,0.9184550195140022,0.7280110258542019,0.8848459720611572,3.159980535507202,0.9317578125,1.0363177814719513,1.1362112841589154,-0.2371314913034439,0.8342791199684143,0.9317578125,-0.19867790054242704,0.2897284365388489,p29_depth_conservative,board_all_median_floor,affine,affine_lmeds,1496,5.984659671783447,7.825484275817871,"[[0.964242690293037, 0.13137386244365368, -26.99199754875218], [-0.06631033534806513, 0.9894192701549352, 24.920322865264623]]",3.5,2.0,9,False,False,4.0,3,0.075,calibration/def_stereocalib_THERM.yml,calibration/def_thermalcam_ori.yml,640x480,broad_generalization_raw_only_selection,broad,depth_conservative,False,v6,v9,support-v9,strict-selected,research,full,strict,all,17.17735588350854,5.856159567832947,1.7598578929901123,9.952461242675781,10.46630859375,7.598710536956787,5.675281763076782,2.1226468086242676,9.227916717529297,9.813827514648438,7.688327312469482,7.324000000953674,12.72852373123169,930,8087,4011,1.863008737564087,20.510719776153564,1151,12129,4324,13084,0.04259114583333334,0.3647966982574136,1.0,1.0,0.5879384615384615,42.66605222118178,4891,3263,4036,0.8333203520523406,0.4954265049989364,4324,0.0,0.7408132069703457,0.0,2.4918323898315426,0.0,0.8205010042534957,depth_tearing,False,,False,depth/reflection/edge guard candidates are diagnostic-only by default,17.17735588350854,diagnostic_guard_block,0.0,0.0,0.0,-0.04511659206206886,0.9991319444444444,0.9248603944299145,-0.05330801010131836,0.11832594871520996,-0.12673848867416382,v6,strict,v6 adds strict raw/depth support-gated selection for v9; aligned metrics remain evaluation-only.,120_seq406,,,,,,
120_seq406,120,406,p29_reflection_guard,True,phase21_fixed_rgb_canvas,phase23_crop_plus_board_residual_transform,,"[296, 103]","[280, 115]","Phase29 candidate generated from calibration files, raw RGB/LWIR/depth, Phase24 board-affine geometry, Phase25 depth projection support, and raw-only scene reliability scoring. MM5 aligned images are evaluation-only.",1.0,0.9317578125,0.9317578125,0.8134329915046692,0.696604311466217,1.0,0.9184550195140022,0.7280110258542019,0.8848459720611572,3.159980535507202,0.9317578125,1.0363177814719513,1.1362112841589154,-0.2371314913034439,0.8342791199684143,0.9317578125,-0.19867790054242704,0.2897284365388489,p29_reflection_guard,board_all_median_floor,affine,affine_lmeds,1496,5.984659671783447,7.825484275817871,"[[0.964242690293037, 0.13137386244365368, -26.99199754875218], [-0.06631033534806513, 0.9894192701549352, 24.920322865264623]]",3.5,2.0,9,False,False,4.5,3,0.055,calibration/def_stereocalib_THERM.yml,calibration/def_thermalcam_ori.yml,640x480,broad_generalization_raw_only_selection,broad,reflection_guard,False,v6,v9,support-v9,strict-selected,research,full,strict,all,17.215595974643033,5.856159567832947,1.7598578929901123,9.952461242675781,10.46630859375,7.598710536956787,5.675281763076782,2.1226468086242676,9.227916717529297,9.813827514648438,7.688327312469482,7.324000000953674,12.72852373123169,930,8087,4011,1.863008737564087,20.510719776153564,1151,12129,4324,13084,0.04259114583333334,0.3647966982574136,1.0,1.0,0.5879384615384615,42.66605222118178,4891,3263,4071,0.8333203520523406,0.5090640809443507,4324,0.0,0.7408132069703457,0.0,2.4918323898315426,0.0,0.8205010042534957,depth_tearing,False,,False,depth/reflection/edge guard candidates are diagnostic-only by default,17.215595974643033,diagnostic_guard_block,0.0,0.0,0.0,-0.08335668319656264,0.9991319444444444,0.9248603944299145,-0.05330801010131836,0.11832594871520996,-0.12673848867416382,v6,strict,v6 adds strict raw/depth support-gated selection for v9; aligned metrics remain evaluation-only.,120_seq406,,,,,,
120_seq406,120,406,p29_small_target_guard,True,phase21_fixed_rgb_canvas,phase23_crop_plus_board_residual_transform,,"[296, 103]","[280, 115]","Phase29 candidate generated from calibration files, raw RGB/LWIR/depth, Phase24 board-affine geometry, Phase25 depth projection support, and raw-only scene reliability scoring. MM5 aligned images are evaluation-only.",1.0,0.9317578125,0.9317578125,0.8134329915046692,0.696604311466217,1.0,0.9184550195140022,0.7280110258542019,0.8783426880836487,3.0163958072662354,0.9317578125,1.030429541847497,1.1345681907163048,-0.22304187715053558,0.789755642414093,0.9317578125,-0.18611869212281146,0.27774479254805784,p29_small_target_guard,board_all_median_floor,affine,affine_lmeds,1496,5.984659671783447,7.825484275817871,"[[0.964242690293037, 0.13137386244365368, -26.99199754875218], [-0.06631033534806513, 0.9894192701549352, 24.920322865264623]]",3.5,2.0,5,True,False,3.0,2,0.065,calibration/def_stereocalib_THERM.yml,calibration/def_thermalcam_ori.yml,640x480,broad_generalization_raw_only_selection,broad,small_target_guard,False,v6,v9,support-v9,strict-selected,research,full,strict,all,16.455545358098966,5.528717935085297,1.5165413618087769,9.540894508361816,10.122700691223145,7.370484828948975,5.069677710533142,1.659860372543335,8.47949504852295,9.390106201171875,7.369246482849121,6.721497595310211,11.189649820327759,1050,8640,4045,1.7564526796340942,20.11221408843994,1229,12629,4405,14147,0.046051432291666666,0.42885417402982967,1.0,1.0,0.5842461538461539,40.72388062913514,4928,2200,3927,0.8186043025260475,0.49082373026035,4405,0.0,0.4845833038806815,0.22,2.411724910736084,0.0,0.7831515505602911,depth_tearing,False,,False,small-target guard is blocked in depth-tearing scenes so local depth correction can be tested,16.675545358098965,small_target_depth_block,0.0,0.0,0.0,0.6766939333475044,1.0668402777777777,1.0,0.5522960424423218,1.6571998596191406,-0.45418012142181396,v6,strict,v6 adds strict raw/depth support-gated selection for v9; aligned metrics remain evaluation-only.,120_seq406,,,,,,
120_seq406,120,406,p29_edge_contamination_guard,True,phase21_fixed_rgb_canvas,phase23_crop_plus_board_residual_transform,,"[296, 103]","[280, 115]","Phase29 candidate generated from calibration files, raw RGB/LWIR/depth, Phase24 board-affine geometry, Phase25 depth projection support, and raw-only scene reliability scoring. MM5 aligned images are evaluation-only.",1.0,0.9317578125,0.9317578125,0.8134329915046692,0.696604311466217,1.0,0.9184550195140022,0.7280110258542019,0.8848459720611572,3.159980535507202,0.9317578125,1.0363177814719513,1.1362112841589154,-0.2371314913034439,0.8342791199684143,0.9317578125,-0.19867790054242704,0.2897284365388489,p29_edge_contamination_guard,board_all_median_floor,affine,affine_lmeds,1496,5.984659671783447,7.825484275817871,"[[0.964242690293037, 0.13137386244365368, -26.99199754875218], [-0.06631033534806513, 0.9894192701549352, 24.920322865264623]]",3.5,2.0,9,False,False,4.0,3,0.08,calibration/def_stereocalib_THERM.yml,calibration/def_thermalcam_ori.yml,640x480,broad_generalization_raw_only_selection,broad,edge_contamination_guard,False,v6,v9,support-v9,strict-selected,research,full,strict,all,17.17735588350854,5.856159567832947,1.7598578929901123,9.952461242675781,10.46630859375,7.598710536956787,5.675281763076782,2.1226468086242676,9.227916717529297,9.813827514648438,7.688327312469482,7.324000000953674,12.72852373123169,930,8087,4011,1.863008737564087,20.510719776153564,1151,12129,4324,13084,0.04259114583333334,0.3647966982574136,1.0,1.0,0.5879384615384615,42.66605222118178,4891,3263,4036,0.8333203520523406,0.4954265049989364,4324,0.0,0.7408132069703457,0.0,2.4918323898315426,0.0,0.8205010042534957,depth_tearing,False,,False,depth/reflection/edge guard candidates are diagnostic-only by default,17.17735588350854,diagnostic_guard_block,0.0,0.0,0.0,-0.04511659206206886,0.9991319444444444,0.9248603944299145,-0.05330801010131836,0.11832594871520996,-0.12673848867416382,v6,strict,v6 adds strict raw/depth support-gated selection for v9; aligned metrics remain evaluation-only.,120_seq406,,,,,,
120_seq406,120,406,p29_v9_support_gated,True,phase21_fixed_rgb_canvas,phase23_crop_plus_board_residual_transform,,"[296, 103]","[280, 115]","Phase29 candidate generated from calibration files, raw RGB/LWIR/depth, Phase24 board-affine geometry, Phase25 depth projection support, and raw-only scene reliability scoring. MM5 aligned images are evaluation-only.",1.0,0.9317578125,0.9317578125,0.8134329915046692,0.696604311466217,1.0,0.9184550195140022,0.7280110258542019,0.7880840301513672,7.8103532791137695,0.9317578125,0.891521049529705,1.0019942603534693,-0.1860981434583664,1.025463581085205,0.9317578125,-0.15575353562326932,0.24331592881072206,p29_v9_support_gated,board_all_median_floor,affine,affine_lmeds,1496,5.984659671783447,7.825484275817871,"[[0.964242690293037, 0.13137386244365368, -26.99199754875218], [-0.06631033534806513, 0.9894192701549352, 24.920322865264623]]",3.5,2.0,5,True,False,7.0,3,0.075,calibration/def_stereocalib_THERM.yml,calibration/def_thermalcam_ori.yml,640x480,broad_generalization_raw_only_selection,broad,v9_support_gated,False,v6,v9,support-v9,strict-selected,research,full,strict,all,14.658694481545753,3.840582489967346,2.2170984745025635,5.464066505432129,10.022319793701172,3.6179144382476807,3.221082091331482,2.450425386428833,3.991738796234131,9.785418510437012,3.327838182449341,3.5496500730514526,8.802150011062622,2888,8087,4011,1.3200379014015198,16.189350843429565,3118,12129,4324,13084,0.04259114583333334,0.3647966982574136,1.0,1.0,0.6084307692307692,40.59296068257301,5111,3263,4229,0.6432985297251225,0.5146999597261377,4324,0.0,0.7408132069703457,0.22,2.0934507179260256,0.0,0.7806338592802502,depth_tearing,False,,False,v9 support-gated mode is reserved for reflection/background scenes,16.00918,v9_reflection_block,0.0,0.0,0.0,2.4735448099007176,2.7065972222222223,0.9248603944299145,2.400891661643982,4.044699668884277,-2.1423155665397644,v6,strict,v6 adds strict raw/depth support-gated selection for v9; aligned metrics remain evaluation-only.,120_seq406,True,v9_support_gated,21318,89,,0.9317578125
120_seq406,120,406,p29_v9_support_gated_tight,True,phase21_fixed_rgb_canvas,phase23_crop_plus_board_residual_transform,,"[296, 103]","[280, 115]","Phase29 candidate generated from calibration files, raw RGB/LWIR/depth, Phase24 board-affine geometry, Phase25 depth projection support, and raw-only scene reliability scoring. MM5 aligned images are evaluation-only.",1.0,0.9317578125,0.9317578125,0.8134329915046692,0.696604311466217,1.0,0.9184550195140022,0.7280110258542019,0.80987948179245,7.359222412109375,0.9317578125,0.9205351951348776,1.0320736521005593,-0.18713495135307312,1.0704787969589233,0.9317578125,-0.15739154603290975,0.24110852067944616,p29_v9_support_gated_tight,board_all_median_floor,affine,affine_lmeds,1496,5.984659671783447,7.825484275817871,"[[0.964242690293037, 0.13137386244365368, -26.99199754875218], [-0.06631033534806513, 0.9894192701549352, 24.920322865264623]]",3.5,2.0,5,True,False,8.0,4,0.055,calibration/def_stereocalib_THERM.yml,calibration/def_thermalcam_ori.yml,640x480,broad_generalization_raw_only_selection,broad,v9_support_gated_tight,False,v6,v9,support-v9,strict-selected,research,full,strict,all,15.99782185500468,4.739440441131592,2.5678043365478516,6.911076545715332,9.919177055358887,4.993500232696533,4.0923473834991455,2.931774139404297,5.252920627593994,9.895468711853027,4.876031398773193,4.5853999853134155,11.54075002670288,2405,7551,3982,2.0322805643081665,18.738351821899414,2563,11616,4256,12052,0.03923177083333333,0.3693162960504481,1.0,1.0,0.6165538461538461,40.451665187258776,5160,4295,4397,0.7048206362337369,0.5036290322580645,4256,0.0,0.7227348157982079,0.22,2.1849318885803224,0.0,0.7779166382165149,depth_tearing,False,,False,v9 support candidate mode is diagnostic-only unless a dedicated raw/depth gate allows it,14.86412,v9_mode_block,0.0,0.0,0.0,1.1344174364417903,2.224826388888889,0.8519120661624373,1.5296263694763184,1.3060996532440186,-1.2434576153755188,v6,strict,v6 adds strict raw/depth support-gated selection for v9; aligned metrics remain evaluation-only.,120_seq406,True,v9_support_gated_tight,17812,97,,0.9317578125
120_seq406,120,406,p29_v9_target_only,True,phase21_fixed_rgb_canvas,phase23_crop_plus_board_residual_transform,,"[296, 103]","[280, 115]","Phase29 candidate generated from calibration files, raw RGB/LWIR/depth, Phase24 board-affine geometry, Phase25 depth projection support, and raw-only scene reliability scoring. MM5 aligned images are evaluation-only.",1.0,0.9317578125,0.9317578125,0.8134329915046692,0.696604311466217,1.0,0.9184550195140022,0.7280110258542019,0.8521541357040405,6.773783206939697,0.9317578125,0.9622424715824731,1.004873567467139,-0.2058168202638626,0.963065505027771,0.9317578125,-0.17389950986089048,0.25130468955425844,p29_v9_target_only,board_all_median_floor,affine,affine_lmeds,1496,5.984659671783447,7.825484275817871,"[[0.964242690293037, 0.13137386244365368, -26.99199754875218], [-0.06631033534806513, 0.9894192701549352, 24.920322865264623]]",3.5,2.0,5,True,False,8.0,4,0.045,calibration/def_stereocalib_THERM.yml,calibration/def_thermalcam_ori.yml,640x480,broad_generalization_raw_only_selection,broad,v9_target_only,False,v6,v9,support-v9,strict-selected,research,full,strict,all,17.84932887290063,6.439090013504028,1.9887738227844238,10.889406204223633,7.890942096710205,7.19504976272583,5.9327147006988525,2.5047526359558105,9.360676765441895,7.5820770263671875,7.151078224182129,7.243250012397766,13.819400548934937,927,7551,3982,2.46122545003891,20.544424057006836,1068,11616,4256,12052,0.03923177083333333,0.3693162960504481,1.0,1.0,0.5627692307692308,41.43369329873957,5299,4295,4463,0.8352605863192183,0.4830645161290323,4256,0.0,0.7227348157982079,0.22,1.9959735584259033,0.0,0.7968017942065302,depth_tearing,False,,False,v9 target-only mode is reserved for general weak-target scenes,11.78548,v9_target_only_block,0.0,0.0,0.0,-0.7170895814541609,0.9270833333333334,0.8519120661624373,-0.31074094772338867,-0.9725508689880371,0.4561919569969177,v6,strict,v6 adds strict raw/depth support-gated selection for v9; aligned metrics remain evaluation-only.,120_seq406,True,v9_target_only,8948,106,,0.9317578125
120_seq406,120,406,p29_v9_depth_thermal,True,phase21_fixed_rgb_canvas,phase23_crop_plus_board_residual_transform,,"[296, 103]","[280, 115]","Phase29 candidate generated from calibration files, raw RGB/LWIR/depth, Phase24 board-affine geometry, Phase25 depth projection support, and raw-only scene reliability scoring. MM5 aligned images are evaluation-only.",1.0,0.9317578125,0.9317578125,0.8134329915046692,0.696604311466217,1.0,0.9184550195140022,0.7280110258542019,0.7979221343994141,6.962757587432861,0.9317578125,0.9091218907369388,1.0198420124141463,-0.18548525869846344,1.0108230113983154,0.9317578125,-0.154746580838988,0.24535743951910222,p29_v9_depth_thermal,board_all_median_floor,affine,affine_lmeds,1496,5.984659671783447,7.825484275817871,"[[0.964242690293037, 0.13137386244365368, -26.99199754875218], [-0.06631033534806513, 0.9894192701549352, 24.920322865264623]]",3.5,2.0,5,True,False,7.0,3,0.065,calibration/def_stereocalib_THERM.yml,calibration/def_thermalcam_ori.yml,640x480,broad_generalization_raw_only_selection,broad,v9_depth_thermal,False,v6,v9,support-v9,strict-selected,research,full,strict,all,15.359737323415217,4.343076586723328,2.424186944961548,6.261966228485107,10.134976387023926,4.2089972496032715,3.694640636444092,2.6859755516052246,4.703305721282959,9.926580429077148,3.970583200454712,4.107900023460388,10.062600135803223,2706,8087,4011,1.6640859842300415,17.567426204681396,2947,12129,4324,13084,0.04259114583333334,0.3647966982574136,1.0,1.0,0.6008615384615384,39.81450456541955,4923,3263,4372,0.6729331339457381,0.5110753121224325,4324,0.0,0.7408132069703457,0.22,2.1610155296325684,0.0,0.7656635493349913,depth_tearing,False,,False,v9 depth-thermal mode is reserved for double-edge mismatch scenes,15.65496,v9_depth_thermal_block,0.0,0.0,0.0,1.7725019680312535,2.5581597222222223,0.9248603944299145,1.927333116531372,2.7842495441436768,-1.639821469783783,v6,strict,v6 adds strict raw/depth support-gated selection for v9; aligned metrics remain evaluation-only.,120_seq406,True,v9_depth_thermal,20096,92,,0.9317578125
120_seq406,120,406,p29_v9_target_silhouette,True,phase21_fixed_rgb_canvas,phase23_crop_plus_board_residual_transform,,"[296, 103]","[280, 115]","Phase29 candidate generated from calibration files, raw RGB/LWIR/depth, Phase24 board-affine geometry, Phase25 depth projection support, and raw-only scene reliability scoring. MM5 aligned images are evaluation-only.",1.0,0.9317578125,0.9317578125,0.8134329915046692,0.696604311466217,1.0,0.9184550195140022,0.7280110258542019,0.6693113446235657,6.655265808105469,0.9317578125,0.7734733428520425,0.960623953847398,-0.1973840594291687,1.02924382686615,0.9317578125,-0.1655006182541025,0.25372602757508733,p29_v9_target_silhouette,board_all_median_floor,affine,affine_lmeds,1496,5.984659671783447,7.825484275817871,"[[0.964242690293037, 0.13137386244365368, -26.99199754875218], [-0.06631033534806513, 0.9894192701549352, 24.920322865264623]]",3.5,2.0,5,True,False,7.0,3,0.045,calibration/def_stereocalib_THERM.yml,calibration/def_thermalcam_ori.yml,640x480,broad_generalization_raw_only_selection,broad,v9_target_silhouette,False,v6,v9,support-v9,strict-selected,research,full,strict,all,16.466065091569252,5.022260546684265,1.2298638820648193,8.814657211303711,9.422843933105469,6.954111576080322,4.95886105298996,1.379848837852478,8.537873268127441,8.925396919250488,7.560694217681885,6.2250500321388245,10.85610020160675,942,8087,4011,1.277424544095993,18.973599910736084,1350,12129,4324,13084,0.04259114583333334,0.3647966982574136,1.0,1.0,0.5362461538461538,43.57767656507143,4940,3263,4345,0.7887073038494307,0.5221506242448651,4324,0.0,0.7408132069703457,0.22,2.25244083404541,0.0,0.838032241635989,depth_tearing,False,,False,v9 silhouette mode is reserved for general target-contamination scenes,12.34948,v9_silhouette_block,0.0,0.0,0.0,0.6661741998772186,1.171875,0.9248603944299145,0.6631126999855042,1.990749478340149,-0.9606375098228455,v6,strict,v6 adds strict raw/depth support-gated selection for v9; aligned metrics remain evaluation-only.,120_seq406,True,v9_target_silhouette,8948,106,184.0,0.9317578125
120_seq406,120,406,p29_raw_shift_dx2p5_dy1p0_fill,True,phase21_fixed_rgb_canvas,phase23_crop_plus_board_residual_transform,,"[296, 103]","[280, 115]","Phase29 candidate generated from calibration files, raw RGB/LWIR/depth, Phase24 board-affine geometry, Phase25 depth projection support, and raw-only scene reliability scoring. MM5 aligned images are evaluation-only.",1.0,0.9331673177083334,0.9331673177083334,0.8134329915046692,0.696604311466217,1.0,0.9184550195140022,0.7280110258542019,0.8785478472709656,2.8932201862335205,0.9331673177083334,1.0284413541023114,1.1150188529916458,-0.2349177896976471,0.8368949294090271,0.9331673177083334,-0.19595712677324603,0.29321355000570154,p29_raw_shift_dx2p5_dy1p0_fill,board_all_median_floor,affine,affine_lmeds,1496,5.984659671783447,7.825484275817871,"[[0.964242690293037, 0.13137386244365368, -26.99199754875218], [-0.06631033534806513, 0.9894192701549352, 24.920322865264623]]",2.5,1.0,9,True,False,3.0,2,0.1,calibration/def_stereocalib_THERM.yml,calibration/def_thermalcam_ori.yml,640x480,broad_generalization_raw_only_selection,broad,raw_shift_local,False,v6,v9,support-v9,strict-selected,research,full,strict,all,17.37202389979607,6.197066903114319,1.9028294086456299,10.491304397583008,10.329239845275879,7.89449405670166,5.805121898651123,2.17037296295166,9.439870834350586,10.01668643951416,8.002791404724121,7.576799988746643,13.05400013923645,983,8640,4062,2.1554450392723083,20.126619338989258,1139,12629,4406,14147,0.046051432291666666,0.42885417402982967,1.0,1.0,0.5954461538461538,40.09986733651565,5100,2200,4108,0.8410893311387102,0.4985061886470337,4406,0.0,0.4845833038806815,0.22,2.490822696685791,0.0,0.7711512949329933,depth_tearing,False,,False,depth-tearing raw improvement -0.2398 is below 0.1000,17.47202389979607,depth_tearing_block,-1.0,-1.0,2.0,-0.23978460834959847,0.9887152777777778,1.0,-0.18314814567565918,-0.20715045928955078,0.21416884660720825,v6,strict,v6 adds strict raw/depth support-gated selection for v9; aligned metrics remain evaluation-only.,120_seq406,,,,,,
120_seq406,120,406,p29_raw_shift_dx3p5_dy1p0_fill,True,phase21_fixed_rgb_canvas,phase23_crop_plus_board_residual_transform,,"[296, 103]","[280, 115]","Phase29 candidate generated from calibration files, raw RGB/LWIR/depth, Phase24 board-affine geometry, Phase25 depth projection support, and raw-only scene reliability scoring. MM5 aligned images are evaluation-only.",1.0,0.9327799479166666,0.9327799479166666,0.8134329915046692,0.696604311466217,1.0,0.9184550195140022,0.7280110258542019,0.8741981387138367,2.785148859024048,0.9327799479166666,1.025433804320387,1.1196437250712965,-0.22848916053771973,0.8570252656936646,0.9327799479166666,-0.19001227003271642,0.29079361399443515,p29_raw_shift_dx3p5_dy1p0_fill,board_all_median_floor,affine,affine_lmeds,1496,5.984659671783447,7.825484275817871,"[[0.964242690293037, 0.13137386244365368, -26.99199754875218], [-0.06631033534806513, 0.9894192701549352, 24.920322865264623]]",3.5,1.0,9,True,False,3.0,2,0.1,calibration/def_stereocalib_THERM.yml,calibration/def_thermalcam_ori.yml,640x480,broad_generalization_raw_only_selection,broad,raw_shift_local,False,v6,v9,support-v9,strict-selected,research,full,strict,all,17.066808432289168,6.095255672931671,1.7630802392959595,10.427431106567383,9.1104736328125,7.446799278259277,5.601945877075195,1.9571619033813477,9.246729850769043,8.800313949584961,7.516407012939453,7.3696500062942505,12.351800203323364,966,8640,4062,2.081259846687317,18.288949966430664,1084,12629,4406,14147,0.046051432291666666,0.42885417402982967,1.0,1.0,0.564,40.95823563305859,4880,2200,4142,0.8490877693520534,0.5019206145966709,4406,0.0,0.4845833038806815,0.22,2.2356291961669923,0.0,0.7876583775588191,depth_tearing,False,,False,depth-tearing raw improvement 0.0654 is below 0.1000,17.11680843228917,depth_tearing_block,0.0,-1.0,1.0,0.06543085915730273,0.9409722222222222,1.0,0.020027875900268555,0.49504947662353516,0.11235761642456055,v6,strict,v6 adds strict raw/depth support-gated selection for v9; aligned metrics remain evaluation-only.,120_seq406,,,,,,
120_seq406,120,406,p29_raw_shift_dx4p5_dy1p0_fill,True,phase21_fixed_rgb_canvas,phase23_crop_plus_board_residual_transform,,"[296, 103]","[280, 115]","Phase29 candidate generated from calibration files, raw RGB/LWIR/depth, Phase24 board-affine geometry, Phase25 depth projection support, and raw-only scene reliability scoring. MM5 aligned images are evaluation-only.",1.0,0.9323665364583333,0.9323665364583333,0.8134329915046692,0.696604311466217,1.0,0.9184550195140022,0.7280110258542019,0.8684527277946472,3.0183539390563965,0.9323665364583333,1.018222319197401,1.119198100247281,-0.22131063044071198,0.9078055024147034,0.9323665364583333,-0.18351605980241992,0.28827602435186866,p29_raw_shift_dx4p5_dy1p0_fill,board_all_median_floor,affine,affine_lmeds,1496,5.984659671783447,7.825484275817871,"[[0.964242690293037, 0.13137386244365368, -26.99199754875218], [-0.06631033534806513, 0.9894192701549352, 24.920322865264623]]",4.5,1.0,9,True,False,3.0,2,0.1,calibration/def_stereocalib_THERM.yml,calibration/def_thermalcam_ori.yml,640x480,broad_generalization_raw_only_selection,broad,raw_shift_local,False,v6,v9,support-v9,strict-selected,research,full,strict,all,17.11097124143323,6.06429386138916,1.913198471069336,10.215389251708984,9.618208885192871,7.0089616775512695,5.573610305786133,2.1108951568603516,9.036325454711914,9.421046257019043,7.038339138031006,7.180050015449524,12.36935019493103,1016,8640,4062,2.083021104335785,18.977101802825928,1148,12629,4406,14147,0.046051432291666666,0.42885417402982967,1.0,1.0,0.5784615384615385,40.855109126107095,4898,2200,4153,0.8503625084087002,0.510456679470764,4406,0.0,0.4845833038806815,0.22,2.2919945335388183,0.0,0.7856751755020596,depth_tearing,False,,False,depth-tearing raw improvement 0.0213 is below 0.1000,17.21097124143323,depth_tearing_block,1.0,-1.0,2.0,0.021268050013240725,0.9965277777777778,1.0,0.048363447189331055,0.47749948501586914,0.08139580488204956,v6,strict,v6 adds strict raw/depth support-gated selection for v9; aligned metrics remain evaluation-only.,120_seq406,,,,,,
120_seq406,120,406,p29_raw_shift_dx2p5_dy2p0_fill,True,phase21_fixed_rgb_canvas,phase23_crop_plus_board_residual_transform,,"[296, 103]","[280, 115]","Phase29 candidate generated from calibration files, raw RGB/LWIR/depth, Phase24 board-affine geometry, Phase25 depth projection support, and raw-only scene reliability scoring. MM5 aligned images are evaluation-only.",1.0,0.9321451822916667,0.9321451822916667,0.8134329915046692,0.696604311466217,1.0,0.9184550195140022,0.7280110258542019,0.8884629607200623,3.1578621864318848,0.9321451822916667,1.039408048258765,1.132615071048627,-0.23826897144317627,0.8648343682289124,0.9321451822916667,-0.19909126110787864,0.2957781102978074,p29_raw_shift_dx2p5_dy2p0_fill,board_all_median_floor,affine,affine_lmeds,1496,5.984659671783447,7.825484275817871,"[[0.964242690293037, 0.13137386244365368, -26.99199754875218], [-0.06631033534806513, 0.9894192701549352, 24.920322865264623]]",2.5,2.0,9,True,False,3.0,2,0.1,calibration/def_stereocalib_THERM.yml,calibration/def_thermalcam_ori.yml,640x480,broad_generalization_raw_only_selection,broad,raw_shift_local,False,v6,v9,support-v9,strict-selected,research,full,strict,all,17.234705588110916,6.005543112754822,1.7327392101287842,10.27834701538086,10.925268173217773,8.097229957580566,5.723475217819214,2.0170769691467285,9.4298734664917,10.377344131469727,8.162641525268555,7.3064499497413635,12.990800142288208,981,8640,4045,2.02976793050766,20.729100227355957,1204,12629,4405,14147,0.046051432291666666,0.42885417402982967,1.0,1.0,0.596,41.62140841137258,4993,2200,3999,0.8325852782764811,0.49317114810072554,4405,0.0,0.4845833038806815,0.22,2.6143266677856443,0.0,0.8004117002187034,depth_tearing,False,,False,depth-tearing raw improvement -0.1025 is below 0.1000,17.284705588110917,depth_tearing_block,-1.0,0.0,1.0,-0.10246629666444562,1.0451388888888888,1.0,-0.10150146484375,-0.1439504623413086,0.02264505624771118,v6,strict,v6 adds strict raw/depth support-gated selection for v9; aligned metrics remain evaluation-only.,120_seq406,,,,,,
120_seq406,120,406,p29_raw_shift_dx4p5_dy2p0_fill,True,phase21_fixed_rgb_canvas,phase23_crop_plus_board_residual_transform,,"[296, 103]","[280, 115]","Phase29 candidate generated from calibration files, raw RGB/LWIR/depth, Phase24 board-affine geometry, Phase25 depth projection support, and raw-only scene reliability scoring. MM5 aligned images are evaluation-only.",1.0,0.9313444010416667,0.9313444010416667,0.8134329915046692,0.696604311466217,1.0,0.9184550195140022,0.7280110258542019,0.880021870136261,3.1053082942962646,0.9313444010416667,1.0317879151980411,1.135985965517051,-0.2242552787065506,0.8905737400054932,0.9313444010416667,-0.18606520814321062,0.2902234200224862,p29_raw_shift_dx4p5_dy2p0_fill,board_all_median_floor,affine,affine_lmeds,1496,5.984659671783447,7.825484275817871,"[[0.964242690293037, 0.13137386244365368, -26.99199754875218], [-0.06631033534806513, 0.9894192701549352, 24.920322865264623]]",4.5,2.0,9,True,False,3.0,2,0.1,calibration/def_stereocalib_THERM.yml,calibration/def_thermalcam_ori.yml,640x480,broad_generalization_raw_only_selection,broad,raw_shift_local,False,v6,v9,support-v9,strict-selected,research,full,strict,all,17.08128105126133,5.97232323884964,1.7616697549819946,10.182976722717285,9.994135856628418,7.237250804901123,5.521011292934418,1.9974898099899292,9.044532775878906,9.708240509033203,7.216402530670166,7.180050015449524,12.601777791976929,997,8640,4045,2.1017563939094543,19.448278427124023,1151,12629,4405,14147,0.046051432291666666,0.42885417402982967,1.0,1.0,0.5863384615384616,42.7686528796302,5032,2200,4081,0.8451231379594281,0.5036278275714895,4405,0.0,0.4845833038806815,0.22,2.377924518585205,0.0,0.8224740938390424,depth_tearing,False,,False,depth-tearing raw improvement 0.0510 is below 0.1000,17.13128105126133,depth_tearing_block,1.0,0.0,1.0,0.0509582401851425,0.9991319444444444,1.0,0.10096246004104614,0.2450718879699707,-0.010574817657470703,v6,strict,v6 adds strict raw/depth support-gated selection for v9; aligned metrics remain evaluation-only.,120_seq406,,,,,,
120_seq406,120,406,p29_raw_shift_dx2p5_dy3p0_fill,True,phase21_fixed_rgb_canvas,phase23_crop_plus_board_residual_transform,,"[296, 103]","[280, 115]","Phase29 candidate generated from calibration files, raw RGB/LWIR/depth, Phase24 board-affine geometry, Phase25 depth projection support, and raw-only scene reliability scoring. MM5 aligned images are evaluation-only.",1.0,0.9310774739583333,0.9310774739583333,0.8134329915046692,0.696604311466217,1.0,0.9184550195140022,0.7280110258542019,0.8950819373130798,3.0621235370635986,0.9310774739583333,1.0486200540863537,1.146072386637703,-0.23820056021213531,0.8281622529029846,0.9310774739583333,-0.19865251898445552,0.2967800983006514,p29_raw_shift_dx2p5_dy3p0_fill,board_all_median_floor,affine,affine_lmeds,1496,5.984659671783447,7.825484275817871,"[[0.964242690293037, 0.13137386244365368, -26.99199754875218], [-0.06631033534806513, 0.9894192701549352, 24.920322865264623]]",2.5,3.0,9,True,False,3.0,2,0.1,calibration/def_stereocalib_THERM.yml,calibration/def_thermalcam_ori.yml,640x480,broad_generalization_raw_only_selection,broad,raw_shift_local,False,v6,v9,support-v9,strict-selected,research,full,strict,all,16.854156608634746,5.913695394992828,1.4632798433303833,10.364110946655273,9.824736595153809,8.297123908996582,5.5213927030563354,1.6718175411224365,9.370967864990234,9.209639549255371,8.303526878356934,7.162499964237213,12.242951154708862,927,8640,4020,1.9530404806137085,20.052178382873535,1106,12629,4371,14147,0.046051432291666666,0.42885417402982967,1.0,1.0,0.610523076923077,41.15861535111032,5055,2200,3879,0.8305225116699292,0.48634229620145114,4371,0.0,0.4845833038806815,0.22,2.4322224998474122,0.0,0.7915118336751985,depth_tearing,False,,True,,24.813945884757793,depth_tearing_v2,-1.0,1.0,2.0,0.2780826828117249,0.9600694444444444,1.0,0.10058104991912842,0.6038985252380371,-0.06920266151428223,v6,strict,v6 adds strict raw/depth support-gated selection for v9; aligned metrics remain evaluation-only.,120_seq406,,,,,,
120_seq406,120,406,p29_raw_shift_dx3p5_dy3p0_fill,True,phase21_fixed_rgb_canvas,phase23_crop_plus_board_residual_transform,,"[296, 103]","[280, 115]","Phase29 candidate generated from calibration files, raw RGB/LWIR/depth, Phase24 board-affine geometry, Phase25 depth projection support, and raw-only scene reliability scoring. MM5 aligned images are evaluation-only.",1.0,0.9306901041666666,0.9306901041666666,0.8134329915046692,0.696604311466217,1.0,0.9184550195140022,0.7280110258542019,0.8929148316383362,2.7637856006622314,0.9306901041666666,1.0489888640509992,1.1510449734442432,-0.23209123313426971,0.8608838319778442,0.9306901041666666,-0.1931142214392024,0.29428209791289595,p29_raw_shift_dx3p5_dy3p0_fill,board_all_median_floor,affine,affine_lmeds,1496,5.984659671783447,7.825484275817871,"[[0.964242690293037, 0.13137386244365368, -26.99199754875218], [-0.06631033534806513, 0.9894192701549352, 24.920322865264623]]",3.5,3.0,9,True,False,3.0,2,0.1,calibration/def_stereocalib_THERM.yml,calibration/def_thermalcam_ori.yml,640x480,broad_generalization_raw_only_selection,broad,raw_shift_local,False,v6,v9,support-v9,strict-selected,research,full,strict,all,17.125902683541078,6.031399428844452,1.6571048498153687,10.405694007873535,10.504622459411621,7.863197326660156,5.581371963024139,1.8959048986434937,9.266839027404785,10.008504867553711,7.8224406242370605,7.162499964237213,12.829300165176392,977,8640,4020,2.1573525071144104,20.64483880996704,1117,12629,4371,14147,0.046051432291666666,0.42885417402982967,1.0,1.0,0.5888615384615384,42.28943175312887,4830,2200,3928,0.8383701698992633,0.490183525394793,4371,0.0,0.4845833038806815,0.22,2.519887828826904,0.0,0.8132583029447861,depth_tearing,False,,False,depth-tearing raw improvement 0.0063 is below 0.1000,17.17590268354108,depth_tearing_block,0.0,1.0,1.0,0.00633660790539281,0.9696180555555556,1.0,0.04060178995132446,0.017549514770507812,0.04850137233734131,v6,strict,v6 adds strict raw/depth support-gated selection for v9; aligned metrics remain evaluation-only.,120_seq406,,,,,,
120_seq406,120,406,p29_raw_shift_dx4p5_dy3p0_fill,True,phase21_fixed_rgb_canvas,phase23_crop_plus_board_residual_transform,,"[296, 103]","[280, 115]","Phase29 candidate generated from calibration files, raw RGB/LWIR/depth, Phase24 board-affine geometry, Phase25 depth projection support, and raw-only scene reliability scoring. MM5 aligned images are evaluation-only.",1.0,0.9302766927083334,0.9302766927083334,0.8134329915046692,0.696604311466217,1.0,0.9184550195140022,0.7280110258542019,0.8881372809410095,2.804412603378296,0.9302766927083334,1.043836429100522,1.150170825198548,-0.22451633214950562,0.8760657906532288,0.9302766927083334,-0.18606264259954208,0.29140056195921943,p29_raw_shift_dx4p5_dy3p0_fill,board_all_median_floor,affine,affine_lmeds,1496,5.984659671783447,7.825484275817871,"[[0.964242690293037, 0.13137386244365368, -26.99199754875218], [-0.06631033534806513, 0.9894192701549352, 24.920322865264623]]",4.5,3.0,9,True,False,3.0,2,0.1,calibration/def_stereocalib_THERM.yml,calibration/def_thermalcam_ori.yml,640x480,broad_generalization_raw_only_selection,broad,raw_shift_local,False,v6,v9,support-v9,strict-selected,research,full,strict,all,17.088467912661592,6.009569466114044,1.7135330438613892,10.3056058883667,10.224559783935547,7.443885326385498,5.525966107845306,1.9547394514083862,9.097192764282227,9.877309799194336,7.371678829193115,7.036099970340729,12.594050645828247,999,8640,4020,2.1321160197257996,20.07254934310913,1114,12629,4371,14147,0.046051432291666666,0.42885417402982967,1.0,1.0,0.5864615384615385,44.748046558669856,4934,2200,3932,0.8429236778846154,0.49359795134443024,4371,0.0,0.4845833038806815,0.22,2.435931587219238,0.0,0.8605393568974973,depth_tearing,False,,False,depth-tearing raw improvement 0.0438 is below 0.1000,17.188467912661594,depth_tearing_block,1.0,1.0,2.0,0.04377137878487858,0.9670138888888888,1.0,0.09600764513015747,0.25279903411865234,0.026671409606933594,v6,strict,v6 adds strict raw/depth support-gated selection for v9; aligned metrics remain evaluation-only.,120_seq406,,,,,,
120_seq406,120,406,p29_raw_shift_dx3p0_dy2p0_fill,True,phase21_fixed_rgb_canvas,phase23_crop_plus_board_residual_transform,,"[296, 103]","[280, 115]","Phase29 candidate generated from calibration files, raw RGB/LWIR/depth, Phase24 board-affine geometry, Phase25 depth projection support, and raw-only scene reliability scoring. MM5 aligned images are evaluation-only.",1.0,0.9317578125,0.9317578125,0.8134329915046692,0.696604311466217,1.0,0.9184550195140022,0.7280110258542019,0.8859063982963562,3.19899845123291,0.9317578125,1.0361596827831756,1.1296485012947786,-0.22892026603221893,0.8636550903320312,0.9317578125,-0.19051152220144493,0.2906044958184411,p29_raw_shift_dx3p0_dy2p0_fill,board_all_median_floor,affine,affine_lmeds,1496,5.984659671783447,7.825484275817871,"[[0.964242690293037, 0.13137386244365368, -26.99199754875218], [-0.06631033534806513, 0.9894192701549352, 24.920322865264623]]",3.0,2.0,9,True,False,3.0,2,0.1,calibration/def_stereocalib_THERM.yml,calibration/def_thermalcam_ori.yml,640x480,broad_generalization_raw_only_selection,broad,raw_shift_local,False,v6,v9,support-v9,strict-selected,research,full,strict,all,17.105229200964896,6.002240419387817,1.7703604698181152,10.23412036895752,10.606668472290039,7.903985023498535,5.669700860977173,2.020595073699951,9.318806648254395,10.226978302001953,7.930852890014648,7.162499964237213,12.813838005065918,1019,8640,4045,2.035999059677124,20.27336549758911,1208,12629,4405,14147,0.046051432291666666,0.42885417402982967,1.0,1.0,0.5907692307692308,38.87891507445098,4899,2200,3995,0.8341926324441455,0.4946649594536918,4405,0.0,0.4845833038806815,0.22,2.54151912689209,0.0,0.7476714437394419,depth_tearing,False,,False,depth-tearing raw improvement 0.0270 is below 0.1000,17.130229200964894,depth_tearing_block,-0.5,0.0,0.5,0.027010090481574878,1.0486111111111112,1.0,-0.047727108001708984,0.033011674880981445,0.019342362880706787,v6,strict,v6 adds strict raw/depth support-gated selection for v9; aligned metrics remain evaluation-only.,120_seq406,,,,,,
120_seq406,120,406,p29_raw_shift_dx4p0_dy2p0_fill,True,phase21_fixed_rgb_canvas,phase23_crop_plus_board_residual_transform,,"[296, 103]","[280, 115]","Phase29 candidate generated from calibration files, raw RGB/LWIR/depth, Phase24 board-affine geometry, Phase25 depth projection support, and raw-only scene reliability scoring. MM5 aligned images are evaluation-only.",1.0,0.9313444010416667,0.9313444010416667,0.8134329915046692,0.696604311466217,1.0,0.9184550195140022,0.7280110258542019,0.8818017840385437,2.9160993099212646,0.9313444010416667,1.0341018158298139,1.1319775176719853,-0.22220751643180847,0.8798282742500305,0.9313444010416667,-0.18431811445837296,0.287789144126238,p29_raw_shift_dx4p0_dy2p0_fill,board_all_median_floor,affine,affine_lmeds,1496,5.984659671783447,7.825484275817871,"[[0.964242690293037, 0.13137386244365368, -26.99199754875218], [-0.06631033534806513, 0.9894192701549352, 24.920322865264623]]",4.0,2.0,9,True,False,3.0,2,0.1,calibration/def_stereocalib_THERM.yml,calibration/def_thermalcam_ori.yml,640x480,broad_generalization_raw_only_selection,broad,raw_shift_local,False,v6,v9,support-v9,strict-selected,research,full,strict,all,17.268243208218898,6.099974036216736,1.8255584239959717,10.3743896484375,10.290101051330566,7.468189716339111,5.594218850135803,2.06816029548645,9.120277404785156,10.208559036254883,7.460143089294434,7.324000000953674,12.724997758865356,1043,8640,4045,2.1870046257972717,20.340070724487305,1155,12629,4405,14147,0.046051432291666666,0.42885417402982967,1.0,1.0,0.5688,42.05887582508471,4905,2200,4088,0.8458716969833071,0.5036278275714895,4405,0.0,0.4845833038806815,0.22,2.449673366546631,0.0,0.808824535097783,depth_tearing,False,,False,depth-tearing raw improvement -0.1360 is below 0.1000,17.293243208218897,depth_tearing_block,0.5,0.0,0.5,-0.1360039167724274,1.0026041666666667,1.0,0.027754902839660645,0.12185192108154297,0.11707597970962524,v6,strict,v6 adds strict raw/depth support-gated selection for v9; aligned metrics remain evaluation-only.,120_seq406,,,,,,
120_seq406,120,406,p29_raw_shift_dx3p5_dy1p5_fill,True,phase21_fixed_rgb_canvas,phase23_crop_plus_board_residual_transform,,"[296, 103]","[280, 115]","Phase29 candidate generated from calibration files, raw RGB/LWIR/depth, Phase24 board-affine geometry, Phase25 depth projection support, and raw-only scene reliability scoring. MM5 aligned images are evaluation-only.",1.0,0.9327799479166666,0.9327799479166666,0.8134329915046692,0.696604311466217,1.0,0.9184550195140022,0.7280110258542019,0.8804906010627747,2.6687190532684326,0.9327799479166666,1.0349425269994887,1.1364282683754983,-0.22624638676643372,0.8321996927261353,0.9327799479166666,-0.18769102182993155,0.2903237539523931,p29_raw_shift_dx3p5_dy1p5_fill,board_all_median_floor,affine,affine_lmeds,1496,5.984659671783447,7.825484275817871,"[[0.964242690293037, 0.13137386244365368, -26.99199754875218], [-0.06631033534806513, 0.9894192701549352, 24.920322865264623]]",3.5,1.5,9,True,False,3.0,2,0.1,calibration/def_stereocalib_THERM.yml,calibration/def_thermalcam_ori.yml,640x480,broad_generalization_raw_only_selection,broad,raw_shift_local,False,v6,v9,support-v9,strict-selected,research,full,strict,all,17.001472922971306,6.073302686214447,1.751200556755066,10.395404815673828,9.227666854858398,7.539511203765869,5.532147169113159,1.8910012245178223,9.173293113708496,8.79947566986084,7.572767734527588,7.116849958896637,12.351800203323364,944,8640,4062,2.129105567932129,18.733083724975586,1063,12629,4406,14147,0.046051432291666666,0.42885417402982967,1.0,1.0,0.5926769230769231,41.22017215141076,5026,2200,4030,0.8493109420890127,0.4910371318822023,4406,0.0,0.4845833038806815,0.22,2.264140930175781,0.0,0.7926956182963607,depth_tearing,True,selector v6 selected raw_shift_fill via depth_tearing_v2; raw_score delta -0.1308; adjusted score 24.4086; selection used raw RGB/LWIR/depth support gates only,True,,24.408606406858024,depth_tearing_v2,0.0,-0.5,0.5,0.13076636847516454,0.9227430555555556,1.0,0.08982658386230469,0.49504947662353516,0.09040462970733643,v6,strict,v6 adds strict raw/depth support-gated selection for v9; aligned metrics remain evaluation-only.,120_seq406,,,,,,
120_seq406,120,406,p29_raw_shift_dx3p5_dy2p5_fill,True,phase21_fixed_rgb_canvas,phase23_crop_plus_board_residual_transform,,"[296, 103]","[280, 115]","Phase29 candidate generated from calibration files, raw RGB/LWIR/depth, Phase24 board-affine geometry, Phase25 depth projection support, and raw-only scene reliability scoring. MM5 aligned images are evaluation-only.",1.0,0.9317578125,0.9317578125,0.8134329915046692,0.696604311466217,1.0,0.9184550195140022,0.7280110258542019,0.8898690938949585,3.056999921798706,0.9317578125,1.0445242542672004,1.153314399353561,-0.22840900719165802,0.8206453919410706,0.9317578125,-0.18950873929891818,0.29216093496257517,p29_raw_shift_dx3p5_dy2p5_fill,board_all_median_floor,affine,affine_lmeds,1496,5.984659671783447,7.825484275817871,"[[0.964242690293037, 0.13137386244365368, -26.99199754875218], [-0.06631033534806513, 0.9894192701549352, 24.920322865264623]]",3.5,2.5,9,True,False,3.0,2,0.1,calibration/def_stereocalib_THERM.yml,calibration/def_thermalcam_ori.yml,640x480,broad_generalization_raw_only_selection,broad,raw_shift_local,False,v6,v9,support-v9,strict-selected,research,full,strict,all,17.17536131815029,6.011861085891724,1.7232403755187988,10.300481796264648,10.431130409240723,7.766905307769775,5.6660531759262085,1.980182409286499,9.351923942565918,9.871156692504883,7.753001689910889,7.162499964237213,12.892500162124634,936,8640,4045,2.0689329504966736,21.355825424194336,1114,12629,4405,14147,0.046051432291666666,0.42885417402982967,1.0,1.0,0.5894769230769231,44.28665447129593,4960,2200,3989,0.8379657451923077,0.4878361075544174,4405,0.0,0.4845833038806815,0.22,2.498955898284912,0.0,0.8516664321403064,depth_tearing,False,,False,depth-tearing raw improvement -0.0431 is below 0.1000,17.20036131815029,depth_tearing_block,0.0,0.5,0.5,-0.04312202670381993,0.9670138888888888,1.0,-0.04407942295074463,-0.045650482177734375,0.028963029384613037,v6,strict,v6 adds strict raw/depth support-gated selection for v9; aligned metrics remain evaluation-only.,120_seq406,,,,,,
123_seq409,123,409,p29_baseline,True,phase21_fixed_rgb_canvas,phase24_affine_lwir_subpixel_shift_depth_fill_then_morph_close,,"[296, 103]","[280, 115]","Phase29 candidate generated from calibration files, raw RGB/LWIR/depth, Phase24 board-affine geometry, Phase25 depth projection support, and raw-only scene reliability scoring. MM5 aligned images are evaluation-only.",1.0,0.9317578125,0.9317578125,0.8762425184249878,0.6159970164299011,1.0,1.011083560325447,0.9235801599935907,0.8989414572715759,4.783583641052246,0.9317578125,1.0249309679039718,1.0312734165247295,-0.22685140371322632,0.901610255241394,0.9317578125,-0.17472550346959445,0.38357041183386836,p29_baseline,board_all_median_floor,affine,affine_lmeds,1496,5.984659671783447,7.825484275817871,"[[0.964242690293037, 0.13137386244365368, -26.99199754875218], [-0.06631033534806513, 0.9894192701549352, 24.920322865264623]]",3.5,2.0,9,True,False,3.0,2,0.1,calibration/def_stereocalib_THERM.yml,calibration/def_thermalcam_ori.yml,640x480,broad_generalization_raw_only_selection,broad,baseline,False,v6,v9,support-v9,strict-selected,research,full,strict,all,14.015049480551102,5.807244181632996,0.9926927089691162,10.621795654296875,12.459171295166016,8.180776596069336,4.80710905790329,1.0222152471542358,8.592002868652344,12.160204887390137,8.180776596069336,6.432199984788895,10.441800713539124,458,4360,1178,2.1105853021144867,20.333760738372803,484,6668,1178,5509,0.017932942708333333,0.5380286803412597,1.0,1.0,0.5500077291698872,98.51525107002408,1989,960,1891,0.8357843137254902,0.5610795454545454,1178,0.0,0.04788527863496128,0.0,2.8144621276855473,0.0,0.9230769230769231,general,False,,False,,14.015049480551102,v6_baseline,0.0,0.0,0.0,0.0,1.0,1.0,0.0,0.0,0.0,v6,strict,v6 baseline row; aligned metrics are not used for selection.,123_seq409,,,,,,
123_seq409,123,409,p29_depth_conservative,True,phase21_fixed_rgb_canvas,phase23_crop_plus_board_residual_transform,,"[296, 103]","[280, 115]","Phase29 candidate generated from calibration files, raw RGB/LWIR/depth, Phase24 board-affine geometry, Phase25 depth projection support, and raw-only scene reliability scoring. MM5 aligned images are evaluation-only.",1.0,0.9317578125,0.9317578125,0.8762425184249878,0.6159970164299011,1.0,1.011083560325447,0.9235801599935907,0.8981496095657349,5.322088241577148,0.9317578125,1.0204272947764639,1.0280680977346124,-0.2377631515264511,0.8408852815628052,0.9317578125,-0.1857164654843227,0.3806133182100351,p29_depth_conservative,board_all_median_floor,affine,affine_lmeds,1496,5.984659671783447,7.825484275817871,"[[0.964242690293037, 0.13137386244365368, -26.99199754875218], [-0.06631033534806513, 0.9894192701549352, 24.920322865264623]]",3.5,2.0,9,False,False,4.0,3,0.075,calibration/def_stereocalib_THERM.yml,calibration/def_thermalcam_ori.yml,640x480,broad_generalization_raw_only_selection,broad,depth_conservative,False,v6,v9,support-v9,strict-selected,research,full,strict,all,13.816770098392876,5.615666925907135,0.962682843208313,10.268651008605957,11.731650352478027,7.9718918800354,4.677265763282776,1.0623457431793213,8.29218578338623,11.219991683959961,7.9718918800354,6.207500010728836,10.378600239753723,460,4045,1178,2.03305122256279,20.321119785308838,510,6332,1178,5053,0.016448567708333334,0.5398773006134969,1.0,1.0,0.5500077291698872,98.51525107002408,1989,1416,1925,0.82508700257225,0.5601679104477612,1178,0.0,0.04049079754601248,0.0,2.749448413848877,0.0,0.9230769230769231,general,False,,False,depth/reflection/edge guard candidates are diagnostic-only by default,13.816770098392876,diagnostic_guard_block,0.0,0.0,0.0,0.19827938215822627,1.0537190082644627,0.9172263568705754,0.12984329462051392,0.06320047378540039,-0.1915772557258606,v6,strict,v6 adds strict raw/depth support-gated selection for v9; aligned metrics remain evaluation-only.,123_seq409,,,,,,
123_seq409,123,409,p29_reflection_guard,True,phase21_fixed_rgb_canvas,phase23_crop_plus_board_residual_transform,,"[296, 103]","[280, 115]","Phase29 candidate generated from calibration files, raw RGB/LWIR/depth, Phase24 board-affine geometry, Phase25 depth projection support, and raw-only scene reliability scoring. MM5 aligned images are evaluation-only.",1.0,0.9317578125,0.9317578125,0.8762425184249878,0.6159970164299011,1.0,1.011083560325447,0.9235801599935907,0.8981496095657349,5.322088241577148,0.9317578125,1.0204272947764639,1.0280680977346124,-0.2377631515264511,0.8408852815628052,0.9317578125,-0.1857164654843227,0.3806133182100351,p29_reflection_guard,board_all_median_floor,affine,affine_lmeds,1496,5.984659671783447,7.825484275817871,"[[0.964242690293037, 0.13137386244365368, -26.99199754875218], [-0.06631033534806513, 0.9894192701549352, 24.920322865264623]]",3.5,2.0,9,False,False,4.5,3,0.055,calibration/def_stereocalib_THERM.yml,calibration/def_thermalcam_ori.yml,640x480,broad_generalization_raw_only_selection,broad,reflection_guard,False,v6,v9,support-v9,strict-selected,research,full,strict,all,13.837068605855563,5.615666925907135,0.962682843208313,10.268651008605957,11.731650352478027,7.9718918800354,4.677265763282776,1.0623457431793213,8.29218578338623,11.219991683959961,7.9718918800354,6.207500010728836,10.378600239753723,460,4045,1178,2.03305122256279,20.321119785308838,510,6332,1178,5053,0.016448567708333334,0.5398773006134969,1.0,1.0,0.5500077291698872,98.51525107002408,1989,1416,1953,0.82508700257225,0.5625,1178,0.0,0.04049079754601248,0.0,2.749448413848877,0.0,0.9230769230769231,general,False,,False,depth/reflection/edge guard candidates are diagnostic-only by default,13.837068605855563,diagnostic_guard_block,0.0,0.0,0.0,0.17798087469553892,1.0537190082644627,0.9172263568705754,0.12984329462051392,0.06320047378540039,-0.1915772557258606,v6,strict,v6 adds strict raw/depth support-gated selection for v9; aligned metrics remain evaluation-only.,123_seq409,,,,,,
123_seq409,123,409,p29_small_target_guard,True,phase21_fixed_rgb_canvas,phase23_crop_plus_board_residual_transform,,"[296, 103]","[280, 115]","Phase29 candidate generated from calibration files, raw RGB/LWIR/depth, Phase24 board-affine geometry, Phase25 depth projection support, and raw-only scene reliability scoring. MM5 aligned images are evaluation-only.",1.0,0.9317578125,0.9317578125,0.8762425184249878,0.6159970164299011,1.0,1.011083560325447,0.9235801599935907,0.894734263420105,4.661740779876709,0.9317578125,1.0208560658453127,1.0272816473631203,-0.21608620882034302,0.8854307532310486,0.9317578125,-0.16507928558345472,0.37546338504183063,p29_small_target_guard,board_all_median_floor,affine,affine_lmeds,1496,5.984659671783447,7.825484275817871,"[[0.964242690293037, 0.13137386244365368, -26.99199754875218], [-0.06631033534806513, 0.9894192701549352, 24.920322865264623]]",3.5,2.0,5,True,False,3.0,2,0.065,calibration/def_stereocalib_THERM.yml,calibration/def_thermalcam_ori.yml,640x480,broad_generalization_raw_only_selection,broad,small_target_guard,False,v6,v9,support-v9,strict-selected,research,full,strict,all,13.631906716009482,5.722664684057236,0.9757439494132996,10.469585418701172,11.285163879394531,7.566097259521484,4.727620363235474,1.010566234588623,8.444674491882324,10.964829444885254,7.566097259521484,6.432199984788895,10.332950234413147,518,4360,1178,2.078281879425049,19.479179859161377,545,6668,1178,5509,0.017932942708333333,0.5380286803412597,1.0,1.0,0.26016385840160766,46.818925720216825,839,960,1859,0.8213467048710602,0.5606060606060606,1178,0.0,0.04788527863496128,0.0,2.636617279052734,0.0,0.9003639561580159,general,False,,False,raw improvement 0.3831 is below 0.6500,13.851906716009482,small_target_guard_block,0.0,0.0,0.0,0.38314276454162055,1.1260330578512396,1.0,0.07948869466781616,0.10885047912597656,-0.08457949757575989,v6,strict,v6 adds strict raw/depth support-gated selection for v9; aligned metrics remain evaluation-only.,123_seq409,,,,,,
123_seq409,123,409,p29_edge_contamination_guard,True,phase21_fixed_rgb_canvas,phase23_crop_plus_board_residual_transform,,"[296, 103]","[280, 115]","Phase29 candidate generated from calibration files, raw RGB/LWIR/depth, Phase24 board-affine geometry, Phase25 depth projection support, and raw-only scene reliability scoring. MM5 aligned images are evaluation-only.",1.0,0.9317578125,0.9317578125,0.8762425184249878,0.6159970164299011,1.0,1.011083560325447,0.9235801599935907,0.8981496095657349,5.322088241577148,0.9317578125,1.0204272947764639,1.0280680977346124,-0.2377631515264511,0.8408852815628052,0.9317578125,-0.1857164654843227,0.3806133182100351,p29_edge_contamination_guard,board_all_median_floor,affine,affine_lmeds,1496,5.984659671783447,7.825484275817871,"[[0.964242690293037, 0.13137386244365368, -26.99199754875218], [-0.06631033534806513, 0.9894192701549352, 24.920322865264623]]",3.5,2.0,9,False,False,4.0,3,0.08,calibration/def_stereocalib_THERM.yml,calibration/def_thermalcam_ori.yml,640x480,broad_generalization_raw_only_selection,broad,edge_contamination_guard,False,v6,v9,support-v9,strict-selected,research,full,strict,all,13.816770098392876,5.615666925907135,0.962682843208313,10.268651008605957,11.731650352478027,7.9718918800354,4.677265763282776,1.0623457431793213,8.29218578338623,11.219991683959961,7.9718918800354,6.207500010728836,10.378600239753723,460,4045,1178,2.03305122256279,20.321119785308838,510,6332,1178,5053,0.016448567708333334,0.5398773006134969,1.0,1.0,0.5500077291698872,98.51525107002408,1989,1416,1925,0.82508700257225,0.5601679104477612,1178,0.0,0.04049079754601248,0.0,2.749448413848877,0.0,0.9230769230769231,general,False,,False,depth/reflection/edge guard candidates are diagnostic-only by default,13.816770098392876,diagnostic_guard_block,0.0,0.0,0.0,0.19827938215822627,1.0537190082644627,0.9172263568705754,0.12984329462051392,0.06320047378540039,-0.1915772557258606,v6,strict,v6 adds strict raw/depth support-gated selection for v9; aligned metrics remain evaluation-only.,123_seq409,,,,,,
123_seq409,123,409,p29_v9_support_gated,True,phase21_fixed_rgb_canvas,phase23_crop_plus_board_residual_transform,,"[296, 103]","[280, 115]","Phase29 candidate generated from calibration files, raw RGB/LWIR/depth, Phase24 board-affine geometry, Phase25 depth projection support, and raw-only scene reliability scoring. MM5 aligned images are evaluation-only.",1.0,0.9317578125,0.9317578125,0.8762425184249878,0.6159970164299011,1.0,1.011083560325447,0.9235801599935907,0.8223060369491577,4.984701156616211,0.9317578125,0.9295019297838705,0.9140273318294003,-0.16565503180027008,0.9736707210540771,0.9317578125,-0.11901443623327707,0.34988413262211654,p29_v9_support_gated,board_all_median_floor,affine,affine_lmeds,1496,5.984659671783447,7.825484275817871,"[[0.964242690293037, 0.13137386244365368, -26.99199754875218], [-0.06631033534806513, 0.9894192701549352, 24.920322865264623]]",3.5,2.0,5,True,False,7.0,3,0.075,calibration/def_stereocalib_THERM.yml,calibration/def_thermalcam_ori.yml,640x480,broad_generalization_raw_only_selection,broad,v9_support_gated,False,v6,v9,support-v9,strict-selected,research,full,strict,all,12.281522852793366,4.441521406173706,1.4944047927856445,7.388638019561768,12.604799270629883,4.656898498535156,3.429190456867218,1.5432368516921997,5.315144062042236,12.43698501586914,4.656898498535156,4.234299957752228,8.971377611160278,1017,4045,1178,1.7551753520965576,20.610429286956787,1037,6332,1178,5053,0.016448567708333334,0.5398773006134969,1.0,1.0,0.424022260009275,52.2775821152781,789,1416,2139,0.7100216294160058,0.5875420875420876,1178,0.0,0.04049079754601248,0.0,2.5325518798828126,0.0,0.9230769230769231,general,False,,False,v9 support-gated mode is reserved for reflection/background scenes,11.71756,v9_reflection_block,0.0,0.0,0.0,1.7335266277577368,2.1425619834710745,0.9172263568705754,1.3779186010360718,1.4704231023788452,-1.3657227754592896,v6,strict,v6 adds strict raw/depth support-gated selection for v9; aligned metrics remain evaluation-only.,123_seq409,True,v9_support_gated,8356,90,,0.9317578125
123_seq409,123,409,p29_v9_support_gated_tight,True,phase21_fixed_rgb_canvas,phase23_crop_plus_board_residual_transform,,"[296, 103]","[280, 115]","Phase29 candidate generated from calibration files, raw RGB/LWIR/depth, Phase24 board-affine geometry, Phase25 depth projection support, and raw-only scene reliability scoring. MM5 aligned images are evaluation-only.",1.0,0.9317578125,0.9317578125,0.8762425184249878,0.6159970164299011,1.0,1.011083560325447,0.9235801599935907,0.8367918729782104,4.211326599121094,0.9317578125,0.9480367249130511,0.910085410197115,-0.17667381465435028,0.9021151065826416,0.9317578125,-0.12879478431449232,0.3552781398623588,p29_v9_support_gated_tight,board_all_median_floor,affine,affine_lmeds,1496,5.984659671783447,7.825484275817871,"[[0.964242690293037, 0.13137386244365368, -26.99199754875218], [-0.06631033534806513, 0.9894192701549352, 24.920322865264623]]",3.5,2.0,5,True,False,8.0,4,0.055,calibration/def_stereocalib_THERM.yml,calibration/def_thermalcam_ori.yml,640x480,broad_generalization_raw_only_selection,broad,v9_support_gated_tight,False,v6,v9,support-v9,strict-selected,research,full,strict,all,12.796355447908551,4.859307408332825,1.7861626148223877,7.932452201843262,11.487289428710938,5.058455467224121,3.894818603992462,1.991873860359192,5.797763347625732,11.30416488647461,5.058455467224121,4.774999916553497,9.901099920272827,899,3751,1178,1.9397637844085693,19.823259830474854,949,5985,1178,4613,0.015016276041666667,0.5419466724474312,1.0,1.0,0.384603493584789,52.35385621897903,696,1856,2189,0.7460414129110841,0.5769392033542977,1178,0.0,0.03221331021027529,0.0,2.4723885345458982,0.0,0.9230769230769231,general,False,,False,v9 support candidate mode is diagnostic-only unless a dedicated raw/depth gate allows it,11.52684,v9_mode_block,0.0,0.0,0.0,1.218694032642551,1.9607438016528926,0.8373570520965693,0.9122904539108276,0.5407007932662964,-0.9479367733001709,v6,strict,v6 adds strict raw/depth support-gated selection for v9; aligned metrics remain evaluation-only.,123_seq409,True,v9_support_gated_tight,6884,95,,0.9317578125
123_seq409,123,409,p29_v9_target_only,True,phase21_fixed_rgb_canvas,phase23_crop_plus_board_residual_transform,,"[296, 103]","[280, 115]","Phase29 candidate generated from calibration files, raw RGB/LWIR/depth, Phase24 board-affine geometry, Phase25 depth projection support, and raw-only scene reliability scoring. MM5 aligned images are evaluation-only.",1.0,0.9317578125,0.9317578125,0.8762425184249878,0.6159970164299011,1.0,1.011083560325447,0.9235801599935907,0.923728883266449,3.7592577934265137,0.9317578125,1.036972193158371,0.905325711016541,-0.2366475611925125,0.9293045997619629,0.9317578125,-0.18970494697343626,0.350122945450987,p29_v9_target_only,board_all_median_floor,affine,affine_lmeds,1496,5.984659671783447,7.825484275817871,"[[0.964242690293037, 0.13137386244365368, -26.99199754875218], [-0.06631033534806513, 0.9894192701549352, 24.920322865264623]]",3.5,2.0,5,True,False,8.0,4,0.045,calibration/def_stereocalib_THERM.yml,calibration/def_thermalcam_ori.yml,640x480,broad_generalization_raw_only_selection,broad,v9_target_only,False,v6,v9,support-v9,strict-selected,research,full,strict,all,18.15281848135989,9.94652470946312,0.9356500506401062,18.957399368286133,7.03422737121582,12.585251808166504,8.091217815876007,0.9625116586685181,15.219923973083496,6.7180657386779785,12.586169242858887,10.269751131534576,16.33329927921295,172,3751,1178,4.43863171339035,20.586201190948486,180,5985,1178,4613,0.015016276041666667,0.5419466724474312,1.0,1.0,0.6348740145308394,86.63215215458098,2037,1856,2274,0.9386382280557835,0.550104821802935,1178,0.0,0.03221331021027529,0.0,2.2261609268188476,0.0,0.9230769230769231,general,False,,False,v9 target-only blocked because baseline thermal target is not weak/small,10.09628,v9_target_only_block,0.0,0.0,0.0,-4.137769000808788,0.371900826446281,0.8373570520965693,-3.2841087579727173,-5.891498565673828,4.139280527830124,v6,strict,v6 adds strict raw/depth support-gated selection for v9; aligned metrics remain evaluation-only.,123_seq409,True,v9_target_only,1628,107,,0.9317578125
123_seq409,123,409,p29_v9_depth_thermal,True,phase21_fixed_rgb_canvas,phase23_crop_plus_board_residual_transform,,"[296, 103]","[280, 115]","Phase29 candidate generated from calibration files, raw RGB/LWIR/depth, Phase24 board-affine geometry, Phase25 depth projection support, and raw-only scene reliability scoring. MM5 aligned images are evaluation-only.",1.0,0.9317578125,0.9317578125,0.8762425184249878,0.6159970164299011,1.0,1.011083560325447,0.9235801599935907,0.828278660774231,4.551406383514404,0.9317578125,0.9384090838609713,0.9162590759188456,-0.1737987995147705,0.9381906390190125,0.9317578125,-0.12731685136378734,0.3474072799006484,p29_v9_depth_thermal,board_all_median_floor,affine,affine_lmeds,1496,5.984659671783447,7.825484275817871,"[[0.964242690293037, 0.13137386244365368, -26.99199754875218], [-0.06631033534806513, 0.9894192701549352, 24.920322865264623]]",3.5,2.0,5,True,False,7.0,3,0.065,calibration/def_stereocalib_THERM.yml,calibration/def_thermalcam_ori.yml,640x480,broad_generalization_raw_only_selection,broad,v9_depth_thermal,False,v6,v9,support-v9,strict-selected,research,full,strict,all,12.955200387899428,4.985099673271179,1.8036181926727295,8.166581153869629,12.025290489196777,5.054288864135742,3.874641478061676,1.8578683137893677,5.891414642333984,12.026850700378418,5.054288864135742,4.775000154972076,10.10824990272522,946,4045,1178,2.137520670890808,20.702775478363037,956,6332,1178,5053,0.016448567708333334,0.5398773006134969,1.0,1.0,0.42865976194156746,51.176250913251,746,1416,2187,0.7452707581227437,0.5782828282828283,1178,0.0,0.04049079754601248,0.0,2.5643431091308595,0.0,0.9230769230769231,general,False,,False,v9 depth-thermal mode is reserved for double-edge mismatch scenes,11.55012,v9_depth_thermal_block,0.0,0.0,0.0,1.0598490926516746,1.975206611570248,0.9172263568705754,0.9324675798416138,0.3335508108139038,-0.8221445083618164,v6,strict,v6 adds strict raw/depth support-gated selection for v9; aligned metrics remain evaluation-only.,123_seq409,True,v9_depth_thermal,7812,91,,0.9317578125
123_seq409,123,409,p29_v9_target_silhouette,True,phase21_fixed_rgb_canvas,phase23_crop_plus_board_residual_transform,,"[296, 103]","[280, 115]","Phase29 candidate generated from calibration files, raw RGB/LWIR/depth, Phase24 board-affine geometry, Phase25 depth projection support, and raw-only scene reliability scoring. MM5 aligned images are evaluation-only.",1.0,0.9317578125,0.9317578125,0.8762425184249878,0.6159970164299011,1.0,1.011083560325447,0.9235801599935907,0.9290538430213928,1.2252568006515503,0.9317578125,1.0565331541073593,0.8988723459325046,-0.24381066858768463,0.8712894916534424,0.9317578125,-0.19684839467721213,0.3479334057359543,p29_v9_target_silhouette,board_all_median_floor,affine,affine_lmeds,1496,5.984659671783447,7.825484275817871,"[[0.964242690293037, 0.13137386244365368, -26.99199754875218], [-0.06631033534806513, 0.9894192701549352, 24.920322865264623]]",3.5,2.0,5,True,False,7.0,3,0.045,calibration/def_stereocalib_THERM.yml,calibration/def_thermalcam_ori.yml,640x480,broad_generalization_raw_only_selection,broad,v9_target_silhouette,False,v6,v9,support-v9,strict-selected,research,full,strict,all,21.836011764742896,13.143089950084686,0.6057447195053101,25.680435180664062,9.64664363861084,15.889623641967773,10.099933326244354,0.6057447195053101,19.5941219329834,9.64664363861084,15.889623641967773,12.572990447282791,18.432903349399567,76,4045,1178,6.151382461190224,19.945792198181152,76,6332,1178,5053,0.016448567708333334,0.5398773006134969,1.0,1.0,0.7064461276858865,100.76704698231184,2106,1416,2273,0.9702876906146832,0.5509259259259259,1178,0.0,0.04049079754601248,0.0,2.696395854949951,0.0,0.9230769230769231,general,True,selector v6 selected v9_support_gated via v9_target_silhouette; raw_score delta +7.8210; adjusted score 2.3043; selection used raw RGB/LWIR/depth support gates only,True,,2.3042800000000003,v9_target_silhouette,0.0,0.0,0.0,-7.820962284191793,0.15702479338842976,0.9172263568705754,-5.2928242683410645,-7.991102635860443,7.335845768451691,v6,strict,v6 adds strict raw/depth support-gated selection for v9; aligned metrics remain evaluation-only.,123_seq409,True,v9_target_silhouette,1628,107,111.0,0.9317578125
123_seq409,123,409,p29_raw_shift_dx2p5_dy1p0_fill,True,phase21_fixed_rgb_canvas,phase23_crop_plus_board_residual_transform,,"[296, 103]","[280, 115]","Phase29 candidate generated from calibration files, raw RGB/LWIR/depth, Phase24 board-affine geometry, Phase25 depth projection support, and raw-only scene reliability scoring. MM5 aligned images are evaluation-only.",1.0,0.9331673177083334,0.9331673177083334,0.8762425184249878,0.6159970164299011,1.0,1.011083560325447,0.9235801599935907,0.893807590007782,4.3877668380737305,0.9331673177083334,1.0208623988700052,1.0225427326044378,-0.23613496124744415,0.8919082880020142,0.9331673177083334,-0.1835648740529687,0.3861435794832501,p29_raw_shift_dx2p5_dy1p0_fill,board_all_median_floor,affine,affine_lmeds,1496,5.984659671783447,7.825484275817871,"[[0.964242690293037, 0.13137386244365368, -26.99199754875218], [-0.06631033534806513, 0.9894192701549352, 24.920322865264623]]",2.5,1.0,9,True,False,3.0,2,0.1,calibration/def_stereocalib_THERM.yml,calibration/def_thermalcam_ori.yml,640x480,broad_generalization_raw_only_selection,broad,raw_shift_local,False,v6,v9,support-v9,strict-selected,research,full,strict,all,13.767289250433604,5.785618782043457,0.9610509872436523,10.610186576843262,10.943379402160645,7.7858734130859375,4.81596565246582,1.0099868774414062,8.621944427490234,10.490921974182129,7.7858734130859375,6.419915705919266,10.919300198554993,490,4360,1178,2.199478179216385,19.40895938873291,528,6668,1178,5509,0.017932942708333333,0.5380286803412597,1.0,1.0,0.5365589735662389,98.39848113803123,1959,960,1909,0.8307381776239908,0.5587121212121212,1178,0.0,0.04788527863496128,0.0,2.592678165435791,0.0,0.9230769230769231,general,False,,False,raw improvement 0.2478 is below 0.6000,13.867289250433604,generic_block,-1.0,-1.0,2.0,0.24776023011749793,1.0909090909090908,1.0,-0.008856594562530518,-0.47749948501586914,-0.021625399589538574,v6,strict,v6 adds strict raw/depth support-gated selection for v9; aligned metrics remain evaluation-only.,123_seq409,,,,,,
123_seq409,123,409,p29_raw_shift_dx3p5_dy1p0_fill,True,phase21_fixed_rgb_canvas,phase23_crop_plus_board_residual_transform,,"[296, 103]","[280, 115]","Phase29 candidate generated from calibration files, raw RGB/LWIR/depth, Phase24 board-affine geometry, Phase25 depth projection support, and raw-only scene reliability scoring. MM5 aligned images are evaluation-only.",1.0,0.9327799479166666,0.9327799479166666,0.8762425184249878,0.6159970164299011,1.0,1.011083560325447,0.9235801599935907,0.8961234092712402,4.194945335388184,0.9327799479166666,1.0265661397945864,1.0374160169045021,-0.2297951728105545,0.8659049868583679,0.9327799479166666,-0.1773891559267158,0.38400964536659277,p29_raw_shift_dx3p5_dy1p0_fill,board_all_median_floor,affine,affine_lmeds,1496,5.984659671783447,7.825484275817871,"[[0.964242690293037, 0.13137386244365368, -26.99199754875218], [-0.06631033534806513, 0.9894192701549352, 24.920322865264623]]",3.5,1.0,9,True,False,3.0,2,0.1,calibration/def_stereocalib_THERM.yml,calibration/def_thermalcam_ori.yml,640x480,broad_generalization_raw_only_selection,broad,raw_shift_local,False,v6,v9,support-v9,strict-selected,research,full,strict,all,13.896957178421154,5.768364906311035,1.0293998718261719,10.507329940795898,11.776646614074707,7.703862190246582,4.730517268180847,1.0506455898284912,8.410388946533203,11.461690902709961,7.703862190246582,6.244012862443924,10.441800236701965,472,4360,1178,2.1482976973056793,18.99114990234375,499,6668,1178,5509,0.017932942708333333,0.5380286803412597,1.0,1.0,0.5438243932601639,96.49762251275038,1997,960,1883,0.8369580872821547,0.5620265151515151,1178,0.0,0.04788527863496128,0.0,2.7361053657531738,0.0,0.9230769230769231,general,False,,False,raw improvement 0.1181 is below 0.6000,13.946957178421155,generic_block,0.0,-1.0,1.0,0.11809230212994848,1.03099173553719,1.0,0.07659178972244263,4.76837158203125e-07,-0.03887927532196045,v6,strict,v6 adds strict raw/depth support-gated selection for v9; aligned metrics remain evaluation-only.,123_seq409,,,,,,
123_seq409,123,409,p29_raw_shift_dx4p5_dy1p0_fill,True,phase21_fixed_rgb_canvas,phase23_crop_plus_board_residual_transform,,"[296, 103]","[280, 115]","Phase29 candidate generated from calibration files, raw RGB/LWIR/depth, Phase24 board-affine geometry, Phase25 depth projection support, and raw-only scene reliability scoring. MM5 aligned images are evaluation-only.",1.0,0.9323665364583333,0.9323665364583333,0.8762425184249878,0.6159970164299011,1.0,1.011083560325447,0.9235801599935907,0.8954923748970032,4.174144744873047,0.9323665364583333,1.026960251335103,1.043418299382255,-0.22085216641426086,0.9149596691131592,0.9323665364583333,-0.16904963648646879,0.38194858628314027,p29_raw_shift_dx4p5_dy1p0_fill,board_all_median_floor,affine,affine_lmeds,1496,5.984659671783447,7.825484275817871,"[[0.964242690293037, 0.13137386244365368, -26.99199754875218], [-0.06631033534806513, 0.9894192701549352, 24.920322865264623]]",4.5,1.0,9,True,False,3.0,2,0.1,calibration/def_stereocalib_THERM.yml,calibration/def_thermalcam_ori.yml,640x480,broad_generalization_raw_only_selection,broad,raw_shift_local,False,v6,v9,support-v9,strict-selected,research,full,strict,all,13.824666111792949,5.731679201126099,1.1098990440368652,10.353459358215332,11.620487213134766,7.35342264175415,4.619146168231964,1.1180139780044556,8.120278358459473,11.381697654724121,7.35342264175415,6.351450026035309,10.125800251960754,480,4360,1155,2.143983095884323,18.61124897003174,492,6668,1155,5509,0.017932942708333333,0.5380286803412597,1.0,1.0,0.555263564693152,95.57819677756058,2002,960,1897,0.8421128382268278,0.568655303030303,1155,0.0,0.04788527863496128,0.0,2.67996150970459,0.0,0.9230769230769231,general,False,,False,raw improvement 0.1904 is below 0.6000,13.924666111792948,generic_block,1.0,-1.0,2.0,0.19038336875815354,1.0165289256198347,1.0,0.18796288967132568,0.31600046157836914,-0.07556498050689697,v6,strict,v6 adds strict raw/depth support-gated selection for v9; aligned metrics remain evaluation-only.,123_seq409,,,,,,
123_seq409,123,409,p29_raw_shift_dx2p5_dy2p0_fill,True,phase21_fixed_rgb_canvas,phase23_crop_plus_board_residual_transform,,"[296, 103]","[280, 115]","Phase29 candidate generated from calibration files, raw RGB/LWIR/depth, Phase24 board-affine geometry, Phase25 depth projection support, and raw-only scene reliability scoring. MM5 aligned images are evaluation-only.",1.0,0.9321451822916667,0.9321451822916667,0.8762425184249878,0.6159970164299011,1.0,1.011083560325447,0.9235801599935907,0.8955187797546387,4.927623748779297,0.9321451822916667,1.0187458732402384,1.0186189065218367,-0.23355257511138916,0.876899242401123,0.9321451822916667,-0.18097507956365255,0.38559260668095563,p29_raw_shift_dx2p5_dy2p0_fill,board_all_median_floor,affine,affine_lmeds,1496,5.984659671783447,7.825484275817871,"[[0.964242690293037, 0.13137386244365368, -26.99199754875218], [-0.06631033534806513, 0.9894192701549352, 24.920322865264623]]",2.5,2.0,9,True,False,3.0,2,0.1,calibration/def_stereocalib_THERM.yml,calibration/def_thermalcam_ori.yml,640x480,broad_generalization_raw_only_selection,broad,raw_shift_local,False,v6,v9,support-v9,strict-selected,research,full,strict,all,14.084319806859767,5.950124800205231,0.9760066270828247,10.924242973327637,12.230043411254883,8.469654083251953,4.971856713294983,1.0395491123199463,8.90416431427002,12.028874397277832,8.469654083251953,6.653047114610672,10.954401135444641,444,4360,1178,2.216868370771408,20.33235263824463,473,6668,1178,5509,0.017932942708333333,0.5380286803412597,1.0,1.0,0.2536713556963982,45.8535046826304,742,960,1893,0.8347059673457593,0.5558712121212122,1178,0.0,0.04788527863496128,0.0,2.8375723266601565,0.0,0.8817981669736615,general,False,,False,raw improvement -0.0693 is below 0.6000,14.134319806859768,generic_block,-1.0,0.0,1.0,-0.06927032630866492,0.9772727272727273,1.0,-0.16474765539169312,-0.5126004219055176,0.1428806185722351,v6,strict,v6 adds strict raw/depth support-gated selection for v9; aligned metrics remain evaluation-only.,123_seq409,,,,,,
123_seq409,123,409,p29_raw_shift_dx4p5_dy2p0_fill,True,phase21_fixed_rgb_canvas,phase23_crop_plus_board_residual_transform,,"[296, 103]","[280, 115]","Phase29 candidate generated from calibration files, raw RGB/LWIR/depth, Phase24 board-affine geometry, Phase25 depth projection support, and raw-only scene reliability scoring. MM5 aligned images are evaluation-only.",1.0,0.9313444010416667,0.9313444010416667,0.8762425184249878,0.6159970164299011,1.0,1.011083560325447,0.9235801599935907,0.8989413976669312,4.673037052154541,0.9313444010416667,1.0265430189741271,1.037598957467488,-0.21718937158584595,0.8881808519363403,0.9313444010416667,-0.16522288346388767,0.3819704882238422,p29_raw_shift_dx4p5_dy2p0_fill,board_all_median_floor,affine,affine_lmeds,1496,5.984659671783447,7.825484275817871,"[[0.964242690293037, 0.13137386244365368, -26.99199754875218], [-0.06631033534806513, 0.9894192701549352, 24.920322865264623]]",4.5,2.0,9,True,False,3.0,2,0.1,calibration/def_stereocalib_THERM.yml,calibration/def_thermalcam_ori.yml,640x480,broad_generalization_raw_only_selection,broad,raw_shift_local,False,v6,v9,support-v9,strict-selected,research,full,strict,all,13.802653148795006,5.785301446914673,0.9923977851867676,10.578205108642578,11.503023147583008,7.547480583190918,4.617854356765747,0.9923977851867676,8.243310928344727,11.503023147583008,7.547480583190918,6.225050002336502,10.06260073184967,485,4360,1155,2.1830972731113434,19.282559871673584,485,6668,1155,5509,0.017932942708333333,0.5380286803412597,1.0,1.0,0.5530993971247488,96.5819879731024,2031,960,1804,0.8389281083417375,0.5639204545454546,1155,0.0,0.04788527863496128,0.0,2.674342613220215,0.0,0.9230769230769231,general,False,,False,raw improvement 0.2124 is below 0.6000,13.852653148795007,generic_block,1.0,0.0,1.0,0.2123963317560964,1.0020661157024793,1.0,0.18925470113754272,0.3791999816894531,-0.021942734718322754,v6,strict,v6 adds strict raw/depth support-gated selection for v9; aligned metrics remain evaluation-only.,123_seq409,,,,,,
123_seq409,123,409,p29_raw_shift_dx2p5_dy3p0_fill,True,phase21_fixed_rgb_canvas,phase23_crop_plus_board_residual_transform,,"[296, 103]","[280, 115]","Phase29 candidate generated from calibration files, raw RGB/LWIR/depth, Phase24 board-affine geometry, Phase25 depth projection support, and raw-only scene reliability scoring. MM5 aligned images are evaluation-only.",1.0,0.9310774739583333,0.9310774739583333,0.8762425184249878,0.6159970164299011,1.0,1.011083560325447,0.9235801599935907,0.8932565450668335,5.225049018859863,0.9310774739583333,1.013255457211223,1.0089947083836572,-0.23306839168071747,0.8913301229476929,0.9310774739583333,-0.1807177418716296,0.38465753697849375,p29_raw_shift_dx2p5_dy3p0_fill,board_all_median_floor,affine,affine_lmeds,1496,5.984659671783447,7.825484275817871,"[[0.964242690293037, 0.13137386244365368, -26.99199754875218], [-0.06631033534806513, 0.9894192701549352, 24.920322865264623]]",2.5,3.0,9,True,False,3.0,2,0.1,calibration/def_stereocalib_THERM.yml,calibration/def_thermalcam_ori.yml,640x480,broad_generalization_raw_only_selection,broad,raw_shift_local,False,v6,v9,support-v9,strict-selected,research,full,strict,all,13.964673621410547,5.862918317317963,0.9172781705856323,10.808558464050293,12.188797950744629,8.491032600402832,4.9915085434913635,0.9834738969802856,8.999543190002441,11.681669235229492,8.491032600402832,6.684999972581863,11.126450657844543,473,4360,1165,2.153022438287735,20.830219268798828,519,6668,1165,5509,0.017932942708333333,0.5380286803412597,1.0,1.0,0.26789302828876177,46.25308147950653,785,960,1870,0.8267841664258885,0.5506628787878788,1165,0.0,0.04788527863496128,0.0,2.8392826080322267,0.0,0.8894823361443562,general,False,,False,raw improvement 0.0504 is below 0.6000,14.064673621410547,generic_block,-1.0,1.0,2.0,0.05037585914055498,1.072314049586777,1.0,-0.18439948558807373,-0.6846499443054199,0.05567413568496704,v6,strict,v6 adds strict raw/depth support-gated selection for v9; aligned metrics remain evaluation-only.,123_seq409,,,,,,
123_seq409,123,409,p29_raw_shift_dx3p5_dy3p0_fill,True,phase21_fixed_rgb_canvas,phase23_crop_plus_board_residual_transform,,"[296, 103]","[280, 115]","Phase29 candidate generated from calibration files, raw RGB/LWIR/depth, Phase24 board-affine geometry, Phase25 depth projection support, and raw-only scene reliability scoring. MM5 aligned images are evaluation-only.",1.0,0.9306901041666666,0.9306901041666666,0.8762425184249878,0.6159970164299011,1.0,1.011083560325447,0.9235801599935907,0.8967186212539673,4.552245616912842,0.9306901041666666,1.0223014047854648,1.0193083815531634,-0.22501616179943085,0.8849109411239624,0.9306901041666666,-0.17287270367953037,0.3830194917776284,p29_raw_shift_dx3p5_dy3p0_fill,board_all_median_floor,affine,affine_lmeds,1496,5.984659671783447,7.825484275817871,"[[0.964242690293037, 0.13137386244365368, -26.99199754875218], [-0.06631033534806513, 0.9894192701549352, 24.920322865264623]]",3.5,3.0,9,True,False,3.0,2,0.1,calibration/def_stereocalib_THERM.yml,calibration/def_thermalcam_ori.yml,640x480,broad_generalization_raw_only_selection,broad,raw_shift_local,False,v6,v9,support-v9,strict-selected,research,full,strict,all,13.995734158403478,5.873336344957352,0.8936758637428284,10.852996826171875,12.37497329711914,8.389251708984375,4.844602316617966,0.9284481406211853,8.760756492614746,12.308263778686523,8.389251708984375,6.639349967241287,10.648950219154358,457,4360,1165,2.1909715831279755,20.437689781188965,472,6668,1165,5509,0.017932942708333333,0.5380286803412597,1.0,1.0,0.2621734425722677,47.26544405250843,766,960,1854,0.8357473928157589,0.5501893939393939,1165,0.0,0.04788527863496128,0.0,2.83114013671875,0.0,0.9089508471636236,general,False,,False,raw improvement 0.0193 is below 0.6000,14.045734158403478,generic_block,0.0,1.0,1.0,0.01931532214762477,0.9752066115702479,1.0,-0.0374932587146759,-0.20714950561523438,0.06609216332435608,v6,strict,v6 adds strict raw/depth support-gated selection for v9; aligned metrics remain evaluation-only.,123_seq409,,,,,,
123_seq409,123,409,p29_raw_shift_dx4p5_dy3p0_fill,True,phase21_fixed_rgb_canvas,phase23_crop_plus_board_residual_transform,,"[296, 103]","[280, 115]","Phase29 candidate generated from calibration files, raw RGB/LWIR/depth, Phase24 board-affine geometry, Phase25 depth projection support, and raw-only scene reliability scoring. MM5 aligned images are evaluation-only.",1.0,0.9302766927083334,0.9302766927083334,0.8762425184249878,0.6159970164299011,1.0,1.011083560325447,0.9235801599935907,0.8972840905189514,4.717562675476074,0.9302766927083334,1.0224529175603052,1.0231613539614017,-0.21443164348602295,0.8975849747657776,0.9302766927083334,-0.1625690288442149,0.38165416326935164,p29_raw_shift_dx4p5_dy3p0_fill,board_all_median_floor,affine,affine_lmeds,1496,5.984659671783447,7.825484275817871,"[[0.964242690293037, 0.13137386244365368, -26.99199754875218], [-0.06631033534806513, 0.9894192701549352, 24.920322865264623]]",4.5,3.0,9,True,False,3.0,2,0.1,calibration/def_stereocalib_THERM.yml,calibration/def_thermalcam_ori.yml,640x480,broad_generalization_raw_only_selection,broad,raw_shift_local,False,v6,v9,support-v9,strict-selected,research,full,strict,all,13.700991309340198,5.761008322238922,0.9163447618484497,10.605671882629395,11.348777770996094,7.591806888580322,4.6212179362773895,0.9202684760093689,8.32216739654541,11.348777770996094,7.591806888580322,6.307212859392166,10.234650254249573,519,4360,1155,2.198452949523926,19.867491722106934,519,6668,1155,5509,0.017932942708333333,0.5380286803412597,1.0,1.0,0.25861802442417686,48.66884490361393,842,960,1830,0.8343186733958183,0.553030303030303,1155,0.0,0.04788527863496128,0.0,2.6501245498657227,0.0,0.9230769230769231,general,False,,False,raw improvement 0.3141 is below 0.6000,13.800991309340198,generic_block,1.0,1.0,2.0,0.3140581712109043,1.072314049586777,1.0,0.18589112162590027,0.20715045928955078,-0.046235859394073486,v6,strict,v6 adds strict raw/depth support-gated selection for v9; aligned metrics remain evaluation-only.,123_seq409,,,,,,
123_seq409,123,409,p29_raw_shift_dx3p0_dy2p0_fill,True,phase21_fixed_rgb_canvas,phase23_crop_plus_board_residual_transform,,"[296, 103]","[280, 115]","Phase29 candidate generated from calibration files, raw RGB/LWIR/depth, Phase24 board-affine geometry, Phase25 depth projection support, and raw-only scene reliability scoring. MM5 aligned images are evaluation-only.",1.0,0.9317578125,0.9317578125,0.8762425184249878,0.6159970164299011,1.0,1.011083560325447,0.9235801599935907,0.8972136974334717,4.938179016113281,0.9317578125,1.02041737077477,1.0188849829198525,-0.230355903506279,0.8750042915344238,0.9317578125,-0.1776243878105016,0.38654360963322626,p29_raw_shift_dx3p0_dy2p0_fill,board_all_median_floor,affine,affine_lmeds,1496,5.984659671783447,7.825484275817871,"[[0.964242690293037, 0.13137386244365368, -26.99199754875218], [-0.06631033534806513, 0.9894192701549352, 24.920322865264623]]",3.0,2.0,9,True,False,3.0,2,0.1,calibration/def_stereocalib_THERM.yml,calibration/def_thermalcam_ori.yml,640x480,broad_generalization_raw_only_selection,broad,raw_shift_local,False,v6,v9,support-v9,strict-selected,research,full,strict,all,13.668110702555184,5.751107275485992,0.9284859895706177,10.573728561401367,11.324352264404297,7.671738147735596,4.753180503845215,0.9567251205444336,8.549635887145996,10.976448059082031,7.671738147735596,6.432199984788895,10.648950219154358,525,4360,1178,2.160164326429367,19.69685935974121,553,6668,1178,5509,0.017932942708333333,0.5380286803412597,1.0,1.0,0.2544442726851136,46.697960004736125,822,960,1854,0.8206342373367772,0.5606060606060606,1178,0.0,0.04788527863496128,0.0,2.652122459411621,0.0,0.8980376923987716,general,False,,False,raw improvement 0.3469 is below 0.6000,13.693110702555185,generic_block,-0.5,0.0,0.5,0.3469387779959181,1.1425619834710743,1.0,0.05392855405807495,-0.20714950561523438,-0.056136906147003174,v6,strict,v6 adds strict raw/depth support-gated selection for v9; aligned metrics remain evaluation-only.,123_seq409,,,,,,
123_seq409,123,409,p29_raw_shift_dx4p0_dy2p0_fill,True,phase21_fixed_rgb_canvas,phase23_crop_plus_board_residual_transform,,"[296, 103]","[280, 115]","Phase29 candidate generated from calibration files, raw RGB/LWIR/depth, Phase24 board-affine geometry, Phase25 depth projection support, and raw-only scene reliability scoring. MM5 aligned images are evaluation-only.",1.0,0.9313444010416667,0.9313444010416667,0.8762425184249878,0.6159970164299011,1.0,1.011083560325447,0.9235801599935907,0.8989421725273132,4.321972846984863,0.9313444010416667,1.0274874160447363,1.0298472039955486,-0.2216191589832306,0.8546387553215027,0.9313444010416667,-0.16903047038158842,0.3847768075571414,p29_raw_shift_dx4p0_dy2p0_fill,board_all_median_floor,affine,affine_lmeds,1496,5.984659671783447,7.825484275817871,"[[0.964242690293037, 0.13137386244365368, -26.99199754875218], [-0.06631033534806513, 0.9894192701549352, 24.920322865264623]]",4.0,2.0,9,True,False,3.0,2,0.1,calibration/def_stereocalib_THERM.yml,calibration/def_thermalcam_ori.yml,640x480,broad_generalization_raw_only_selection,broad,raw_shift_local,False,v6,v9,support-v9,strict-selected,research,full,strict,all,13.592629348546735,5.672457814216614,0.9030210971832275,10.44189453125,11.032425880432129,7.56508731842041,4.613756477832794,0.9143120050430298,8.313200950622559,10.749602317810059,7.56508731842041,6.207500010728836,9.966053068637848,525,4360,1155,2.0502146035432816,19.127370834350586,542,6668,1155,5509,0.017932942708333333,0.5380286803412597,1.0,1.0,0.545833977430824,98.77284029366223,1951,960,1823,0.8298086606243706,0.5625,1155,0.0,0.04788527863496128,0.0,2.5910436439514157,0.0,0.9230769230769231,general,False,,False,raw improvement 0.4224 is below 0.6000,13.617629348546735,generic_block,0.5,0.0,0.5,0.42242013200436723,1.1198347107438016,1.0,0.1933525800704956,0.47574764490127563,-0.13478636741638184,v6,strict,v6 adds strict raw/depth support-gated selection for v9; aligned metrics remain evaluation-only.,123_seq409,,,,,,
123_seq409,123,409,p29_raw_shift_dx3p5_dy1p5_fill,True,phase21_fixed_rgb_canvas,phase23_crop_plus_board_residual_transform,,"[296, 103]","[280, 115]","Phase29 candidate generated from calibration files, raw RGB/LWIR/depth, Phase24 board-affine geometry, Phase25 depth projection support, and raw-only scene reliability scoring. MM5 aligned images are evaluation-only.",1.0,0.9327799479166666,0.9327799479166666,0.8762425184249878,0.6159970164299011,1.0,1.011083560325447,0.9235801599935907,0.8981409072875977,4.5593695640563965,0.9327799479166666,1.0268945224371253,1.0407322168924416,-0.22496375441551208,0.8756833672523499,0.9327799479166666,-0.17263248905124481,0.38390243711854244,p29_raw_shift_dx3p5_dy1p5_fill,board_all_median_floor,affine,affine_lmeds,1496,5.984659671783447,7.825484275817871,"[[0.964242690293037, 0.13137386244365368, -26.99199754875218], [-0.06631033534806513, 0.9894192701549352, 24.920322865264623]]",3.5,1.5,9,True,False,3.0,2,0.1,calibration/def_stereocalib_THERM.yml,calibration/def_thermalcam_ori.yml,640x480,broad_generalization_raw_only_selection,broad,raw_shift_local,False,v6,v9,support-v9,strict-selected,research,full,strict,all,13.925400347791015,5.836024224758148,1.0353182554244995,10.636730194091797,11.306988716125488,7.723389148712158,4.757966876029968,1.0448434352874756,8.471090316772461,11.247859001159668,7.723389148712158,6.207500010728836,10.54010021686554,472,4360,1178,2.213082402944565,19.4068546295166,484,6668,1178,5509,0.017932942708333333,0.5380286803412597,1.0,1.0,0.5450610604421086,97.52779520974124,1992,960,1915,0.8466310777665561,0.5634469696969697,1178,0.0,0.04788527863496128,0.0,2.6531291007995605,0.0,0.9230769230769231,general,False,,False,raw improvement 0.0896 is below 0.6000,13.950400347791016,generic_block,0.0,-0.5,0.5,0.08964913276008701,1.0,1.0,0.04914218187332153,-0.09829950332641602,0.028780043125152588,v6,strict,v6 adds strict raw/depth support-gated selection for v9; aligned metrics remain evaluation-only.,123_seq409,,,,,,
123_seq409,123,409,p29_raw_shift_dx3p5_dy2p5_fill,True,phase21_fixed_rgb_canvas,phase23_crop_plus_board_residual_transform,,"[296, 103]","[280, 115]","Phase29 candidate generated from calibration files, raw RGB/LWIR/depth, Phase24 board-affine geometry, Phase25 depth projection support, and raw-only scene reliability scoring. MM5 aligned images are evaluation-only.",1.0,0.9317578125,0.9317578125,0.8762425184249878,0.6159970164299011,1.0,1.011083560325447,0.9235801599935907,0.8984465599060059,5.031578540802002,0.9317578125,1.0228631511393835,1.0307070831879324,-0.22490088641643524,0.8587706685066223,0.9317578125,-0.1725870336979069,0.3831098448637873,p29_raw_shift_dx3p5_dy2p5_fill,board_all_median_floor,affine,affine_lmeds,1496,5.984659671783447,7.825484275817871,"[[0.964242690293037, 0.13137386244365368, -26.99199754875218], [-0.06631033534806513, 0.9894192701549352, 24.920322865264623]]",3.5,2.5,9,True,False,3.0,2,0.1,calibration/def_stereocalib_THERM.yml,calibration/def_thermalcam_ori.yml,640x480,broad_generalization_raw_only_selection,broad,raw_shift_local,False,v6,v9,support-v9,strict-selected,research,full,strict,all,13.958740742335063,5.848956406116486,0.9492117166519165,10.748701095581055,11.875733375549316,8.12507152557373,4.810569882392883,0.970109224319458,8.651030540466309,11.832566261291504,8.12507152557373,6.414649993181229,10.540100693702698,468,4360,1178,2.1734116971492767,20.434179306030273,478,6668,1178,5509,0.017932942708333333,0.5380286803412597,1.0,1.0,0.26016385840160766,47.284261913210685,836,960,1859,0.8412606621367645,0.556344696969697,1178,0.0,0.04788527863496128,0.0,2.7876377296447754,0.0,0.9093127291002054,general,False,,False,raw improvement 0.0563 is below 0.6000,13.983740742335064,generic_block,0.0,0.5,0.5,0.05630873821603899,0.987603305785124,1.0,-0.003460824489593506,-0.09829998016357422,0.04171222448348999,v6,strict,v6 adds strict raw/depth support-gated selection for v9; aligned metrics remain evaluation-only.,123_seq409,,,,,,
137_seq423,137,423,p29_baseline,True,phase21_fixed_rgb_canvas,phase24_affine_lwir_subpixel_shift_depth_fill_then_morph_close,,"[296, 103]","[280, 115]","Phase29 candidate generated from calibration files, raw RGB/LWIR/depth, Phase24 board-affine geometry, Phase25 depth projection support, and raw-only scene reliability scoring. MM5 aligned images are evaluation-only.",1.0,0.9317578125,0.9317578125,0.8756361603736877,0.6625334024429321,1.0,1.0097983311397023,0.9209158078711472,0.9238709211349487,2.6713571548461914,0.9317578125,1.1217858493472355,1.426287140942426,-0.3799346685409546,0.922079861164093,0.9317578125,-0.3158424739284001,0.4641644918635936,p29_baseline,board_all_median_floor,affine,affine_lmeds,1496,5.984659671783447,7.825484275817871,"[[0.964242690293037, 0.13137386244365368, -26.99199754875218], [-0.06631033534806513, 0.9894192701549352, 24.920322865264623]]",3.5,2.0,9,True,False,3.0,2,0.1,calibration/def_stereocalib_THERM.yml,calibration/def_thermalcam_ori.yml,640x480,broad_generalization_raw_only_selection,broad,baseline,False,v6,v9,support-v9,strict-selected,research,full,strict,all,13.90258878494813,6.649378836154938,1.992712140083313,11.306045532226562,15.930166244506836,7.283994197845459,5.871998071670532,2.5454630851745605,9.198533058166504,16.071279525756836,7.283994197845459,7.3696500062942505,13.115803241729736,325,2695,817,2.5563315749168396,25.41633129119873,371,3840,817,4148,0.013502604166666666,1.0,1.0,1.0,0.6087321578505458,83.87087040439762,1450,616,1061,0.8587115666178624,0.42243975903614456,817,0.0,0.0,0.0,2.7427195358276366,0.0,0.9230769230769231,general,True,selector v6 retained baseline; best raw improvement 3.4869; safety filters rejected candidates (p29_depth_conservative: depth/reflection/edge guard candidates are diagnostic-only by default; p29_reflection_guard: depth/reflection/edge guard candidates are diagnostic-only by default; p29_small_target_guard: raw improvement -0.4174 is below 0.6500; +18 more rejected),True,,13.90258878494813,v6_baseline,0.0,0.0,0.0,0.0,1.0,1.0,0.0,0.0,0.0,v6,strict,v6 baseline row; aligned metrics are not used for selection.,137_seq423,,,,,,
137_seq423,137,423,p29_depth_conservative,True,phase21_fixed_rgb_canvas,phase23_crop_plus_board_residual_transform,,"[296, 103]","[280, 115]","Phase29 candidate generated from calibration files, raw RGB/LWIR/depth, Phase24 board-affine geometry, Phase25 depth projection support, and raw-only scene reliability scoring. MM5 aligned images are evaluation-only.",1.0,0.9317578125,0.9317578125,0.8756361603736877,0.6625334024429321,1.0,1.0097983311397023,0.9209158078711472,0.9218681454658508,5.313492298126221,0.9317578125,1.1033076097285242,1.4221361203428713,-0.3845275938510895,0.8307327032089233,0.9317578125,-0.3202615025004259,0.4616699171327809,p29_depth_conservative,board_all_median_floor,affine,affine_lmeds,1496,5.984659671783447,7.825484275817871,"[[0.964242690293037, 0.13137386244365368, -26.99199754875218], [-0.06631033534806513, 0.9894192701549352, 24.920322865264623]]",3.5,2.0,9,False,False,4.0,3,0.075,calibration/def_stereocalib_THERM.yml,calibration/def_thermalcam_ori.yml,640x480,broad_generalization_raw_only_selection,broad,depth_conservative,False,v6,v9,support-v9,strict-selected,research,full,strict,all,13.726135681068204,6.450026094913483,1.992712140083313,10.907340049743652,15.930166244506836,7.283994197845459,5.705706357955933,2.5622830390930176,8.849129676818848,16.12105941772461,7.283994197845459,7.180050015449524,13.0417160987854,311,2558,817,2.5047487616539,25.50410556793213,371,3685,817,3852,0.0125390625,1.0,1.0,1.0,0.6087321578505458,83.87087040439762,1450,912,1051,0.853157494293685,0.4194277108433735,817,0.0,0.0,0.0,2.7427195358276366,0.0,0.9230769230769231,general,False,,False,depth/reflection/edge guard candidates are diagnostic-only by default,13.726135681068204,diagnostic_guard_block,0.0,0.0,0.0,0.17645310387992552,1.0,0.9286403085824494,0.1662917137145996,0.07408714294433594,-0.19935274124145508,v6,strict,v6 adds strict raw/depth support-gated selection for v9; aligned metrics remain evaluation-only.,137_seq423,,,,,,
137_seq423,137,423,p29_reflection_guard,True,phase21_fixed_rgb_canvas,phase23_crop_plus_board_residual_transform,,"[296, 103]","[280, 115]","Phase29 candidate generated from calibration files, raw RGB/LWIR/depth, Phase24 board-affine geometry, Phase25 depth projection support, and raw-only scene reliability scoring. MM5 aligned images are evaluation-only.",1.0,0.9317578125,0.9317578125,0.8756361603736877,0.6625334024429321,1.0,1.0097983311397023,0.9209158078711472,0.9218681454658508,5.313492298126221,0.9317578125,1.1033076097285242,1.4221361203428713,-0.3845275938510895,0.8307327032089233,0.9317578125,-0.3202615025004259,0.4616699171327809,p29_reflection_guard,board_all_median_floor,affine,affine_lmeds,1496,5.984659671783447,7.825484275817871,"[[0.964242690293037, 0.13137386244365368, -26.99199754875218], [-0.06631033534806513, 0.9894192701549352, 24.920322865264623]]",3.5,2.0,9,False,False,4.5,3,0.055,calibration/def_stereocalib_THERM.yml,calibration/def_thermalcam_ori.yml,640x480,broad_generalization_raw_only_selection,broad,reflection_guard,False,v6,v9,support-v9,strict-selected,research,full,strict,all,13.761947703994345,6.450026094913483,1.992712140083313,10.907340049743652,15.930166244506836,7.283994197845459,5.705706357955933,2.5622830390930176,8.849129676818848,16.12105941772461,7.283994197845459,7.180050015449524,13.0417160987854,311,2558,817,2.5047487616539,25.50410556793213,371,3685,817,3852,0.0125390625,1.0,1.0,1.0,0.6087321578505458,83.87087040439762,1450,912,1097,0.853157494293685,0.42531272994849156,817,0.0,0.0,0.0,2.7427195358276366,0.0,0.9230769230769231,general,False,,False,depth/reflection/edge guard candidates are diagnostic-only by default,13.761947703994345,diagnostic_guard_block,0.0,0.0,0.0,0.14064108095378458,1.0,0.9286403085824494,0.1662917137145996,0.07408714294433594,-0.19935274124145508,v6,strict,v6 adds strict raw/depth support-gated selection for v9; aligned metrics remain evaluation-only.,137_seq423,,,,,,
137_seq423,137,423,p29_small_target_guard,True,phase21_fixed_rgb_canvas,phase23_crop_plus_board_residual_transform,,"[296, 103]","[280, 115]","Phase29 candidate generated from calibration files, raw RGB/LWIR/depth, Phase24 board-affine geometry, Phase25 depth projection support, and raw-only scene reliability scoring. MM5 aligned images are evaluation-only.",1.0,0.9317578125,0.9317578125,0.8756361603736877,0.6625334024429321,1.0,1.0097983311397023,0.9209158078711472,0.9178484678268433,3.7871780395507812,0.9317578125,1.1065337722543653,1.409389151098845,-0.37926432490348816,0.9573827385902405,0.9317578125,-0.3172414595201953,0.45178107876556217,p29_small_target_guard,board_all_median_floor,affine,affine_lmeds,1496,5.984659671783447,7.825484275817871,"[[0.964242690293037, 0.13137386244365368, -26.99199754875218], [-0.06631033534806513, 0.9894192701549352, 24.920322865264623]]",3.5,2.0,5,True,False,3.0,2,0.065,calibration/def_stereocalib_THERM.yml,calibration/def_thermalcam_ori.yml,640x480,broad_generalization_raw_only_selection,broad,small_target_guard,False,v6,v9,support-v9,strict-selected,research,full,strict,all,14.319995264213787,6.952788472175598,2.408357858657837,11.49721908569336,16.610519409179688,8.136053085327148,6.251928806304932,3.1134395599365234,9.39041805267334,16.794721603393555,8.136053085327148,8.278999924659729,13.51395034790039,321,2695,817,2.579347252845764,24.945853233337402,372,3840,817,4148,0.013502604166666666,1.0,1.0,1.0,0.7441225860621327,82.5446828658785,1502,616,1084,0.8695546361645169,0.42620481927710846,817,0.0,0.0,0.0,2.810884246826172,0.0,0.9230769230769231,general,False,,False,raw improvement -0.4174 is below 0.6500,14.539995264213788,small_target_guard_block,0.0,0.0,0.0,-0.417406479265658,1.0026954177897573,1.0,-0.3799307346343994,-0.3981471061706543,0.3034096360206604,v6,strict,v6 adds strict raw/depth support-gated selection for v9; aligned metrics remain evaluation-only.,137_seq423,,,,,,
137_seq423,137,423,p29_edge_contamination_guard,True,phase21_fixed_rgb_canvas,phase23_crop_plus_board_residual_transform,,"[296, 103]","[280, 115]","Phase29 candidate generated from calibration files, raw RGB/LWIR/depth, Phase24 board-affine geometry, Phase25 depth projection support, and raw-only scene reliability scoring. MM5 aligned images are evaluation-only.",1.0,0.9317578125,0.9317578125,0.8756361603736877,0.6625334024429321,1.0,1.0097983311397023,0.9209158078711472,0.9218681454658508,5.313492298126221,0.9317578125,1.1033076097285242,1.4221361203428713,-0.3845275938510895,0.8307327032089233,0.9317578125,-0.3202615025004259,0.4616699171327809,p29_edge_contamination_guard,board_all_median_floor,affine,affine_lmeds,1496,5.984659671783447,7.825484275817871,"[[0.964242690293037, 0.13137386244365368, -26.99199754875218], [-0.06631033534806513, 0.9894192701549352, 24.920322865264623]]",3.5,2.0,9,False,False,4.0,3,0.08,calibration/def_stereocalib_THERM.yml,calibration/def_thermalcam_ori.yml,640x480,broad_generalization_raw_only_selection,broad,edge_contamination_guard,False,v6,v9,support-v9,strict-selected,research,full,strict,all,13.726135681068204,6.450026094913483,1.992712140083313,10.907340049743652,15.930166244506836,7.283994197845459,5.705706357955933,2.5622830390930176,8.849129676818848,16.12105941772461,7.283994197845459,7.180050015449524,13.0417160987854,311,2558,817,2.5047487616539,25.50410556793213,371,3685,817,3852,0.0125390625,1.0,1.0,1.0,0.6087321578505458,83.87087040439762,1450,912,1051,0.853157494293685,0.4194277108433735,817,0.0,0.0,0.0,2.7427195358276366,0.0,0.9230769230769231,general,False,,False,depth/reflection/edge guard candidates are diagnostic-only by default,13.726135681068204,diagnostic_guard_block,0.0,0.0,0.0,0.17645310387992552,1.0,0.9286403085824494,0.1662917137145996,0.07408714294433594,-0.19935274124145508,v6,strict,v6 adds strict raw/depth support-gated selection for v9; aligned metrics remain evaluation-only.,137_seq423,,,,,,
137_seq423,137,423,p29_v9_support_gated,True,phase21_fixed_rgb_canvas,phase23_crop_plus_board_residual_transform,,"[296, 103]","[280, 115]","Phase29 candidate generated from calibration files, raw RGB/LWIR/depth, Phase24 board-affine geometry, Phase25 depth projection support, and raw-only scene reliability scoring. MM5 aligned images are evaluation-only.",1.0,0.9317578125,0.9317578125,0.8756361603736877,0.6625334024429321,1.0,1.0097983311397023,0.9209158078711472,0.8139526844024658,7.2998247146606445,0.9317578125,0.9635856462985376,1.2895460678935715,-0.34376806020736694,1.2804226875305176,0.9317578125,-0.28904566925559394,0.4160328471797075,p29_v9_support_gated,board_all_median_floor,affine,affine_lmeds,1496,5.984659671783447,7.825484275817871,"[[0.964242690293037, 0.13137386244365368, -26.99199754875218], [-0.06631033534806513, 0.9894192701549352, 24.920322865264623]]",3.5,2.0,5,True,False,7.0,3,0.075,calibration/def_stereocalib_THERM.yml,calibration/def_thermalcam_ori.yml,640x480,broad_generalization_raw_only_selection,broad,v9_support_gated,False,v6,v9,support-v9,strict-selected,research,full,strict,all,10.69397435533759,4.106293678283691,2.214066982269287,5.998520374298096,14.497908592224121,2.5129849910736084,3.5384256839752197,2.5064616203308105,4.570389747619629,13.930924415588379,2.5129849910736084,4.297500014305115,9.360399961471558,852,2558,817,1.407967984676361,19.383323431015015,898,3685,817,3852,0.0125390625,1.0,1.0,1.0,0.11481947942905121,44.42287112010211,51,912,1188,0.7057169634489222,0.47720994475138123,817,0.0,0.0,0.0,2.361038799285889,0.0,0.8542859830788867,general,False,,False,v9 support-gated mode is reserved for reflection/background scenes,11.41858,v9_reflection_block,0.0,0.0,0.0,3.20861442961054,2.420485175202156,0.9286403085824494,2.3335723876953125,3.7554032802581787,-2.5430851578712463,v6,strict,v6 adds strict raw/depth support-gated selection for v9; aligned metrics remain evaluation-only.,137_seq423,True,v9_support_gated,6258,84,,0.9317578125
137_seq423,137,423,p29_v9_support_gated_tight,True,phase21_fixed_rgb_canvas,phase23_crop_plus_board_residual_transform,,"[296, 103]","[280, 115]","Phase29 candidate generated from calibration files, raw RGB/LWIR/depth, Phase24 board-affine geometry, Phase25 depth projection support, and raw-only scene reliability scoring. MM5 aligned images are evaluation-only.",1.0,0.9317578125,0.9317578125,0.8756361603736877,0.6625334024429321,1.0,1.0097983311397023,0.9209158078711472,0.8188996315002441,7.001180171966553,0.9317578125,0.9712040042627995,1.295409691962364,-0.34861651062965393,1.3599292039871216,0.9317578125,-0.29430736911865113,0.4164581115661703,p29_v9_support_gated_tight,board_all_median_floor,affine,affine_lmeds,1496,5.984659671783447,7.825484275817871,"[[0.964242690293037, 0.13137386244365368, -26.99199754875218], [-0.06631033534806513, 0.9894192701549352, 24.920322865264623]]",3.5,2.0,5,True,False,8.0,4,0.055,calibration/def_stereocalib_THERM.yml,calibration/def_thermalcam_ori.yml,640x480,broad_generalization_raw_only_selection,broad,v9_support_gated_tight,False,v6,v9,support-v9,strict-selected,research,full,strict,all,11.365478691398632,4.4291300773620605,2.4992876052856445,6.358972549438477,12.966032028198242,2.4384922981262207,3.764600157737732,2.7946836948394775,4.734516620635986,12.41506576538086,2.4384922981262207,4.7117999792099,9.152196407318115,668,2428,817,1.4525790214538574,18.292097330093384,734,3505,817,3564,0.0116015625,1.0,1.0,1.0,0.8026868178001679,77.07283496255576,1597,1200,1328,0.7504363001745201,0.4703038674033149,817,0.0,0.0,0.0,2.355079383850098,0.0,0.9230769230769231,general,False,,False,v9 support candidate mode is diagnostic-only unless a dedicated raw/depth gate allows it,11.08019,v9_mode_block,0.0,0.0,0.0,2.5371100935494972,1.9784366576819408,0.8592092574734812,2.1073979139328003,3.963606834411621,-2.220248758792877,v6,strict,v6 adds strict raw/depth support-gated selection for v9; aligned metrics remain evaluation-only.,137_seq423,True,v9_support_gated_tight,5219,85,,0.9317578125
137_seq423,137,423,p29_v9_target_only,True,phase21_fixed_rgb_canvas,phase23_crop_plus_board_residual_transform,,"[296, 103]","[280, 115]","Phase29 candidate generated from calibration files, raw RGB/LWIR/depth, Phase24 board-affine geometry, Phase25 depth projection support, and raw-only scene reliability scoring. MM5 aligned images are evaluation-only.",1.0,0.9317578125,0.9317578125,0.8756361603736877,0.6625334024429321,1.0,1.0097983311397023,0.9209158078711472,0.9331164956092834,3.495330810546875,0.9317578125,1.1037415891538565,1.2773138560523614,-0.4193984568119049,1.0205132961273193,0.9317578125,-0.36406617963159205,0.409702379713845,p29_v9_target_only,board_all_median_floor,affine,affine_lmeds,1496,5.984659671783447,7.825484275817871,"[[0.964242690293037, 0.13137386244365368, -26.99199754875218], [-0.06631033534806513, 0.9894192701549352, 24.920322865264623]]",3.5,2.0,5,True,False,8.0,4,0.045,calibration/def_stereocalib_THERM.yml,calibration/def_thermalcam_ori.yml,640x480,broad_generalization_raw_only_selection,broad,v9_target_only,False,v6,v9,support-v9,strict-selected,research,full,strict,all,12.721558833572775,5.779736518859863,1.0533571243286133,10.506115913391113,10.471025466918945,4.427616119384766,4.605198681354523,1.0661550760269165,8.144242286682129,10.345935821533203,4.434200286865234,5.747550040483475,9.423600316047668,258,2428,817,2.0304379165172577,20.90009117126465,289,3505,817,3564,0.0116015625,1.0,1.0,1.0,0.7061293031066331,73.98280563740225,1700,1200,1195,0.8513990763379516,0.444060773480663,817,0.0,0.0,0.0,2.238993873596191,0.0,0.9230769230769231,general,False,,False,v9 target-only blocked because baseline thermal target is not weak/small,10.16409,v9_target_only_block,0.0,0.0,0.0,1.1810299513753542,0.7789757412398922,0.8592092574734812,1.2667993903160095,3.692202925682068,-0.8696423172950745,v6,strict,v6 adds strict raw/depth support-gated selection for v9; aligned metrics remain evaluation-only.,137_seq423,True,v9_target_only,2609,89,,0.9317578125
137_seq423,137,423,p29_v9_depth_thermal,True,phase21_fixed_rgb_canvas,phase23_crop_plus_board_residual_transform,,"[296, 103]","[280, 115]","Phase29 candidate generated from calibration files, raw RGB/LWIR/depth, Phase24 board-affine geometry, Phase25 depth projection support, and raw-only scene reliability scoring. MM5 aligned images are evaluation-only.",1.0,0.9317578125,0.9317578125,0.8756361603736877,0.6625334024429321,1.0,1.0097983311397023,0.9209158078711472,0.8146651387214661,7.507755756378174,0.9317578125,0.96297208245439,1.2890231884746195,-0.3440861999988556,1.2881972789764404,0.9317578125,-0.2894165431116769,0.4159922704069156,p29_v9_depth_thermal,board_all_median_floor,affine,affine_lmeds,1496,5.984659671783447,7.825484275817871,"[[0.964242690293037, 0.13137386244365368, -26.99199754875218], [-0.06631033534806513, 0.9894192701549352, 24.920322865264623]]",3.5,2.0,5,True,False,7.0,3,0.065,calibration/def_stereocalib_THERM.yml,calibration/def_thermalcam_ori.yml,640x480,broad_generalization_raw_only_selection,broad,v9_depth_thermal,False,v6,v9,support-v9,strict-selected,research,full,strict,all,10.415667867728281,3.7328911423683167,1.9847050905227661,5.481077194213867,14.006649017333984,2.2363054752349854,3.0698699951171875,2.2518460750579834,3.8878939151763916,13.274436950683594,2.2363054752349854,3.5496500730514526,7.720750093460083,811,2558,817,1.09320867061615,18.116900205612183,858,3685,817,3852,0.0125390625,1.0,1.0,1.0,0.7583963056255247,80.92873339402063,1480,912,1267,0.6878995974425763,0.4647790055248619,817,0.0,0.0,0.0,2.338904438018799,0.0,0.9230769230769231,general,False,,False,v9 depth-thermal mode is reserved for double-edge mismatch scenes,11.33507,v9_depth_thermal_block,0.0,0.0,0.0,3.486920917219848,2.31266846361186,0.9286403085824494,2.8021280765533447,5.395053148269653,-2.916487693786621,v6,strict,v6 adds strict raw/depth support-gated selection for v9; aligned metrics remain evaluation-only.,137_seq423,True,v9_depth_thermal,5907,84,,0.9317578125
137_seq423,137,423,p29_v9_target_silhouette,True,phase21_fixed_rgb_canvas,phase23_crop_plus_board_residual_transform,,"[296, 103]","[280, 115]","Phase29 candidate generated from calibration files, raw RGB/LWIR/depth, Phase24 board-affine geometry, Phase25 depth projection support, and raw-only scene reliability scoring. MM5 aligned images are evaluation-only.",1.0,0.9317578125,0.9317578125,0.8756361603736877,0.6625334024429321,1.0,1.0097983311397023,0.9209158078711472,0.7547758221626282,10.611242294311523,0.9317578125,0.8780449234924527,1.2462437006379572,-0.3740074038505554,1.137723684310913,0.9317578125,-0.31923866325457606,0.41063388467896544,p29_v9_target_silhouette,board_all_median_floor,affine,affine_lmeds,1496,5.984659671783447,7.825484275817871,"[[0.964242690293037, 0.13137386244365368, -26.99199754875218], [-0.06631033534806513, 0.9894192701549352, 24.920322865264623]]",3.5,2.0,5,True,False,7.0,3,0.045,calibration/def_stereocalib_THERM.yml,calibration/def_thermalcam_ori.yml,640x480,broad_generalization_raw_only_selection,broad,v9_target_silhouette,False,v6,v9,support-v9,strict-selected,research,full,strict,all,13.158283966297896,6.048130571842194,0.9341393709182739,11.162121772766113,12.557927131652832,6.440274238586426,4.14082008600235,0.9564501047134399,7.32519006729126,12.493110656738281,6.440274238586426,4.940720796585083,10.378600239753723,305,2558,817,3.0019605457782745,22.59416389465332,307,3685,817,3852,0.0125390625,1.0,1.0,1.0,0.21515533165407222,46.854053366707696,285,912,1063,0.8153726304855882,0.4592541436464088,817,0.0,0.0,0.0,2.675221939086914,0.0,0.9010394878213018,general,False,,False,v9 silhouette LWIR edge count outside reliable range,10.20009,v9_silhouette_block,0.0,0.0,0.0,0.7443048186502335,0.8274932614555256,0.9286403085824494,1.7311779856681824,2.737203001976013,-0.6012482643127441,v6,strict,v6 adds strict raw/depth support-gated selection for v9; aligned metrics remain evaluation-only.,137_seq423,True,v9_target_silhouette,2609,89,155.0,0.9317578125
137_seq423,137,423,p29_raw_shift_dx2p5_dy1p0_fill,True,phase21_fixed_rgb_canvas,phase23_crop_plus_board_residual_transform,,"[296, 103]","[280, 115]","Phase29 candidate generated from calibration files, raw RGB/LWIR/depth, Phase24 board-affine geometry, Phase25 depth projection support, and raw-only scene reliability scoring. MM5 aligned images are evaluation-only.",1.0,0.9331673177083334,0.9331673177083334,0.8756361603736877,0.6625334024429321,1.0,1.0097983311397023,0.9209158078711472,0.9226741790771484,3.3566370010375977,0.9331673177083334,1.1137973638237255,1.408420045018685,-0.38451939821243286,0.9807472825050354,0.9331673177083334,-0.3211321181411435,0.4618117584421304,p29_raw_shift_dx2p5_dy1p0_fill,board_all_median_floor,affine,affine_lmeds,1496,5.984659671783447,7.825484275817871,"[[0.964242690293037, 0.13137386244365368, -26.99199754875218], [-0.06631033534806513, 0.9894192701549352, 24.920322865264623]]",2.5,1.0,9,True,False,3.0,2,0.1,calibration/def_stereocalib_THERM.yml,calibration/def_thermalcam_ori.yml,640x480,broad_generalization_raw_only_selection,broad,raw_shift_local,False,v6,v9,support-v9,strict-selected,research,full,strict,all,13.994056766225293,6.679063439369202,2.187542200088501,11.170584678649902,16.48045539855957,7.930140495300293,6.062001347541809,2.7889654636383057,9.335037231445312,16.69496726989746,7.930140495300293,7.783949971199036,13.7211012840271,331,2695,834,2.5473374128341675,25.662452697753906,389,3840,834,4148,0.013502604166666666,1.0,1.0,1.0,0.7008816120906801,84.61021543543482,1479,616,1072,0.8538424124513618,0.42846385542168675,834,0.0,0.0,0.0,2.7944112396240235,0.0,0.9230769230769231,general,False,,False,raw improvement -0.0915 is below 0.6000,14.094056766225293,generic_block,-1.0,-1.0,2.0,-0.09146798127716416,1.0485175202156334,1.0,-0.19000327587127686,-0.6052980422973633,0.029684603214263916,v6,strict,v6 adds strict raw/depth support-gated selection for v9; aligned metrics remain evaluation-only.,137_seq423,,,,,,
137_seq423,137,423,p29_raw_shift_dx3p5_dy1p0_fill,True,phase21_fixed_rgb_canvas,phase23_crop_plus_board_residual_transform,,"[296, 103]","[280, 115]","Phase29 candidate generated from calibration files, raw RGB/LWIR/depth, Phase24 board-affine geometry, Phase25 depth projection support, and raw-only scene reliability scoring. MM5 aligned images are evaluation-only.",1.0,0.9327799479166666,0.9327799479166666,0.8756361603736877,0.6625334024429321,1.0,1.0097983311397023,0.9209158078711472,0.9216744899749756,3.1594631671905518,0.9327799479166666,1.1144498479863192,1.4115475800965793,-0.37945207953453064,0.9670718908309937,0.9327799479166666,-0.3162470469722455,0.4600497593818075,p29_raw_shift_dx3p5_dy1p0_fill,board_all_median_floor,affine,affine_lmeds,1496,5.984659671783447,7.825484275817871,"[[0.964242690293037, 0.13137386244365368, -26.99199754875218], [-0.06631033534806513, 0.9894192701549352, 24.920322865264623]]",3.5,1.0,9,True,False,3.0,2,0.1,calibration/def_stereocalib_THERM.yml,calibration/def_thermalcam_ori.yml,640x480,broad_generalization_raw_only_selection,broad,raw_shift_local,False,v6,v9,support-v9,strict-selected,research,full,strict,all,13.82674890762047,6.585896611213684,2.0113565921783447,11.160436630249023,15.25613021850586,7.2940168380737305,5.837041616439819,2.6051621437072754,9.068921089172363,15.362059593200684,7.2940168380737305,7.3696500062942505,13.306800365447998,342,2695,817,2.5755550861358643,24.704988479614258,387,3840,817,4148,0.013502604166666666,1.0,1.0,1.0,0.5659109991603695,84.91158552838475,1379,616,1067,0.8525469168900804,0.42243975903614456,817,0.0,0.0,0.0,2.7435213470458986,0.0,0.9230769230769231,general,False,,False,raw improvement 0.0758 is below 0.6000,13.87674890762047,generic_block,0.0,-1.0,1.0,0.07583987732765962,1.0431266846361187,1.0,0.03495645523071289,-0.19099712371826172,-0.06348222494125366,v6,strict,v6 adds strict raw/depth support-gated selection for v9; aligned metrics remain evaluation-only.,137_seq423,,,,,,
137_seq423,137,423,p29_raw_shift_dx4p5_dy1p0_fill,True,phase21_fixed_rgb_canvas,phase23_crop_plus_board_residual_transform,,"[296, 103]","[280, 115]","Phase29 candidate generated from calibration files, raw RGB/LWIR/depth, Phase24 board-affine geometry, Phase25 depth projection support, and raw-only scene reliability scoring. MM5 aligned images are evaluation-only.",1.0,0.9323665364583333,0.9323665364583333,0.8756361603736877,0.6625334024429321,1.0,1.0097983311397023,0.9209158078711472,0.9195525646209717,3.5033819675445557,0.9323665364583333,1.1100221852443612,1.409932749524379,-0.37427568435668945,0.976077139377594,0.9323665364583333,-0.3112548993050084,0.459181652586311,p29_raw_shift_dx4p5_dy1p0_fill,board_all_median_floor,affine,affine_lmeds,1496,5.984659671783447,7.825484275817871,"[[0.964242690293037, 0.13137386244365368, -26.99199754875218], [-0.06631033534806513, 0.9894192701549352, 24.920322865264623]]",4.5,1.0,9,True,False,3.0,2,0.1,calibration/def_stereocalib_THERM.yml,calibration/def_thermalcam_ori.yml,640x480,broad_generalization_raw_only_selection,broad,raw_shift_local,False,v6,v9,support-v9,strict-selected,research,full,strict,all,13.712221574116285,6.493703186511993,1.995160698890686,10.9922456741333,15.428351402282715,6.87130069732666,5.653954982757568,2.52938175201416,8.778528213500977,15.591206550598145,6.87130069732666,7.180050015449524,12.576500177383423,341,2695,817,2.4838732481002808,24.54909896850586,376,3840,817,4148,0.013502604166666666,1.0,1.0,1.0,0.72544080604534,81.58626272006715,1450,616,1074,0.8536644752860969,0.4239457831325301,817,0.0,0.0,0.0,2.709704055786133,0.0,0.9230769230769231,general,False,,False,raw improvement 0.1904 is below 0.6000,13.812221574116284,generic_block,1.0,-1.0,2.0,0.1903672108318446,1.013477088948787,1.0,0.21804308891296387,0.5393030643463135,-0.15567564964294434,v6,strict,v6 adds strict raw/depth support-gated selection for v9; aligned metrics remain evaluation-only.,137_seq423,,,,,,
137_seq423,137,423,p29_raw_shift_dx2p5_dy2p0_fill,True,phase21_fixed_rgb_canvas,phase23_crop_plus_board_residual_transform,,"[296, 103]","[280, 115]","Phase29 candidate generated from calibration files, raw RGB/LWIR/depth, Phase24 board-affine geometry, Phase25 depth projection support, and raw-only scene reliability scoring. MM5 aligned images are evaluation-only.",1.0,0.9321451822916667,0.9321451822916667,0.8756361603736877,0.6625334024429321,1.0,1.0097983311397023,0.9209158078711472,0.9250035285949707,3.1594560146331787,0.9321451822916667,1.1194611917525499,1.4227626616358557,-0.38590192794799805,0.9196229577064514,0.9321451822916667,-0.3214590497599685,0.4664041062284551,p29_raw_shift_dx2p5_dy2p0_fill,board_all_median_floor,affine,affine_lmeds,1496,5.984659671783447,7.825484275817871,"[[0.964242690293037, 0.13137386244365368, -26.99199754875218], [-0.06631033534806513, 0.9894192701549352, 24.920322865264623]]",2.5,2.0,9,True,False,3.0,2,0.1,calibration/def_stereocalib_THERM.yml,calibration/def_thermalcam_ori.yml,640x480,broad_generalization_raw_only_selection,broad,raw_shift_local,False,v6,v9,support-v9,strict-selected,research,full,strict,all,13.893348643430157,6.5849913358688354,1.8891780376434326,11.280804634094238,16.183746337890625,7.813889026641846,5.963855862617493,2.4821970462799072,9.445514678955078,16.252779006958008,7.813889026641846,7.783949971199036,12.99852967262268,317,2695,817,2.370767891407013,25.66279888153076,373,3840,817,4148,0.013502604166666666,1.0,1.0,1.0,0.7017212426532325,84.57504180183193,1465,616,1094,0.8511105687088113,0.4299698795180723,817,0.0,0.0,0.0,2.785111122131348,0.0,0.9230769230769231,general,False,,False,raw improvement 0.0092 is below 0.6000,13.943348643430157,generic_block,-1.0,0.0,1.0,0.009240141517972589,1.005390835579515,1.0,-0.09185779094696045,0.11727356910705566,-0.0643875002861023,v6,strict,v6 adds strict raw/depth support-gated selection for v9; aligned metrics remain evaluation-only.,137_seq423,,,,,,
137_seq423,137,423,p29_raw_shift_dx4p5_dy2p0_fill,True,phase21_fixed_rgb_canvas,phase23_crop_plus_board_residual_transform,,"[296, 103]","[280, 115]","Phase29 candidate generated from calibration files, raw RGB/LWIR/depth, Phase24 board-affine geometry, Phase25 depth projection support, and raw-only scene reliability scoring. MM5 aligned images are evaluation-only.",1.0,0.9313444010416667,0.9313444010416667,0.8756361603736877,0.6625334024429321,1.0,1.0097983311397023,0.9209158078711472,0.9216564893722534,3.098771095275879,0.9313444010416667,1.1166351666290473,1.4238086921896596,-0.37185317277908325,1.0231965780258179,0.9313444010416667,-0.30853301653970927,0.46306223805019253,p29_raw_shift_dx4p5_dy2p0_fill,board_all_median_floor,affine,affine_lmeds,1496,5.984659671783447,7.825484275817871,"[[0.964242690293037, 0.13137386244365368, -26.99199754875218], [-0.06631033534806513, 0.9894192701549352, 24.920322865264623]]",4.5,2.0,9,True,False,3.0,2,0.1,calibration/def_stereocalib_THERM.yml,calibration/def_thermalcam_ori.yml,640x480,broad_generalization_raw_only_selection,broad,raw_shift_local,False,v6,v9,support-v9,strict-selected,research,full,strict,all,13.84943745628472,6.551054239273071,2.300978183746338,10.801130294799805,16.74810791015625,6.879250526428223,5.842828392982483,2.8853085041046143,8.800348281860352,16.92902946472168,6.879250526428223,7.3871999979019165,13.047679901123047,362,2695,817,2.47014582157135,25.20531463623047,389,3840,817,4148,0.013502604166666666,1.0,1.0,1.0,0.7388748950461796,79.9813224623478,1568,616,1128,0.864,0.4382530120481928,817,0.0,0.0,0.0,2.710340042114258,0.0,0.9230769230769231,general,False,,False,raw improvement 0.0532 is below 0.6000,13.899437456284721,generic_block,1.0,0.0,1.0,0.0531513286634091,1.0485175202156334,1.0,0.029169678688049316,0.06812334060668945,-0.09832459688186646,v6,strict,v6 adds strict raw/depth support-gated selection for v9; aligned metrics remain evaluation-only.,137_seq423,,,,,,
137_seq423,137,423,p29_raw_shift_dx2p5_dy3p0_fill,True,phase21_fixed_rgb_canvas,phase23_crop_plus_board_residual_transform,,"[296, 103]","[280, 115]","Phase29 candidate generated from calibration files, raw RGB/LWIR/depth, Phase24 board-affine geometry, Phase25 depth projection support, and raw-only scene reliability scoring. MM5 aligned images are evaluation-only.",1.0,0.9310774739583333,0.9310774739583333,0.8756361603736877,0.6625334024429321,1.0,1.0097983311397023,0.9209158078711472,0.9253361225128174,3.10256290435791,0.9310774739583333,1.1216039162334512,1.4325544743118752,-0.38568586111068726,0.9256914258003235,0.9310774739583333,-0.3207985236160607,0.4696099069961901,p29_raw_shift_dx2p5_dy3p0_fill,board_all_median_floor,affine,affine_lmeds,1496,5.984659671783447,7.825484275817871,"[[0.964242690293037, 0.13137386244365368, -26.99199754875218], [-0.06631033534806513, 0.9894192701549352, 24.920322865264623]]",2.5,3.0,9,True,False,3.0,2,0.1,calibration/def_stereocalib_THERM.yml,calibration/def_thermalcam_ori.yml,640x480,broad_generalization_raw_only_selection,broad,raw_shift_local,False,v6,v9,support-v9,strict-selected,research,full,strict,all,14.087913194454526,6.822447657585144,1.9801833629608154,11.664711952209473,15.703593254089355,7.807030200958252,6.082128643989563,2.5438406467437744,9.620416641235352,15.629438400268555,7.807030200958252,7.804663062095642,13.765339374542236,314,2695,817,2.68165385723114,25.687026023864746,382,3840,817,4148,0.013502604166666666,1.0,1.0,1.0,0.7248110831234257,83.83064242763301,1528,616,1041,0.8519423405814806,0.4186746987951807,817,0.0,0.0,0.0,2.7845624160766604,0.0,0.9230769230769231,general,False,,False,raw improvement -0.1853 is below 0.6000,14.187913194454525,generic_block,-1.0,1.0,2.0,-0.1853244095063964,1.0296495956873315,1.0,-0.21013057231903076,-0.6495361328125,0.1730688214302063,v6,strict,v6 adds strict raw/depth support-gated selection for v9; aligned metrics remain evaluation-only.,137_seq423,,,,,,
137_seq423,137,423,p29_raw_shift_dx3p5_dy3p0_fill,True,phase21_fixed_rgb_canvas,phase23_crop_plus_board_residual_transform,,"[296, 103]","[280, 115]","Phase29 candidate generated from calibration files, raw RGB/LWIR/depth, Phase24 board-affine geometry, Phase25 depth projection support, and raw-only scene reliability scoring. MM5 aligned images are evaluation-only.",1.0,0.9306901041666666,0.9306901041666666,0.8756361603736877,0.6625334024429321,1.0,1.0097983311397023,0.9209158078711472,0.9243117570877075,3.0171494483947754,0.9306901041666666,1.1213402093514393,1.434208993027336,-0.37980255484580994,0.9619035720825195,0.9306901041666666,-0.315500563031262,0.4671560883136201,p29_raw_shift_dx3p5_dy3p0_fill,board_all_median_floor,affine,affine_lmeds,1496,5.984659671783447,7.825484275817871,"[[0.964242690293037, 0.13137386244365368, -26.99199754875218], [-0.06631033534806513, 0.9894192701549352, 24.920322865264623]]",3.5,3.0,9,True,False,3.0,2,0.1,calibration/def_stereocalib_THERM.yml,calibration/def_thermalcam_ori.yml,640x480,broad_generalization_raw_only_selection,broad,raw_shift_local,False,v6,v9,support-v9,strict-selected,research,full,strict,all,13.841944701396407,6.526705265045166,1.88128662109375,11.172123908996582,16.266429901123047,7.369798183441162,5.870671629905701,2.481304883956909,9.260038375854492,16.460832595825195,7.369798183441162,7.639999985694885,12.400248289108276,315,2695,817,2.2560957074165344,25.784984588623047,371,3840,817,4148,0.013502604166666666,1.0,1.0,1.0,0.614399664147775,82.33547562656395,1502,616,1111,0.863525390625,0.4314759036144578,817,0.0,0.0,0.0,2.749583854675293,0.0,0.9230769230769231,general,False,,False,raw improvement 0.0606 is below 0.6000,13.891944701396408,generic_block,0.0,1.0,1.0,0.060644083551721906,1.0,1.0,0.001326441764831543,0.71555495262146,-0.12267357110977173,v6,strict,v6 adds strict raw/depth support-gated selection for v9; aligned metrics remain evaluation-only.,137_seq423,,,,,,
137_seq423,137,423,p29_raw_shift_dx4p5_dy3p0_fill,True,phase21_fixed_rgb_canvas,phase23_crop_plus_board_residual_transform,,"[296, 103]","[280, 115]","Phase29 candidate generated from calibration files, raw RGB/LWIR/depth, Phase24 board-affine geometry, Phase25 depth projection support, and raw-only scene reliability scoring. MM5 aligned images are evaluation-only.",1.0,0.9302766927083334,0.9302766927083334,0.8756361603736877,0.6625334024429321,1.0,1.0097983311397023,0.9209158078711472,0.9223973751068115,3.0505452156066895,0.9302766927083334,1.1186060307557837,1.4300795129507486,-0.37169498205184937,1.0185954570770264,0.9302766927083334,-0.30794945536149376,0.46571399621878506,p29_raw_shift_dx4p5_dy3p0_fill,board_all_median_floor,affine,affine_lmeds,1496,5.984659671783447,7.825484275817871,"[[0.964242690293037, 0.13137386244365368, -26.99199754875218], [-0.06631033534806513, 0.9894192701549352, 24.920322865264623]]",4.5,3.0,9,True,False,3.0,2,0.1,calibration/def_stereocalib_THERM.yml,calibration/def_thermalcam_ori.yml,640x480,broad_generalization_raw_only_selection,broad,raw_shift_local,False,v6,v9,support-v9,strict-selected,research,full,strict,all,13.967652588242556,6.650363922119141,2.165172576904297,11.135555267333984,16.06818199157715,6.929213047027588,5.871917724609375,2.7196569442749023,9.024178504943848,16.195510864257812,6.929213047027588,7.576799988746643,12.877738952636719,331,2695,817,2.4978809356689453,25.178278923034668,363,3840,817,4148,0.013502604166666666,1.0,1.0,1.0,0.6190176322418136,80.42765103803897,1561,616,1126,0.8727139722019019,0.4352409638554217,817,0.0,0.0,0.0,2.714337043762207,0.0,0.9230769230769231,general,False,,False,raw improvement -0.0651 is below 0.6000,14.067652588242556,generic_block,1.0,1.0,2.0,-0.06506380329442685,0.9784366576819407,1.0,8.034706115722656e-05,0.23806428909301758,0.0009850859642028809,v6,strict,v6 adds strict raw/depth support-gated selection for v9; aligned metrics remain evaluation-only.,137_seq423,,,,,,
137_seq423,137,423,p29_raw_shift_dx3p0_dy2p0_fill,True,phase21_fixed_rgb_canvas,phase23_crop_plus_board_residual_transform,,"[296, 103]","[280, 115]","Phase29 candidate generated from calibration files, raw RGB/LWIR/depth, Phase24 board-affine geometry, Phase25 depth projection support, and raw-only scene reliability scoring. MM5 aligned images are evaluation-only.",1.0,0.9317578125,0.9317578125,0.8756361603736877,0.6625334024429321,1.0,1.0097983311397023,0.9209158078711472,0.9234387278556824,2.994481086730957,0.9317578125,1.1187405071694054,1.4217911055607255,-0.3794015645980835,0.9794644117355347,0.9317578125,-0.3155896556104722,0.46459130305349683,p29_raw_shift_dx3p0_dy2p0_fill,board_all_median_floor,affine,affine_lmeds,1496,5.984659671783447,7.825484275817871,"[[0.964242690293037, 0.13137386244365368, -26.99199754875218], [-0.06631033534806513, 0.9894192701549352, 24.920322865264623]]",3.0,2.0,9,True,False,3.0,2,0.1,calibration/def_stereocalib_THERM.yml,calibration/def_thermalcam_ori.yml,640x480,broad_generalization_raw_only_selection,broad,raw_shift_local,False,v6,v9,support-v9,strict-selected,research,full,strict,all,13.961796262883443,6.67698347568512,2.158719301223755,11.195247650146484,15.962257385253906,7.5328264236450195,6.111528515815735,2.8350298404693604,9.38802719116211,16.083765029907227,7.5328264236450195,7.847149968147278,13.700028896331787,336,2695,817,2.4904621839523315,25.769179344177246,393,3840,817,4148,0.013502604166666666,1.0,1.0,1.0,0.6700251889168766,83.87297770013654,1413,616,1094,0.8526981040350025,0.42771084337349397,817,0.0,0.0,0.0,2.762626113891602,0.0,0.9230769230769231,general,False,,False,raw improvement -0.0592 is below 0.6000,13.986796262883443,generic_block,-0.5,0.0,0.5,-0.059207477935313335,1.059299191374663,1.0,-0.23953044414520264,-0.5842256546020508,0.027604639530181885,v6,strict,v6 adds strict raw/depth support-gated selection for v9; aligned metrics remain evaluation-only.,137_seq423,,,,,,
137_seq423,137,423,p29_raw_shift_dx4p0_dy2p0_fill,True,phase21_fixed_rgb_canvas,phase23_crop_plus_board_residual_transform,,"[296, 103]","[280, 115]","Phase29 candidate generated from calibration files, raw RGB/LWIR/depth, Phase24 board-affine geometry, Phase25 depth projection support, and raw-only scene reliability scoring. MM5 aligned images are evaluation-only.",1.0,0.9313444010416667,0.9313444010416667,0.8756361603736877,0.6625334024429321,1.0,1.0097983311397023,0.9209158078711472,0.9218025207519531,2.59285831451416,0.9313444010416667,1.1195073072355275,1.421746242471063,-0.37362009286880493,1.010664939880371,0.9313444010416667,-0.3102679788489561,0.4627740243942068,p29_raw_shift_dx4p0_dy2p0_fill,board_all_median_floor,affine,affine_lmeds,1496,5.984659671783447,7.825484275817871,"[[0.964242690293037, 0.13137386244365368, -26.99199754875218], [-0.06631033534806513, 0.9894192701549352, 24.920322865264623]]",4.0,2.0,9,True,False,3.0,2,0.1,calibration/def_stereocalib_THERM.yml,calibration/def_thermalcam_ori.yml,640x480,broad_generalization_raw_only_selection,broad,raw_shift_local,False,v6,v9,support-v9,strict-selected,research,full,strict,all,14.001656668902156,6.63101851940155,2.327446699142456,10.934590339660645,17.35630989074707,7.940037250518799,6.132914781570435,3.067399501800537,9.198430061340332,17.193012237548828,7.940037250518799,7.927899956703186,13.43459939956665,323,2695,817,2.3567535877227783,25.377705574035645,375,3840,817,4148,0.013502604166666666,1.0,1.0,1.0,0.7298488664987406,80.68845690233314,1524,616,1109,0.8691315981513014,0.4292168674698795,817,0.0,0.0,0.0,2.795202980041504,0.0,0.9230769230769231,general,False,,False,raw improvement -0.0991 is below 0.6000,14.026656668902156,generic_block,0.5,0.0,0.5,-0.09906788395402621,1.0107816711590296,1.0,-0.26091670989990234,-0.31879615783691406,-0.01836031675338745,v6,strict,v6 adds strict raw/depth support-gated selection for v9; aligned metrics remain evaluation-only.,137_seq423,,,,,,
137_seq423,137,423,p29_raw_shift_dx3p5_dy1p5_fill,True,phase21_fixed_rgb_canvas,phase23_crop_plus_board_residual_transform,,"[296, 103]","[280, 115]","Phase29 candidate generated from calibration files, raw RGB/LWIR/depth, Phase24 board-affine geometry, Phase25 depth projection support, and raw-only scene reliability scoring. MM5 aligned images are evaluation-only.",1.0,0.9327799479166666,0.9327799479166666,0.8756361603736877,0.6625334024429321,1.0,1.0097983311397023,0.9209158078711472,0.9278650879859924,3.1857333183288574,0.9327799479166666,1.122644277655953,1.4259572638662266,-0.3861202299594879,0.9594917893409729,0.9327799479166666,-0.3228082145009577,0.460459774630507,p29_raw_shift_dx3p5_dy1p5_fill,board_all_median_floor,affine,affine_lmeds,1496,5.984659671783447,7.825484275817871,"[[0.964242690293037, 0.13137386244365368, -26.99199754875218], [-0.06631033534806513, 0.9894192701549352, 24.920322865264623]]",3.5,1.5,9,True,False,3.0,2,0.1,calibration/def_stereocalib_THERM.yml,calibration/def_thermalcam_ori.yml,640x480,broad_generalization_raw_only_selection,broad,raw_shift_local,False,v6,v9,support-v9,strict-selected,research,full,strict,all,14.269141576123733,6.906960725784302,2.073519229888916,11.740402221679688,15.194134712219238,8.075605392456055,6.2316306829452515,2.8329017162323,9.630359649658203,15.326704978942871,8.075605392456055,8.052889704704285,13.594700336456299,282,2695,817,2.574005126953125,25.018528938293457,335,3840,817,4148,0.013502604166666666,1.0,1.0,1.0,0.6076826196473551,84.07822130100656,1410,616,1067,0.8787730061349693,0.42018072289156627,817,0.0,0.0,0.0,2.8060484313964844,0.0,0.9230769230769231,general,False,,False,raw improvement -0.3666 is below 0.6000,14.294141576123733,generic_block,0.0,-0.5,0.5,-0.3665527911756037,0.9029649595687331,1.0,-0.35963261127471924,-0.4788970947265625,0.257581889629364,v6,strict,v6 adds strict raw/depth support-gated selection for v9; aligned metrics remain evaluation-only.,137_seq423,,,,,,
137_seq423,137,423,p29_raw_shift_dx3p5_dy2p5_fill,True,phase21_fixed_rgb_canvas,phase23_crop_plus_board_residual_transform,,"[296, 103]","[280, 115]","Phase29 candidate generated from calibration files, raw RGB/LWIR/depth, Phase24 board-affine geometry, Phase25 depth projection support, and raw-only scene reliability scoring. MM5 aligned images are evaluation-only.",1.0,0.9317578125,0.9317578125,0.8756361603736877,0.6625334024429321,1.0,1.0097983311397023,0.9209158078711472,0.9275102019309998,2.950106620788574,0.9317578125,1.1251448773096178,1.435568767355663,-0.38523435592651367,1.0261967182159424,0.9317578125,-0.3217563775248122,0.4642343914066476,p29_raw_shift_dx3p5_dy2p5_fill,board_all_median_floor,affine,affine_lmeds,1496,5.984659671783447,7.825484275817871,"[[0.964242690293037, 0.13137386244365368, -26.99199754875218], [-0.06631033534806513, 0.9894192701549352, 24.920322865264623]]",3.5,2.5,9,True,False,3.0,2,0.1,calibration/def_stereocalib_THERM.yml,calibration/def_thermalcam_ori.yml,640x480,broad_generalization_raw_only_selection,broad,raw_shift_local,False,v6,v9,support-v9,strict-selected,research,full,strict,all,14.282719996251636,6.914408206939697,2.0460739135742188,11.782742500305176,15.874605178833008,8.179319381713867,6.241487503051758,2.7855262756347656,9.69744873046875,16.099271774291992,8.179319381713867,8.071849942207336,13.97915267944336,296,2695,817,2.6677088737487793,25.364359855651855,357,3840,817,4148,0.013502604166666666,1.0,1.0,1.0,0.6093618807724601,82.77698592081171,1491,616,1068,0.874633431085044,0.42319277108433734,817,0.0,0.0,0.0,2.8143455505371096,0.0,0.9230769230769231,general,False,,False,raw improvement -0.3801 is below 0.6000,14.307719996251636,generic_block,0.0,0.5,0.5,-0.3801312113035067,0.9622641509433962,1.0,-0.3694894313812256,-0.863349437713623,0.2650293707847595,v6,strict,v6 adds strict raw/depth support-gated selection for v9; aligned metrics remain evaluation-only.,137_seq423,,,,,,
161_seq447,161,447,p29_baseline,True,phase21_fixed_rgb_canvas,phase24_affine_lwir_subpixel_shift_depth_fill_then_morph_close,,"[296, 103]","[280, 115]","Phase29 candidate generated from calibration files, raw RGB/LWIR/depth, Phase24 board-affine geometry, Phase25 depth projection support, and raw-only scene reliability scoring. MM5 aligned images are evaluation-only.",1.0,0.9317578125,0.9317578125,0.8695651888847351,0.6062062978744507,1.0,1.0020153052330232,0.9072490275702314,0.9323052167892456,2.971367120742798,0.9317578125,1.1409347341763063,1.5097181340767822,-0.5022780299186707,0.8720390200614929,0.9317578125,-0.4200454524063448,0.5830987442179654,p29_baseline,board_all_median_floor,affine,affine_lmeds,1496,5.984659671783447,7.825484275817871,"[[0.964242690293037, 0.13137386244365368, -26.99199754875218], [-0.06631033534806513, 0.9894192701549352, 24.920322865264623]]",3.5,2.0,9,True,False,3.0,2,0.1,calibration/def_stereocalib_THERM.yml,calibration/def_thermalcam_ori.yml,640x480,broad_generalization_raw_only_selection,broad,baseline,False,v6,v9,support-v9,strict-selected,research,full,strict,all,18.08734213348344,11.244466781616211,9.058623313903809,13.430310249328613,22.889812469482422,9.10905647277832,9.660969734191895,9.06329345703125,10.258646011352539,22.889812469482422,9.10905647277832,14.261090278625488,20.53950309753418,409,1362,334,5.218372821807861,27.025090217590332,409,2341,334,3164,0.010299479166666667,1.0,1.0,1.0,0.7548335123523093,27.78233028698236,1255,568,1014,0.8824183976261127,0.4180194805194805,334,0.0,0.0,0.0,2.888724517822266,0.0,0.5342755824419685,weak_target_support,True,selector v6 retained baseline; best raw improvement 3.2657; safety filters rejected candidates (p29_depth_conservative: depth/reflection/edge guard candidates are diagnostic-only by default; p29_reflection_guard: depth/reflection/edge guard candidates are diagnostic-only by default; p29_small_target_guard: LWIR edge growth 1.122 exceeds 1.080; +18 more rejected),True,,18.08734213348344,v6_baseline,0.0,0.0,0.0,0.0,1.0,1.0,0.0,0.0,0.0,v6,strict,v6 baseline row; aligned metrics are not used for selection.,161_seq447,,,,,,
161_seq447,161,447,p29_depth_conservative,True,phase21_fixed_rgb_canvas,phase23_crop_plus_board_residual_transform,,"[296, 103]","[280, 115]","Phase29 candidate generated from calibration files, raw RGB/LWIR/depth, Phase24 board-affine geometry, Phase25 depth projection support, and raw-only scene reliability scoring. MM5 aligned images are evaluation-only.",1.0,0.9317578125,0.9317578125,0.8695651888847351,0.6062062978744507,1.0,1.0020153052330232,0.9072490275702314,0.9287136197090149,6.092768669128418,0.9317578125,1.1175641267985588,1.5027141273620954,-0.4967925548553467,0.7980170845985413,0.9317578125,-0.4150211360207801,0.5770634756143854,p29_depth_conservative,board_all_median_floor,affine,affine_lmeds,1496,5.984659671783447,7.825484275817871,"[[0.964242690293037, 0.13137386244365368, -26.99199754875218], [-0.06631033534806513, 0.9894192701549352, 24.920322865264623]]",3.5,2.0,9,False,False,4.0,3,0.075,calibration/def_stereocalib_THERM.yml,calibration/def_thermalcam_ori.yml,640x480,broad_generalization_raw_only_selection,broad,depth_conservative,False,v6,v9,support-v9,strict-selected,research,full,strict,all,17.738668980323638,10.890737056732178,9.058623313903809,12.722850799560547,22.889812469482422,9.10905647277832,9.589563846588135,9.229818344116211,9.949309349060059,22.71015739440918,9.10905647277832,14.198599815368652,20.125202178955078,401,1213,334,4.8324737548828125,27.08969020843506,409,2169,334,2892,0.0094140625,1.0,1.0,1.0,0.7548335123523093,27.78233028698236,1255,840,1008,0.874405705229794,0.40584415584415584,334,0.0,0.0,0.0,2.888724517822266,0.0,0.5342755824419685,weak_target_support,False,,False,depth/reflection/edge guard candidates are diagnostic-only by default,17.738668980323638,diagnostic_guard_block,0.0,0.0,0.0,0.3486731531598011,1.0,0.9140328697850821,0.07140588760375977,0.41430091857910156,-0.3537297248840332,v6,strict,v6 adds strict raw/depth support-gated selection for v9; aligned metrics remain evaluation-only.,161_seq447,,,,,,
161_seq447,161,447,p29_reflection_guard,True,phase21_fixed_rgb_canvas,phase23_crop_plus_board_residual_transform,,"[296, 103]","[280, 115]","Phase29 candidate generated from calibration files, raw RGB/LWIR/depth, Phase24 board-affine geometry, Phase25 depth projection support, and raw-only scene reliability scoring. MM5 aligned images are evaluation-only.",1.0,0.9317578125,0.9317578125,0.8695651888847351,0.6062062978744507,1.0,1.0020153052330232,0.9072490275702314,0.9287136197090149,6.092768669128418,0.9317578125,1.1175641267985588,1.5027141273620954,-0.4967925548553467,0.7980170845985413,0.9317578125,-0.4150211360207801,0.5770634756143854,p29_reflection_guard,board_all_median_floor,affine,affine_lmeds,1496,5.984659671783447,7.825484275817871,"[[0.964242690293037, 0.13137386244365368, -26.99199754875218], [-0.06631033534806513, 0.9894192701549352, 24.920322865264623]]",3.5,2.0,9,False,False,4.5,3,0.055,calibration/def_stereocalib_THERM.yml,calibration/def_thermalcam_ori.yml,640x480,broad_generalization_raw_only_selection,broad,reflection_guard,False,v6,v9,support-v9,strict-selected,research,full,strict,all,17.758475613563814,10.890737056732178,9.058623313903809,12.722850799560547,22.889812469482422,9.10905647277832,9.589563846588135,9.229818344116211,9.949309349060059,22.71015739440918,9.10905647277832,14.198599815368652,20.125202178955078,401,1213,334,4.8324737548828125,27.08969020843506,409,2169,334,2892,0.0094140625,1.0,1.0,1.0,0.7548335123523093,27.78233028698236,1255,840,1026,0.874405705229794,0.4129746835443038,334,0.0,0.0,0.0,2.888724517822266,0.0,0.5342755824419685,weak_target_support,False,,False,depth/reflection/edge guard candidates are diagnostic-only by default,17.758475613563814,diagnostic_guard_block,0.0,0.0,0.0,0.32886651991962523,1.0,0.9140328697850821,0.07140588760375977,0.41430091857910156,-0.3537297248840332,v6,strict,v6 adds strict raw/depth support-gated selection for v9; aligned metrics remain evaluation-only.,161_seq447,,,,,,
161_seq447,161,447,p29_small_target_guard,True,phase21_fixed_rgb_canvas,phase23_crop_plus_board_residual_transform,,"[296, 103]","[280, 115]","Phase29 candidate generated from calibration files, raw RGB/LWIR/depth, Phase24 board-affine geometry, Phase25 depth projection support, and raw-only scene reliability scoring. MM5 aligned images are evaluation-only.",1.0,0.9317578125,0.9317578125,0.8695651888847351,0.6062062978744507,1.0,1.0020153052330232,0.9072490275702314,0.9248092770576477,3.118825912475586,0.9317578125,1.1310764376857743,1.4998674406865338,-0.5031132698059082,0.8378971815109253,0.9317578125,-0.4224939899653371,0.570977752864244,p29_small_target_guard,board_all_median_floor,affine,affine_lmeds,1496,5.984659671783447,7.825484275817871,"[[0.964242690293037, 0.13137386244365368, -26.99199754875218], [-0.06631033534806513, 0.9894192701549352, 24.920322865264623]]",3.5,2.0,5,True,False,3.0,2,0.065,calibration/def_stereocalib_THERM.yml,calibration/def_thermalcam_ori.yml,640x480,broad_generalization_raw_only_selection,broad,small_target_guard,False,v6,v9,support-v9,strict-selected,research,full,strict,all,17.033318839029782,10.254112482070923,7.53071928024292,12.977505683898926,23.713014602661133,8.860633850097656,8.672696352005005,7.539041042327881,9.806351661682129,23.713014602661133,8.860633850097656,12.81630563735962,19.289936065673828,459,1362,334,4.903900146484375,27.76030445098877,459,2341,334,3164,0.010299479166666667,1.0,1.0,1.0,0.7701396348012889,26.863848386422628,1385,568,1028,0.8616904500548848,0.424512987012987,334,0.0,0.0,0.0,2.8688507080078125,0.0,0.516612468969666,weak_target_support,False,,False,LWIR edge growth 1.122 exceeds 1.080,17.25331883902978,small_target_guard_block,0.0,0.0,0.0,1.054023294453657,1.1222493887530562,1.0,0.9882733821868896,1.2495670318603516,-0.9903542995452881,v6,strict,v6 adds strict raw/depth support-gated selection for v9; aligned metrics remain evaluation-only.,161_seq447,,,,,,
161_seq447,161,447,p29_edge_contamination_guard,True,phase21_fixed_rgb_canvas,phase23_crop_plus_board_residual_transform,,"[296, 103]","[280, 115]","Phase29 candidate generated from calibration files, raw RGB/LWIR/depth, Phase24 board-affine geometry, Phase25 depth projection support, and raw-only scene reliability scoring. MM5 aligned images are evaluation-only.",1.0,0.9317578125,0.9317578125,0.8695651888847351,0.6062062978744507,1.0,1.0020153052330232,0.9072490275702314,0.9287136197090149,6.092768669128418,0.9317578125,1.1175641267985588,1.5027141273620954,-0.4967925548553467,0.7980170845985413,0.9317578125,-0.4150211360207801,0.5770634756143854,p29_edge_contamination_guard,board_all_median_floor,affine,affine_lmeds,1496,5.984659671783447,7.825484275817871,"[[0.964242690293037, 0.13137386244365368, -26.99199754875218], [-0.06631033534806513, 0.9894192701549352, 24.920322865264623]]",3.5,2.0,9,False,False,4.0,3,0.08,calibration/def_stereocalib_THERM.yml,calibration/def_thermalcam_ori.yml,640x480,broad_generalization_raw_only_selection,broad,edge_contamination_guard,False,v6,v9,support-v9,strict-selected,research,full,strict,all,17.738668980323638,10.890737056732178,9.058623313903809,12.722850799560547,22.889812469482422,9.10905647277832,9.589563846588135,9.229818344116211,9.949309349060059,22.71015739440918,9.10905647277832,14.198599815368652,20.125202178955078,401,1213,334,4.8324737548828125,27.08969020843506,409,2169,334,2892,0.0094140625,1.0,1.0,1.0,0.7548335123523093,27.78233028698236,1255,840,1008,0.874405705229794,0.40584415584415584,334,0.0,0.0,0.0,2.888724517822266,0.0,0.5342755824419685,weak_target_support,False,,False,depth/reflection/edge guard candidates are diagnostic-only by default,17.738668980323638,diagnostic_guard_block,0.0,0.0,0.0,0.3486731531598011,1.0,0.9140328697850821,0.07140588760375977,0.41430091857910156,-0.3537297248840332,v6,strict,v6 adds strict raw/depth support-gated selection for v9; aligned metrics remain evaluation-only.,161_seq447,,,,,,
161_seq447,161,447,p29_v9_support_gated,True,phase21_fixed_rgb_canvas,phase23_crop_plus_board_residual_transform,,"[296, 103]","[280, 115]","Phase29 candidate generated from calibration files, raw RGB/LWIR/depth, Phase24 board-affine geometry, Phase25 depth projection support, and raw-only scene reliability scoring. MM5 aligned images are evaluation-only.",1.0,0.9317578125,0.9317578125,0.8695651888847351,0.6062062978744507,1.0,1.0020153052330232,0.9072490275702314,0.9361628890037537,1.4860389232635498,0.9317578125,1.1281285631649953,1.3392127180054874,-0.5798142552375793,1.0691770315170288,0.9317578125,-0.507232927011406,0.5266426027685037,p29_v9_support_gated,board_all_median_floor,affine,affine_lmeds,1496,5.984659671783447,7.825484275817871,"[[0.964242690293037, 0.13137386244365368, -26.99199754875218], [-0.06631033534806513, 0.9894192701549352, 24.920322865264623]]",3.5,2.0,5,True,False,7.0,3,0.075,calibration/def_stereocalib_THERM.yml,calibration/def_thermalcam_ori.yml,640x480,broad_generalization_raw_only_selection,broad,v9_support_gated,False,v6,v9,support-v9,strict-selected,research,full,strict,all,16.811481079791648,9.973170757293701,7.706219673156738,12.240121841430664,24.459959030151367,8.813202857971191,8.497713088989258,7.706219673156738,9.289206504821777,24.459959030151367,8.813202857971191,12.892499923706055,19.45881175994873,527,1213,334,4.840160608291626,28.227619647979736,527,2169,334,2892,0.0094140625,1.0,1.0,1.0,0.7704081632653061,26.870237097855373,1424,840,1071,0.8374233128834356,0.4648203592814371,334,0.0,0.0,0.0,2.8650562286376955,0.0,0.516735328804911,weak_target_support,False,,False,v9 support-gated mode is reserved for reflection/background scenes,10.66376,v9_reflection_block,0.0,0.0,0.0,1.2758610536917914,1.2885085574572128,0.9140328697850821,1.1632566452026367,1.0806913375854492,-1.2712960243225098,v6,strict,v6 adds strict raw/depth support-gated selection for v9; aligned metrics remain evaluation-only.,161_seq447,True,v9_support_gated,4976,77,,0.9317578125
161_seq447,161,447,p29_v9_support_gated_tight,True,phase21_fixed_rgb_canvas,phase23_crop_plus_board_residual_transform,,"[296, 103]","[280, 115]","Phase29 candidate generated from calibration files, raw RGB/LWIR/depth, Phase24 board-affine geometry, Phase25 depth projection support, and raw-only scene reliability scoring. MM5 aligned images are evaluation-only.",1.0,0.9317578125,0.9317578125,0.8695651888847351,0.6062062978744507,1.0,1.0020153052330232,0.9072490275702314,0.938957154750824,1.42544424533844,0.9317578125,1.1322743848198533,1.3457993036070666,-0.5805675983428955,1.1087353229522705,0.9317578125,-0.5080333308592792,0.5279111961421996,p29_v9_support_gated_tight,board_all_median_floor,affine,affine_lmeds,1496,5.984659671783447,7.825484275817871,"[[0.964242690293037, 0.13137386244365368, -26.99199754875218], [-0.06631033534806513, 0.9894192701549352, 24.920322865264623]]",3.5,2.0,5,True,False,8.0,4,0.055,calibration/def_stereocalib_THERM.yml,calibration/def_thermalcam_ori.yml,640x480,broad_generalization_raw_only_selection,broad,v9_support_gated_tight,False,v6,v9,support-v9,strict-selected,research,full,strict,all,16.505389146733812,9.651466846466064,7.709713935852051,11.593219757080078,23.88567543029785,8.677051544189453,8.634364604949951,8.397083282470703,8.8716459274292,23.762250900268555,8.677051544189453,13.1614408493042,19.356300354003906,466,1052,334,4.35617733001709,27.473803520202637,474,1991,334,2628,0.0085546875,1.0,1.0,1.0,0.7709452201933404,26.773637904556324,1405,1104,1061,0.8387772194304858,0.4578313253012048,334,0.0,0.0,0.0,2.8541641235351562,0.0,0.5148776520106986,weak_target_support,False,,False,v9 support candidate mode is diagnostic-only unless a dedicated raw/depth gate allows it,10.54721,v9_mode_block,0.0,0.0,0.0,1.5819529867496271,1.158924205378973,0.8305941845764855,1.0266051292419434,1.1832027435302734,-1.5929999351501465,v6,strict,v6 adds strict raw/depth support-gated selection for v9; aligned metrics remain evaluation-only.,161_seq447,True,v9_support_gated_tight,3921,77,,0.9317578125
161_seq447,161,447,p29_v9_target_only,True,phase21_fixed_rgb_canvas,phase23_crop_plus_board_residual_transform,,"[296, 103]","[280, 115]","Phase29 candidate generated from calibration files, raw RGB/LWIR/depth, Phase24 board-affine geometry, Phase25 depth projection support, and raw-only scene reliability scoring. MM5 aligned images are evaluation-only.",1.0,0.9317578125,0.9317578125,0.8695651888847351,0.6062062978744507,1.0,1.0020153052330232,0.9072490275702314,0.9383731484413147,1.315578579902649,0.9317578125,1.1368822573887958,1.3760172028459805,-0.5803510546684265,1.0992051362991333,0.9317578125,-0.5100668164464544,0.5125297935984461,p29_v9_target_only,board_all_median_floor,affine,affine_lmeds,1496,5.984659671783447,7.825484275817871,"[[0.964242690293037, 0.13137386244365368, -26.99199754875218], [-0.06631033534806513, 0.9894192701549352, 24.920322865264623]]",3.5,2.0,5,True,False,8.0,4,0.045,calibration/def_stereocalib_THERM.yml,calibration/def_thermalcam_ori.yml,640x480,broad_generalization_raw_only_selection,broad,v9_target_only,False,v6,v9,support-v9,strict-selected,research,full,strict,all,16.52786579817922,9.678779602050781,7.668309211730957,11.689249992370605,23.19649887084961,8.925495147705078,8.666525840759277,8.27924633026123,9.053805351257324,23.04029655456543,8.925495147705078,13.15617322921753,19.669479370117188,492,1052,334,4.429623603820801,26.886051177978516,502,1991,334,2628,0.0085546875,1.0,1.0,1.0,0.7701396348012889,26.062548308773238,1426,1104,1058,0.8332640332640333,0.46009036144578314,334,0.0,0.0,0.0,2.874039611816406,0.0,0.501202852091793,weak_target_support,False,,False,v9 target-only mode is reserved for general weak-target scenes,10.59019,v9_target_only_block,0.0,0.0,0.0,1.5594763353042183,1.2273838630806846,0.8305941845764855,0.9944438934326172,0.8700237274169922,-1.5656871795654297,v6,strict,v6 adds strict raw/depth support-gated selection for v9; aligned metrics remain evaluation-only.,161_seq447,True,v9_target_only,2619,73,,0.9317578125
161_seq447,161,447,p29_v9_depth_thermal,True,phase21_fixed_rgb_canvas,phase23_crop_plus_board_residual_transform,,"[296, 103]","[280, 115]","Phase29 candidate generated from calibration files, raw RGB/LWIR/depth, Phase24 board-affine geometry, Phase25 depth projection support, and raw-only scene reliability scoring. MM5 aligned images are evaluation-only.",1.0,0.9317578125,0.9317578125,0.8695651888847351,0.6062062978744507,1.0,1.0020153052330232,0.9072490275702314,0.9368724822998047,1.486865758895874,0.9317578125,1.12923213292732,1.3418723012059373,-0.5802857279777527,0.9761026501655579,0.9317578125,-0.507071700088708,0.5271376252669202,p29_v9_depth_thermal,board_all_median_floor,affine,affine_lmeds,1496,5.984659671783447,7.825484275817871,"[[0.964242690293037, 0.13137386244365368, -26.99199754875218], [-0.06631033534806513, 0.9894192701549352, 24.920322865264623]]",3.5,2.0,5,True,False,7.0,3,0.065,calibration/def_stereocalib_THERM.yml,calibration/def_thermalcam_ori.yml,640x480,broad_generalization_raw_only_selection,broad,v9_depth_thermal,False,v6,v9,support-v9,strict-selected,research,full,strict,all,16.89602938813404,10.078632831573486,7.8628435134887695,12.294422149658203,22.953874588012695,8.74777603149414,8.56994342803955,7.8628435134887695,9.277043342590332,22.953874588012695,8.74777603149414,12.973249912261963,19.64770221710205,491,1213,334,4.920614957809448,26.38749408721924,491,2169,334,2892,0.0094140625,1.0,1.0,1.0,0.7704081632653061,26.810005103958048,1386,840,1069,0.8342412451361868,0.46107784431137727,334,0.0,0.0,0.0,2.8598220825195315,0.0,0.5155770212299624,weak_target_support,False,,False,v9 depth-thermal mode is reserved for double-edge mismatch scenes,10.58856,v9_depth_thermal_block,0.0,0.0,0.0,1.1913127453494,1.2004889975550121,0.9140328697850821,1.0910263061523438,0.8918008804321289,-1.1658339500427246,v6,strict,v6 adds strict raw/depth support-gated selection for v9; aligned metrics remain evaluation-only.,161_seq447,True,v9_depth_thermal,4656,77,,0.9317578125
161_seq447,161,447,p29_v9_target_silhouette,True,phase21_fixed_rgb_canvas,phase23_crop_plus_board_residual_transform,,"[296, 103]","[280, 115]","Phase29 candidate generated from calibration files, raw RGB/LWIR/depth, Phase24 board-affine geometry, Phase25 depth projection support, and raw-only scene reliability scoring. MM5 aligned images are evaluation-only.",1.0,0.9317578125,0.9317578125,0.8695651888847351,0.6062062978744507,1.0,1.0020153052330232,0.9072490275702314,0.8783490657806396,1.869676113128662,0.9317578125,1.0738269882477829,1.3779731943061015,-0.5679073929786682,1.208644986152649,0.9317578125,-0.49785530835664155,0.5153596969262836,p29_v9_target_silhouette,board_all_median_floor,affine,affine_lmeds,1496,5.984659671783447,7.825484275817871,"[[0.964242690293037, 0.13137386244365368, -26.99199754875218], [-0.06631033534806513, 0.9894192701549352, 24.920322865264623]]",3.5,2.0,5,True,False,7.0,3,0.045,calibration/def_stereocalib_THERM.yml,calibration/def_thermalcam_ori.yml,640x480,broad_generalization_raw_only_selection,broad,v9_target_silhouette,False,v6,v9,support-v9,strict-selected,research,full,strict,all,14.821656297404843,7.776608467102051,4.831369400024414,10.721847534179688,25.174470901489258,5.52930212020874,6.496442079544067,4.878518581390381,8.114365577697754,25.16933250427246,5.52930212020874,8.802150011062622,15.73712968826294,287,1213,334,3.7144488096237183,28.503238677978516,288,2169,334,2892,0.0094140625,1.0,1.0,1.0,0.5265843179377014,49.82688287707467,1135,840,1104,0.8540880503144654,0.47754491017964074,334,0.0,0.0,0.0,2.6023441696166993,0.0,0.9230769230769231,weak_target_support,False,,False,v9 silhouette mode is reserved for general target-contamination scenes,10.162189999999999,v9_silhouette_block,0.0,0.0,0.0,3.265685836078596,0.7041564792176039,0.9140328697850821,3.164527654647827,4.80237340927124,-3.46785831451416,v6,strict,v6 adds strict raw/depth support-gated selection for v9; aligned metrics remain evaluation-only.,161_seq447,True,v9_target_silhouette,2619,73,111.0,0.9317578125
161_seq447,161,447,p29_raw_shift_dx2p5_dy1p0_fill,True,phase21_fixed_rgb_canvas,phase23_crop_plus_board_residual_transform,,"[296, 103]","[280, 115]","Phase29 candidate generated from calibration files, raw RGB/LWIR/depth, Phase24 board-affine geometry, Phase25 depth projection support, and raw-only scene reliability scoring. MM5 aligned images are evaluation-only.",1.0,0.9331673177083334,0.9331673177083334,0.8695651888847351,0.6062062978744507,1.0,1.0020153052330232,0.9072490275702314,0.9273496866226196,3.547215700149536,0.9331673177083334,1.1306488079291985,1.4972161033831735,-0.49770867824554443,0.779458224773407,0.9331673177083334,-0.415111709944798,0.5818247843292458,p29_raw_shift_dx2p5_dy1p0_fill,board_all_median_floor,affine,affine_lmeds,1496,5.984659671783447,7.825484275817871,"[[0.964242690293037, 0.13137386244365368, -26.99199754875218], [-0.06631033534806513, 0.9894192701549352, 24.920322865264623]]",2.5,1.0,9,True,False,3.0,2,0.1,calibration/def_stereocalib_THERM.yml,calibration/def_thermalcam_ori.yml,640x480,broad_generalization_raw_only_selection,broad,raw_shift_local,False,v6,v9,support-v9,strict-selected,research,full,strict,all,17.88900711141682,11.105630874633789,8.819361686706543,13.391900062561035,22.75115966796875,8.882689476013184,9.5963773727417,8.98762035369873,10.205134391784668,22.570131301879883,8.882689476013184,14.24915885925293,20.41592025756836,425,1362,334,5.11323356628418,27.095654487609863,433,2341,334,3164,0.010299479166666667,1.0,1.0,1.0,0.7626208378088077,27.75122406370276,1256,568,995,0.8719467061435974,0.413961038961039,334,0.0,0.0,0.0,2.870615158081055,0.0,0.5336773858404377,weak_target_support,False,,False,raw improvement 0.1983 is below 0.6000,17.98900711141682,generic_block,-1.0,-1.0,2.0,0.1983350220666189,1.058679706601467,1.0,0.06459236145019531,0.12358283996582031,-0.13883590698242188,v6,strict,v6 adds strict raw/depth support-gated selection for v9; aligned metrics remain evaluation-only.,161_seq447,,,,,,
161_seq447,161,447,p29_raw_shift_dx3p5_dy1p0_fill,True,phase21_fixed_rgb_canvas,phase23_crop_plus_board_residual_transform,,"[296, 103]","[280, 115]","Phase29 candidate generated from calibration files, raw RGB/LWIR/depth, Phase24 board-affine geometry, Phase25 depth projection support, and raw-only scene reliability scoring. MM5 aligned images are evaluation-only.",1.0,0.9327799479166666,0.9327799479166666,0.8695651888847351,0.6062062978744507,1.0,1.0020153052330232,0.9072490275702314,0.9287235140800476,3.3427228927612305,0.9327799479166666,1.1340108857912807,1.5022913937853373,-0.4976491928100586,0.8630706667900085,0.9327799479166666,-0.415231328196719,0.5839752574271977,p29_raw_shift_dx3p5_dy1p0_fill,board_all_median_floor,affine,affine_lmeds,1496,5.984659671783447,7.825484275817871,"[[0.964242690293037, 0.13137386244365368, -26.99199754875218], [-0.06631033534806513, 0.9894192701549352, 24.920322865264623]]",3.5,1.0,9,True,False,3.0,2,0.1,calibration/def_stereocalib_THERM.yml,calibration/def_thermalcam_ori.yml,640x480,broad_generalization_raw_only_selection,broad,raw_shift_local,False,v6,v9,support-v9,strict-selected,research,full,strict,all,17.922555691235075,11.16440725326538,9.098947525024414,13.229866981506348,22.136587142944336,8.322355270385742,9.514958381652832,9.101173400878906,9.928743362426758,22.136587142944336,8.322355270385742,13.945799827575684,20.18348979949951,429,1362,334,5.195321321487427,25.92612886428833,429,2341,334,3164,0.010299479166666667,1.0,1.0,1.0,0.7698711063372717,27.570060403993274,1269,568,999,0.8815253609774157,0.41233766233766234,334,0.0,0.0,0.0,2.8257884216308593,0.0,0.530193469307563,weak_target_support,False,,False,raw improvement 0.1648 is below 0.6000,17.972555691235076,generic_block,0.0,-1.0,1.0,0.16478644224836358,1.0488997555012225,1.0,0.1460113525390625,0.35601329803466797,-0.08005952835083008,v6,strict,v6 adds strict raw/depth support-gated selection for v9; aligned metrics remain evaluation-only.,161_seq447,,,,,,
161_seq447,161,447,p29_raw_shift_dx4p5_dy1p0_fill,True,phase21_fixed_rgb_canvas,phase23_crop_plus_board_residual_transform,,"[296, 103]","[280, 115]","Phase29 candidate generated from calibration files, raw RGB/LWIR/depth, Phase24 board-affine geometry, Phase25 depth projection support, and raw-only scene reliability scoring. MM5 aligned images are evaluation-only.",1.0,0.9323665364583333,0.9323665364583333,0.8695651888847351,0.6062062978744507,1.0,1.0020153052330232,0.9072490275702314,0.9293620586395264,3.2313907146453857,0.9323665364583333,1.1359550759740435,1.506542410815931,-0.49811840057373047,0.9171870350837708,0.9323665364583333,-0.41579221089422835,0.585528745933365,p29_raw_shift_dx4p5_dy1p0_fill,board_all_median_floor,affine,affine_lmeds,1496,5.984659671783447,7.825484275817871,"[[0.964242690293037, 0.13137386244365368, -26.99199754875218], [-0.06631033534806513, 0.9894192701549352, 24.920322865264623]]",4.5,1.0,9,True,False,3.0,2,0.1,calibration/def_stereocalib_THERM.yml,calibration/def_thermalcam_ori.yml,640x480,broad_generalization_raw_only_selection,broad,raw_shift_local,False,v6,v9,support-v9,strict-selected,research,full,strict,all,17.583780410052324,10.845863342285156,8.6422700881958,13.049456596374512,22.745899200439453,7.925808429718018,9.146694660186768,8.6422700881958,9.651119232177734,22.745899200439453,7.925808429718018,13.243599891662598,19.79763698577881,381,1362,339,5.148577928543091,26.136102199554443,381,2341,339,3164,0.010299479166666667,1.0,1.0,1.0,0.7763157894736842,27.53363472465759,1274,568,1003,0.8844561535566429,0.41314935064935066,339,0.0,0.0,0.0,2.7940646743774415,0.0,0.5294929754741844,weak_target_support,False,,False,raw improvement 0.5036 is below 0.6000,17.683780410052325,generic_block,1.0,-1.0,2.0,0.5035617234311154,0.9315403422982885,1.0,0.514275074005127,0.7418661117553711,-0.3986034393310547,v6,strict,v6 adds strict raw/depth support-gated selection for v9; aligned metrics remain evaluation-only.,161_seq447,,,,,,
161_seq447,161,447,p29_raw_shift_dx2p5_dy2p0_fill,True,phase21_fixed_rgb_canvas,phase23_crop_plus_board_residual_transform,,"[296, 103]","[280, 115]","Phase29 candidate generated from calibration files, raw RGB/LWIR/depth, Phase24 board-affine geometry, Phase25 depth projection support, and raw-only scene reliability scoring. MM5 aligned images are evaluation-only.",1.0,0.9321451822916667,0.9321451822916667,0.8695651888847351,0.6062062978744507,1.0,1.0020153052330232,0.9072490275702314,0.9306912422180176,3.162137746810913,0.9321451822916667,1.137617376456746,1.5059930714639602,-0.5024255514144897,0.8245424628257751,0.9321451822916667,-0.4201056450033431,0.5817810745873419,p29_raw_shift_dx2p5_dy2p0_fill,board_all_median_floor,affine,affine_lmeds,1496,5.984659671783447,7.825484275817871,"[[0.964242690293037, 0.13137386244365368, -26.99199754875218], [-0.06631033534806513, 0.9894192701549352, 24.920322865264623]]",2.5,2.0,9,True,False,3.0,2,0.1,calibration/def_stereocalib_THERM.yml,calibration/def_thermalcam_ori.yml,640x480,broad_generalization_raw_only_selection,broad,raw_shift_local,False,v6,v9,support-v9,strict-selected,research,full,strict,all,18.23948966618893,11.430318832397461,8.929193496704102,13.93144416809082,22.013025283813477,9.582015037536621,9.882284164428711,9.119787216186523,10.644781112670898,21.793243408203125,9.582015037536621,14.855149745941162,20.864977836608887,392,1362,334,5.264279127120972,26.76702880859375,400,2341,334,3164,0.010299479166666667,1.0,1.0,1.0,0.7478517722878625,27.97392526723623,1241,568,950,0.8741128128502055,0.4050324675324675,334,0.0,0.0,0.0,2.92656120300293,0.0,0.5379601012930044,weak_target_support,False,,False,raw improvement -0.1521 is below 0.6000,18.28948966618893,generic_block,-1.0,0.0,1.0,-0.15214753270549153,0.9779951100244498,1.0,-0.2213144302368164,-0.32547473907470703,0.18585205078125,v6,strict,v6 adds strict raw/depth support-gated selection for v9; aligned metrics remain evaluation-only.,161_seq447,,,,,,
161_seq447,161,447,p29_raw_shift_dx4p5_dy2p0_fill,True,phase21_fixed_rgb_canvas,phase23_crop_plus_board_residual_transform,,"[296, 103]","[280, 115]","Phase29 candidate generated from calibration files, raw RGB/LWIR/depth, Phase24 board-affine geometry, Phase25 depth projection support, and raw-only scene reliability scoring. MM5 aligned images are evaluation-only.",1.0,0.9313444010416667,0.9313444010416667,0.8695651888847351,0.6062062978744507,1.0,1.0020153052330232,0.9072490275702314,0.9329188466072083,2.8337886333465576,0.9313444010416667,1.1428016969408554,1.5125705475581777,-0.5020627975463867,0.8602802157402039,0.9313444010416667,-0.41959103580614376,0.5842229535645611,p29_raw_shift_dx4p5_dy2p0_fill,board_all_median_floor,affine,affine_lmeds,1496,5.984659671783447,7.825484275817871,"[[0.964242690293037, 0.13137386244365368, -26.99199754875218], [-0.06631033534806513, 0.9894192701549352, 24.920322865264623]]",4.5,2.0,9,True,False,3.0,2,0.1,calibration/def_stereocalib_THERM.yml,calibration/def_thermalcam_ori.yml,640x480,broad_generalization_raw_only_selection,broad,raw_shift_local,False,v6,v9,support-v9,strict-selected,research,full,strict,all,17.987684282240497,11.155768871307373,9.086471557617188,13.225066184997559,23.94074821472168,8.568463325500488,9.52299976348877,9.086471557617188,9.959527969360352,23.94074821472168,8.568463325500488,13.882599830627441,20.440497398376465,404,1362,334,5.24289345741272,26.882539749145508,404,2341,334,3164,0.010299479166666667,1.0,1.0,1.0,0.7610096670247046,27.631331967835646,1270,568,1036,0.889795918367347,0.4212662337662338,334,0.0,0.0,0.0,2.845477066040039,0.0,0.5313717686122239,weak_target_support,False,,False,raw improvement 0.0997 is below 0.6000,18.037684282240498,generic_block,1.0,0.0,1.0,0.09965785124294158,0.9877750611246944,1.0,0.137969970703125,0.09900569915771484,-0.08869791030883789,v6,strict,v6 adds strict raw/depth support-gated selection for v9; aligned metrics remain evaluation-only.,161_seq447,,,,,,
161_seq447,161,447,p29_raw_shift_dx2p5_dy3p0_fill,True,phase21_fixed_rgb_canvas,phase23_crop_plus_board_residual_transform,,"[296, 103]","[280, 115]","Phase29 candidate generated from calibration files, raw RGB/LWIR/depth, Phase24 board-affine geometry, Phase25 depth projection support, and raw-only scene reliability scoring. MM5 aligned images are evaluation-only.",1.0,0.9310774739583333,0.9310774739583333,0.8695651888847351,0.6062062978744507,1.0,1.0020153052330232,0.9072490275702314,0.9314905405044556,3.0610170364379883,0.9310774739583333,1.1400175477004328,1.5126207294307006,-0.5048493146896362,0.8520574569702148,0.9310774739583333,-0.42292309686414936,0.5802570837820544,p29_raw_shift_dx2p5_dy3p0_fill,board_all_median_floor,affine,affine_lmeds,1496,5.984659671783447,7.825484275817871,"[[0.964242690293037, 0.13137386244365368, -26.99199754875218], [-0.06631033534806513, 0.9894192701549352, 24.920322865264623]]",2.5,3.0,9,True,False,3.0,2,0.1,calibration/def_stereocalib_THERM.yml,calibration/def_thermalcam_ori.yml,640x480,broad_generalization_raw_only_selection,broad,raw_shift_local,False,v6,v9,support-v9,strict-selected,research,full,strict,all,18.428155997473525,11.548062801361084,9.031686782836914,14.064438819885254,22.667938232421875,10.306694984436035,10.092565536499023,9.240968704223633,10.944162368774414,22.44127655029297,10.306694984436035,15.423949718475342,21.140254020690918,374,1362,334,5.24056077003479,27.51101016998291,382,2341,334,3164,0.010299479166666667,1.0,1.0,1.0,0.7328141783029001,28.26051683795736,1221,568,959,0.8769288671433948,0.4017857142857143,334,0.0,0.0,0.0,2.984535598754883,0.0,0.5434714776530262,weak_target_support,False,,False,raw improvement -0.3408 is below 0.6000,18.528155997473526,generic_block,-1.0,1.0,2.0,-0.3408138639900855,0.9339853300733496,1.0,-0.4315958023071289,-0.6007509231567383,0.30359601974487305,v6,strict,v6 adds strict raw/depth support-gated selection for v9; aligned metrics remain evaluation-only.,161_seq447,,,,,,
161_seq447,161,447,p29_raw_shift_dx3p5_dy3p0_fill,True,phase21_fixed_rgb_canvas,phase23_crop_plus_board_residual_transform,,"[296, 103]","[280, 115]","Phase29 candidate generated from calibration files, raw RGB/LWIR/depth, Phase24 board-affine geometry, Phase25 depth projection support, and raw-only scene reliability scoring. MM5 aligned images are evaluation-only.",1.0,0.9306901041666666,0.9306901041666666,0.8695651888847351,0.6062062978744507,1.0,1.0020153052330232,0.9072490275702314,0.9333075881004333,2.805830478668213,0.9306901041666666,1.1435030887925242,1.5135365570940011,-0.5048903822898865,0.9298540949821472,0.9306901041666666,-0.4233195904391579,0.5809994428041432,p29_raw_shift_dx3p5_dy3p0_fill,board_all_median_floor,affine,affine_lmeds,1496,5.984659671783447,7.825484275817871,"[[0.964242690293037, 0.13137386244365368, -26.99199754875218], [-0.06631033534806513, 0.9894192701549352, 24.920322865264623]]",3.5,3.0,9,True,False,3.0,2,0.1,calibration/def_stereocalib_THERM.yml,calibration/def_thermalcam_ori.yml,640x480,broad_generalization_raw_only_selection,broad,raw_shift_local,False,v6,v9,support-v9,strict-selected,research,full,strict,all,18.427539349397595,11.54797077178955,9.167879104614258,13.928062438964844,22.70563316345215,9.833735466003418,9.919802188873291,9.17591667175293,10.663687705993652,22.70563316345215,9.833735466003418,15.101629257202148,20.916946411132812,408,1362,334,5.357405185699463,26.8930721282959,408,2341,334,3164,0.010299479166666667,1.0,1.0,1.0,0.7395273899033298,28.05901870483647,1237,568,976,0.8857142857142857,0.4099025974025974,334,0.0,0.0,0.0,2.9466988372802736,0.0,0.5395965135545475,weak_target_support,False,,False,raw improvement -0.3402 is below 0.6000,18.477539349397595,generic_block,0.0,1.0,1.0,-0.34019721591415575,0.9975550122249389,1.0,-0.2588324546813965,-0.3774433135986328,0.30350399017333984,v6,strict,v6 adds strict raw/depth support-gated selection for v9; aligned metrics remain evaluation-only.,161_seq447,,,,,,
161_seq447,161,447,p29_raw_shift_dx4p5_dy3p0_fill,True,phase21_fixed_rgb_canvas,phase23_crop_plus_board_residual_transform,,"[296, 103]","[280, 115]","Phase29 candidate generated from calibration files, raw RGB/LWIR/depth, Phase24 board-affine geometry, Phase25 depth projection support, and raw-only scene reliability scoring. MM5 aligned images are evaluation-only.",1.0,0.9302766927083334,0.9302766927083334,0.8695651888847351,0.6062062978744507,1.0,1.0020153052330232,0.9072490275702314,0.934185266494751,2.829322338104248,0.9302766927083334,1.144551403412178,1.5156138063070164,-0.506805419921875,0.9282246828079224,0.9302766927083334,-0.425153134565247,0.5814775563565036,p29_raw_shift_dx4p5_dy3p0_fill,board_all_median_floor,affine,affine_lmeds,1496,5.984659671783447,7.825484275817871,"[[0.964242690293037, 0.13137386244365368, -26.99199754875218], [-0.06631033534806513, 0.9894192701549352, 24.920322865264623]]",4.5,3.0,9,True,False,3.0,2,0.1,calibration/def_stereocalib_THERM.yml,calibration/def_thermalcam_ori.yml,640x480,broad_generalization_raw_only_selection,broad,raw_shift_local,False,v6,v9,support-v9,strict-selected,research,full,strict,all,17.924803575168454,11.011741161346436,8.595182418823242,13.428299903869629,23.825841903686523,9.376798629760742,9.448562622070312,8.595182418823242,10.301942825317383,23.825841903686523,9.376798629760742,13.978808879852295,20.001620292663574,415,1362,334,5.063583612442017,27.568603992462158,415,2341,334,3164,0.010299479166666667,1.0,1.0,1.0,0.7521482277121375,27.109404638406442,1289,568,1055,0.8937269372693727,0.4253246753246753,334,0.0,0.0,0.0,2.9101438903808594,0.0,0.5213347045847393,weak_target_support,False,,False,raw improvement 0.1625 is below 0.6000,18.024803575168455,generic_block,1.0,1.0,2.0,0.16253855831498498,1.0146699266503667,1.0,0.21240711212158203,0.5378828048706055,-0.2327256202697754,v6,strict,v6 adds strict raw/depth support-gated selection for v9; aligned metrics remain evaluation-only.,161_seq447,,,,,,
161_seq447,161,447,p29_raw_shift_dx3p0_dy2p0_fill,True,phase21_fixed_rgb_canvas,phase23_crop_plus_board_residual_transform,,"[296, 103]","[280, 115]","Phase29 candidate generated from calibration files, raw RGB/LWIR/depth, Phase24 board-affine geometry, Phase25 depth projection support, and raw-only scene reliability scoring. MM5 aligned images are evaluation-only.",1.0,0.9317578125,0.9317578125,0.8695651888847351,0.6062062978744507,1.0,1.0020153052330232,0.9072490275702314,0.929624617099762,3.153918743133545,0.9317578125,1.136741453803442,1.5069356610832076,-0.4975211024284363,0.8272520303726196,0.9317578125,-0.4148517147463778,0.5842193324286283,p29_raw_shift_dx3p0_dy2p0_fill,board_all_median_floor,affine,affine_lmeds,1496,5.984659671783447,7.825484275817871,"[[0.964242690293037, 0.13137386244365368, -26.99199754875218], [-0.06631033534806513, 0.9894192701549352, 24.920322865264623]]",3.0,2.0,9,True,False,3.0,2,0.1,calibration/def_stereocalib_THERM.yml,calibration/def_thermalcam_ori.yml,640x480,broad_generalization_raw_only_selection,broad,raw_shift_local,False,v6,v9,support-v9,strict-selected,research,full,strict,all,17.798933507112363,11.02663803100586,8.191246032714844,13.862030029296875,21.428926467895508,9.419687271118164,9.432305812835693,8.344795227050781,10.519816398620605,21.22711753845215,9.419687271118164,14.486499786376953,20.2294864654541,401,1362,334,5.151703834533691,26.360803604125977,408,2341,334,3164,0.010299479166666667,1.0,1.0,1.0,0.7497314715359829,27.578559100588954,1244,568,933,0.8694839192221391,0.4090909090909091,334,0.0,0.0,0.0,2.9135749816894534,0.0,0.5303569057805568,weak_target_support,False,,False,raw improvement 0.2884 is below 0.6000,17.82393350711236,generic_block,-0.5,0.0,0.5,0.28840862637107634,0.9975550122249389,1.0,0.22866392135620117,0.3100166320800781,-0.21782875061035156,v6,strict,v6 adds strict raw/depth support-gated selection for v9; aligned metrics remain evaluation-only.,161_seq447,,,,,,
161_seq447,161,447,p29_raw_shift_dx4p0_dy2p0_fill,True,phase21_fixed_rgb_canvas,phase23_crop_plus_board_residual_transform,,"[296, 103]","[280, 115]","Phase29 candidate generated from calibration files, raw RGB/LWIR/depth, Phase24 board-affine geometry, Phase25 depth projection support, and raw-only scene reliability scoring. MM5 aligned images are evaluation-only.",1.0,0.9313444010416667,0.9313444010416667,0.8695651888847351,0.6062062978744507,1.0,1.0020153052330232,0.9072490275702314,0.9308672547340393,2.862363815307617,0.9313444010416667,1.1402312793397422,1.5102547166503246,-0.4970635771751404,0.8793640732765198,0.9313444010416667,-0.4145536685302688,0.5852406205635379,p29_raw_shift_dx4p0_dy2p0_fill,board_all_median_floor,affine,affine_lmeds,1496,5.984659671783447,7.825484275817871,"[[0.964242690293037, 0.13137386244365368, -26.99199754875218], [-0.06631033534806513, 0.9894192701549352, 24.920322865264623]]",4.0,2.0,9,True,False,3.0,2,0.1,calibration/def_stereocalib_THERM.yml,calibration/def_thermalcam_ori.yml,640x480,broad_generalization_raw_only_selection,broad,raw_shift_local,False,v6,v9,support-v9,strict-selected,research,full,strict,all,18.0786031211466,11.298985004425049,8.879398345947266,13.718571662902832,21.353649139404297,8.95103931427002,9.570493698120117,8.881625175476074,10.25936222076416,21.353649139404297,8.95103931427002,14.423299789428711,20.569355964660645,429,1362,334,5.370830297470093,25.833085536956787,429,2341,334,3164,0.010299479166666667,1.0,1.0,1.0,0.755907626208378,27.43688634429089,1258,568,967,0.878138847858198,0.413961038961039,334,0.0,0.0,0.0,2.876083145141602,0.0,0.5276324296979017,weak_target_support,False,,False,raw improvement 0.0087 is below 0.6000,18.103603121146598,generic_block,0.5,0.0,0.5,0.00873901233683938,1.0488997555012225,1.0,0.09047603607177734,-0.029852867126464844,0.05451822280883789,v6,strict,v6 adds strict raw/depth support-gated selection for v9; aligned metrics remain evaluation-only.,161_seq447,,,,,,
161_seq447,161,447,p29_raw_shift_dx3p5_dy1p5_fill,True,phase21_fixed_rgb_canvas,phase23_crop_plus_board_residual_transform,,"[296, 103]","[280, 115]","Phase29 candidate generated from calibration files, raw RGB/LWIR/depth, Phase24 board-affine geometry, Phase25 depth projection support, and raw-only scene reliability scoring. MM5 aligned images are evaluation-only.",1.0,0.9327799479166666,0.9327799479166666,0.8695651888847351,0.6062062978744507,1.0,1.0020153052330232,0.9072490275702314,0.9313541054725647,3.463202476501465,0.9327799479166666,1.1371812627154385,1.5107091473458842,-0.5099844336509705,0.8205296397209167,0.9327799479166666,-0.4270094634558555,0.5859876535562698,p29_raw_shift_dx3p5_dy1p5_fill,board_all_median_floor,affine,affine_lmeds,1496,5.984659671783447,7.825484275817871,"[[0.964242690293037, 0.13137386244365368, -26.99199754875218], [-0.06631033534806513, 0.9894192701549352, 24.920322865264623]]",3.5,1.5,9,True,False,3.0,2,0.1,calibration/def_stereocalib_THERM.yml,calibration/def_thermalcam_ori.yml,640x480,broad_generalization_raw_only_selection,broad,raw_shift_local,False,v6,v9,support-v9,strict-selected,research,full,strict,all,17.53273955646234,10.7646484375,8.296468734741211,13.232828140258789,23.2032413482666,8.660486221313477,9.160636901855469,8.322572708129883,9.998701095581055,23.18033218383789,8.660486221313477,13.577149868011475,19.608036041259766,391,1362,334,5.006020545959473,26.88395357131958,392,2341,334,3164,0.010299479166666667,1.0,1.0,1.0,0.7602040816326531,27.712102620624723,1248,568,990,0.8773903262092239,0.4090909090909091,334,0.0,0.0,0.0,2.8528388977050785,0.0,0.5329250503966293,weak_target_support,False,,False,raw improvement 0.5546 is below 0.6000,17.557739556462337,generic_block,0.0,-0.5,0.5,0.5546025770211003,0.9584352078239609,1.0,0.5003328323364258,0.9314670562744141,-0.47981834411621094,v6,strict,v6 adds strict raw/depth support-gated selection for v9; aligned metrics remain evaluation-only.,161_seq447,,,,,,
161_seq447,161,447,p29_raw_shift_dx3p5_dy2p5_fill,True,phase21_fixed_rgb_canvas,phase23_crop_plus_board_residual_transform,,"[296, 103]","[280, 115]","Phase29 candidate generated from calibration files, raw RGB/LWIR/depth, Phase24 board-affine geometry, Phase25 depth projection support, and raw-only scene reliability scoring. MM5 aligned images are evaluation-only.",1.0,0.9317578125,0.9317578125,0.8695651888847351,0.6062062978744507,1.0,1.0020153052330232,0.9072490275702314,0.9348229765892029,2.999746799468994,0.9317578125,1.1444288777171427,1.517362546165025,-0.5149813294410706,0.8287883400917053,0.9317578125,-0.43240560102671005,0.5836563896994048,p29_raw_shift_dx3p5_dy2p5_fill,board_all_median_floor,affine,affine_lmeds,1496,5.984659671783447,7.825484275817871,"[[0.964242690293037, 0.13137386244365368, -26.99199754875218], [-0.06631033534806513, 0.9894192701549352, 24.920322865264623]]",3.5,2.5,9,True,False,3.0,2,0.1,calibration/def_stereocalib_THERM.yml,calibration/def_thermalcam_ori.yml,640x480,broad_generalization_raw_only_selection,broad,raw_shift_local,False,v6,v9,support-v9,strict-selected,research,full,strict,all,17.57222260948258,10.716681957244873,8.031220436096191,13.402143478393555,23.695220947265625,9.360272407531738,9.182202816009521,8.062163352966309,10.302242279052734,23.672033309936523,9.360272407531738,13.84749984741211,19.93982982635498,383,1362,334,5.019436597824097,27.347402095794678,384,2341,334,3164,0.010299479166666667,1.0,1.0,1.0,0.7446294307196563,27.978596165609307,1232,568,1015,0.881470367591898,0.4107142857142857,334,0.0,0.0,0.0,2.9088217926025393,0.0,0.5380499262617174,weak_target_support,False,,False,raw improvement 0.5151 is below 0.6000,17.59722260948258,generic_block,0.0,0.5,0.5,0.515119524000859,0.9388753056234719,1.0,0.47876691818237305,0.5996732711791992,-0.5277848243713379,v6,strict,v6 adds strict raw/depth support-gated selection for v9; aligned metrics remain evaluation-only.,161_seq447,,,,,,
187_seq473,187,473,p29_baseline,True,phase21_fixed_rgb_canvas,phase24_affine_lwir_subpixel_shift_depth_fill_then_morph_close,,"[296, 103]","[280, 115]","Phase29 candidate generated from calibration files, raw RGB/LWIR/depth, Phase24 board-affine geometry, Phase25 depth projection support, and raw-only scene reliability scoring. MM5 aligned images are evaluation-only.",1.0,0.9317578125,0.9317578125,0.8768759965896606,0.6595794558525085,1.0,1.0127788323099371,0.932402083035945,0.9281235337257385,3.6134567260742188,0.9317578125,1.1360114834097201,1.5304579336028472,-0.4882926344871521,0.9446462392807007,0.9317578125,-0.4105230545251385,0.5562497159846522,p29_baseline,board_all_median_floor,affine,affine_lmeds,1496,5.984659671783447,7.825484275817871,"[[0.964242690293037, 0.13137386244365368, -26.99199754875218], [-0.06631033534806513, 0.9894192701549352, 24.920322865264623]]",3.5,2.0,9,True,False,3.0,2,0.1,calibration/def_stereocalib_THERM.yml,calibration/def_thermalcam_ori.yml,640x480,broad_generalization_raw_only_selection,broad,baseline,False,v6,v9,support-v9,strict-selected,research,full,strict,all,23.269192777987552,14.029167830944061,1.492444396018982,26.56589126586914,5.806622505187988,21.351102828979492,12.291509926319122,1.4971319437026978,23.085887908935547,5.567562580108643,21.351102828979492,16.47725111246109,25.223222017288208,333,7917,3213,6.543463408946991,32.46016883850098,341,10456,3213,12940,0.04212239583333333,1.0,1.0,1.0,0.6676156089432024,61.40268360624485,4449,1572,2897,0.9350051657743965,0.47513129440840285,3213,0.0,0.0,0.22,2.0051920509338377,0.0,0.9230769230769231,double_edge_mismatch,False,,False,,23.269192777987552,v6_baseline,0.0,0.0,0.0,0.0,1.0,1.0,0.0,0.0,0.0,v6,strict,v6 baseline row; aligned metrics are not used for selection.,187_seq473,,,,,,
187_seq473,187,473,p29_depth_conservative,True,phase21_fixed_rgb_canvas,phase23_crop_plus_board_residual_transform,,"[296, 103]","[280, 115]","Phase29 candidate generated from calibration files, raw RGB/LWIR/depth, Phase24 board-affine geometry, Phase25 depth projection support, and raw-only scene reliability scoring. MM5 aligned images are evaluation-only.",1.0,0.9317578125,0.9317578125,0.8768759965896606,0.6595794558525085,1.0,1.0127788323099371,0.932402083035945,0.9280433058738708,5.21028995513916,0.9317578125,1.12552905879684,1.5249832843586955,-0.4841243624687195,0.8505802750587463,0.9317578125,-0.40668899140015563,0.5502590181261087,p29_depth_conservative,board_all_median_floor,affine,affine_lmeds,1496,5.984659671783447,7.825484275817871,"[[0.964242690293037, 0.13137386244365368, -26.99199754875218], [-0.06631033534806513, 0.9894192701549352, 24.920322865264623]]",3.5,2.0,9,False,False,4.0,3,0.075,calibration/def_stereocalib_THERM.yml,calibration/def_thermalcam_ori.yml,640x480,broad_generalization_raw_only_selection,broad,depth_conservative,False,v6,v9,support-v9,strict-selected,research,full,strict,all,22.799198051624717,13.719621479511261,1.6037765741348267,25.835466384887695,5.28952169418335,21.195598602294922,12.10972660779953,1.6207822561264038,22.598670959472656,5.043857574462891,21.195728302001953,16.066455900669098,25.142472505569458,337,7547,3213,6.3955129981040955,32.05988931655884,345,10081,3213,11911,0.03877278645833333,1.0,1.0,1.0,0.6676156089432024,61.40268360624485,4449,2601,2882,0.9344294192042027,0.4793157076205288,3213,0.0,0.0,0.0,1.912113904953003,0.0,0.9230769230769231,double_edge_mismatch,False,,False,depth/reflection/edge guard candidates are diagnostic-only by default,22.799198051624717,diagnostic_guard_block,0.0,0.0,0.0,0.46999472636283457,1.0117302052785924,0.9204791344667697,0.18178331851959229,0.08074951171875,-0.3095463514328003,v6,strict,v6 adds strict raw/depth support-gated selection for v9; aligned metrics remain evaluation-only.,187_seq473,,,,,,
187_seq473,187,473,p29_reflection_guard,True,phase21_fixed_rgb_canvas,phase23_crop_plus_board_residual_transform,,"[296, 103]","[280, 115]","Phase29 candidate generated from calibration files, raw RGB/LWIR/depth, Phase24 board-affine geometry, Phase25 depth projection support, and raw-only scene reliability scoring. MM5 aligned images are evaluation-only.",1.0,0.9317578125,0.9317578125,0.8768759965896606,0.6595794558525085,1.0,1.0127788323099371,0.932402083035945,0.9280433058738708,5.21028995513916,0.9317578125,1.12552905879684,1.5249832843586955,-0.4841243624687195,0.8505802750587463,0.9317578125,-0.40668899140015563,0.5502590181261087,p29_reflection_guard,board_all_median_floor,affine,affine_lmeds,1496,5.984659671783447,7.825484275817871,"[[0.964242690293037, 0.13137386244365368, -26.99199754875218], [-0.06631033534806513, 0.9894192701549352, 24.920322865264623]]",3.5,2.0,9,False,False,4.5,3,0.055,calibration/def_stereocalib_THERM.yml,calibration/def_thermalcam_ori.yml,640x480,broad_generalization_raw_only_selection,broad,reflection_guard,False,v6,v9,support-v9,strict-selected,research,full,strict,all,22.76572409791054,13.719621479511261,1.6037765741348267,25.835466384887695,5.28952169418335,21.195598602294922,12.10972660779953,1.6207822561264038,22.598670959472656,5.043857574462891,21.195728302001953,16.066455900669098,25.142472505569458,337,7547,3213,6.3955129981040955,32.05988931655884,345,10081,3213,12161,0.03958658854166667,1.0,1.0,1.0,0.6676156089432024,61.40268360624485,4449,2351,2889,0.9344294192042027,0.4798261949099938,3213,0.0,0.0,0.0,1.912113904953003,0.0,0.9230769230769231,double_edge_mismatch,False,,False,depth/reflection/edge guard candidates are diagnostic-only by default,22.76572409791054,diagnostic_guard_block,0.0,0.0,0.0,0.5034686800770132,1.0117302052785924,0.9397990726429676,0.18178331851959229,0.08074951171875,-0.3095463514328003,v6,strict,v6 adds strict raw/depth support-gated selection for v9; aligned metrics remain evaluation-only.,187_seq473,,,,,,
187_seq473,187,473,p29_small_target_guard,True,phase21_fixed_rgb_canvas,phase23_crop_plus_board_residual_transform,,"[296, 103]","[280, 115]","Phase29 candidate generated from calibration files, raw RGB/LWIR/depth, Phase24 board-affine geometry, Phase25 depth projection support, and raw-only scene reliability scoring. MM5 aligned images are evaluation-only.",1.0,0.9317578125,0.9317578125,0.8768759965896606,0.6595794558525085,1.0,1.0127788323099371,0.932402083035945,0.9251763224601746,4.117507457733154,0.9317578125,1.1275382016415558,1.5137794928518693,-0.4837155044078827,0.9469665288925171,0.9317578125,-0.40824792090218087,0.5409958845270461,p29_small_target_guard,board_all_median_floor,affine,affine_lmeds,1496,5.984659671783447,7.825484275817871,"[[0.964242690293037, 0.13137386244365368, -26.99199754875218], [-0.06631033534806513, 0.9894192701549352, 24.920322865264623]]",3.5,2.0,5,True,False,3.0,2,0.065,calibration/def_stereocalib_THERM.yml,calibration/def_thermalcam_ori.yml,640x480,broad_generalization_raw_only_selection,broad,small_target_guard,False,v6,v9,support-v9,strict-selected,research,full,strict,all,19.844542574223706,10.513304769992828,1.9686452150344849,19.057964324951172,6.497613906860352,13.551795959472656,9.095717430114746,1.991170883178711,16.20026397705078,6.274624824523926,13.551795959472656,12.162200093269348,19.918758630752563,588,7917,3213,4.897276997566223,26.225263118743896,600,10456,3213,12940,0.04212239583333333,1.0,1.0,1.0,0.7115678378003055,59.4196407377483,4712,1572,2934,0.9032317636195752,0.4806919987642879,3213,0.0,0.0,0.22,2.1295705032348633,0.0,0.9230769230769231,double_edge_mismatch,False,,False,LWIR edge growth 1.760 exceeds 1.080,20.064542574223704,small_target_guard_block,0.0,0.0,0.0,3.4246502037638464,1.7595307917888563,1.0,3.195792496204376,5.3044633865356445,-3.515863060951233,v6,strict,v6 adds strict raw/depth support-gated selection for v9; aligned metrics remain evaluation-only.,187_seq473,,,,,,
187_seq473,187,473,p29_edge_contamination_guard,True,phase21_fixed_rgb_canvas,phase23_crop_plus_board_residual_transform,,"[296, 103]","[280, 115]","Phase29 candidate generated from calibration files, raw RGB/LWIR/depth, Phase24 board-affine geometry, Phase25 depth projection support, and raw-only scene reliability scoring. MM5 aligned images are evaluation-only.",1.0,0.9317578125,0.9317578125,0.8768759965896606,0.6595794558525085,1.0,1.0127788323099371,0.932402083035945,0.9280433058738708,5.21028995513916,0.9317578125,1.12552905879684,1.5249832843586955,-0.4841243624687195,0.8505802750587463,0.9317578125,-0.40668899140015563,0.5502590181261087,p29_edge_contamination_guard,board_all_median_floor,affine,affine_lmeds,1496,5.984659671783447,7.825484275817871,"[[0.964242690293037, 0.13137386244365368, -26.99199754875218], [-0.06631033534806513, 0.9894192701549352, 24.920322865264623]]",3.5,2.0,9,False,False,4.0,3,0.08,calibration/def_stereocalib_THERM.yml,calibration/def_thermalcam_ori.yml,640x480,broad_generalization_raw_only_selection,broad,edge_contamination_guard,False,v6,v9,support-v9,strict-selected,research,full,strict,all,22.759967282393948,13.719621479511261,1.6037765741348267,25.835466384887695,5.28952169418335,21.195598602294922,12.10972660779953,1.6207822561264038,22.598670959472656,5.043857574462891,21.195728302001953,16.066455900669098,25.142472505569458,337,7547,3213,6.3955129981040955,32.05988931655884,345,10081,3213,12166,0.039602864583333335,1.0,1.0,1.0,0.6676156089432024,61.40268360624485,4449,2346,2882,0.9344294192042027,0.4793157076205288,3213,0.0,0.0,0.0,1.912113904953003,0.0,0.9230769230769231,double_edge_mismatch,False,,False,depth/reflection/edge guard candidates are diagnostic-only by default,22.759967282393948,diagnostic_guard_block,0.0,0.0,0.0,0.5092254955936042,1.0117302052785924,0.9401854714064914,0.18178331851959229,0.08074951171875,-0.3095463514328003,v6,strict,v6 adds strict raw/depth support-gated selection for v9; aligned metrics remain evaluation-only.,187_seq473,,,,,,
187_seq473,187,473,p29_v9_support_gated,True,phase21_fixed_rgb_canvas,phase23_crop_plus_board_residual_transform,,"[296, 103]","[280, 115]","Phase29 candidate generated from calibration files, raw RGB/LWIR/depth, Phase24 board-affine geometry, Phase25 depth projection support, and raw-only scene reliability scoring. MM5 aligned images are evaluation-only.",1.0,0.9317578125,0.9317578125,0.8768759965896606,0.6595794558525085,1.0,1.0127788323099371,0.932402083035945,0.9308703541755676,3.236176013946533,0.9317578125,1.1049800605746456,1.2901784165517152,-0.5405434966087341,1.1707533597946167,0.9317578125,-0.4755403179911455,0.48018465850904235,p29_v9_support_gated,board_all_median_floor,affine,affine_lmeds,1496,5.984659671783447,7.825484275817871,"[[0.964242690293037, 0.13137386244365368, -26.99199754875218], [-0.06631033534806513, 0.9894192701549352, 24.920322865264623]]",3.5,2.0,5,True,False,7.0,3,0.075,calibration/def_stereocalib_THERM.yml,calibration/def_thermalcam_ori.yml,640x480,broad_generalization_raw_only_selection,broad,v9_support_gated,False,v6,v9,support-v9,strict-selected,research,full,strict,all,13.328896114947488,5.311266601085663,1.771816611289978,8.850716590881348,5.247275352478027,3.957528591156006,3.837361514568329,1.7812150716781616,5.893507957458496,5.129340648651123,3.957528591156006,4.774999916553497,9.504349946975708,1606,7547,3213,2.349992573261261,10.856100082397461,1623,10081,3213,12166,0.039602864583333335,1.0,1.0,1.0,0.26836550479100124,85.96777234830321,722,2346,2878,0.7475314793006613,0.465980024968789,3213,0.0,0.0,0.22,1.2611118507385253,0.0,0.9230769230769231,double_edge_mismatch,False,,False,v9 support-gated mode is reserved for reflection/background scenes,12.985510000000001,v9_reflection_block,0.0,0.0,0.0,9.940296663040064,4.7595307917888565,0.9401854714064914,8.454148411750793,15.7188720703125,-8.717901229858398,v6,strict,v6 adds strict raw/depth support-gated selection for v9; aligned metrics remain evaluation-only.,187_seq473,True,v9_support_gated,17951,65,,0.9317578125
187_seq473,187,473,p29_v9_support_gated_tight,True,phase21_fixed_rgb_canvas,phase23_crop_plus_board_residual_transform,,"[296, 103]","[280, 115]","Phase29 candidate generated from calibration files, raw RGB/LWIR/depth, Phase24 board-affine geometry, Phase25 depth projection support, and raw-only scene reliability scoring. MM5 aligned images are evaluation-only.",1.0,0.9317578125,0.9317578125,0.8768759965896606,0.6595794558525085,1.0,1.0127788323099371,0.932402083035945,0.9317241311073303,3.3582184314727783,0.9317578125,1.1035259195652254,1.2796739936448787,-0.5446105599403381,1.1964930295944214,0.9317578125,-0.4790302406488031,0.48506184979401046,p29_v9_support_gated_tight,board_all_median_floor,affine,affine_lmeds,1496,5.984659671783447,7.825484275817871,"[[0.964242690293037, 0.13137386244365368, -26.99199754875218], [-0.06631033534806513, 0.9894192701549352, 24.920322865264623]]",3.5,2.0,5,True,False,8.0,4,0.055,calibration/def_stereocalib_THERM.yml,calibration/def_thermalcam_ori.yml,640x480,broad_generalization_raw_only_selection,broad,v9_support_gated_tight,False,v6,v9,support-v9,strict-selected,research,full,strict,all,13.341077067209016,5.257074594497681,1.8308358192443848,8.683313369750977,4.836841583251953,3.9581971168518066,3.804973065853119,1.842450499534607,5.767495632171631,4.751020908355713,3.9581971168518066,4.774999916553497,9.297199964523315,1527,7183,3213,2.2764015197753906,10.045050144195557,1539,9712,3213,11400,0.037109375,1.0,1.0,1.0,0.3657130954034162,77.95494552735798,1121,3112,2841,0.7594281952412302,0.4682865257178921,3213,0.0,0.0,0.22,1.187287254333496,0.0,0.9230769230769231,double_edge_mismatch,False,,False,v9 support candidate mode is diagnostic-only unless a dedicated raw/depth gate allows it,12.79303,v9_mode_block,0.0,0.0,0.0,9.928115710778536,4.513196480938417,0.8809891808346213,8.486536860466003,15.926022052764893,-8.77209323644638,v6,strict,v6 adds strict raw/depth support-gated selection for v9; aligned metrics remain evaluation-only.,187_seq473,True,v9_support_gated_tight,15503,64,,0.9317578125
187_seq473,187,473,p29_v9_target_only,True,phase21_fixed_rgb_canvas,phase23_crop_plus_board_residual_transform,,"[296, 103]","[280, 115]","Phase29 candidate generated from calibration files, raw RGB/LWIR/depth, Phase24 board-affine geometry, Phase25 depth projection support, and raw-only scene reliability scoring. MM5 aligned images are evaluation-only.",1.0,0.9317578125,0.9317578125,0.8768759965896606,0.6595794558525085,1.0,1.0127788323099371,0.932402083035945,0.9380532503128052,4.022010803222656,0.9317578125,1.1131123464488821,1.3279410730360857,-0.5485896468162537,1.0456823110580444,0.9317578125,-0.48083898909804,0.49349834389707947,p29_v9_target_only,board_all_median_floor,affine,affine_lmeds,1496,5.984659671783447,7.825484275817871,"[[0.964242690293037, 0.13137386244365368, -26.99199754875218], [-0.06631033534806513, 0.9894192701549352, 24.920322865264623]]",3.5,2.0,5,True,False,8.0,4,0.045,calibration/def_stereocalib_THERM.yml,calibration/def_thermalcam_ori.yml,640x480,broad_generalization_raw_only_selection,broad,v9_target_only,False,v6,v9,support-v9,strict-selected,research,full,strict,all,23.614462157475337,12.794082403182983,1.8363585472106934,23.751806259155273,5.9007182121276855,15.81638240814209,10.431227087974548,1.8448817729949951,19.0175724029541,5.866247177124023,15.81638240814209,13.612251341342926,23.53090500831604,655,8637,3213,6.745581567287445,24.98798704147339,657,11284,3213,14402,0.04688151041666667,1.0,1.0,1.0,0.0503402305235384,140.17863070221526,242,14512,2693,0.8995973614323652,0.42795962067910676,3213,0.0,0.0,0.22,2.0221292781829834,0.0,0.9230769230769231,double_edge_mismatch,False,,False,v9 target-only mode is reserved for general weak-target scenes,10.94966,v9_target_only_block,0.0,0.0,0.0,-0.34526937948778524,1.9266862170087977,1.1129829984544048,1.860282838344574,1.692317008972168,-1.2350854277610779,v6,strict,v6 adds strict raw/depth support-gated selection for v9; aligned metrics remain evaluation-only.,187_seq473,True,v9_target_only,7566,67,,0.9317578125
187_seq473,187,473,p29_v9_depth_thermal,True,phase21_fixed_rgb_canvas,phase23_crop_plus_board_residual_transform,,"[296, 103]","[280, 115]","Phase29 candidate generated from calibration files, raw RGB/LWIR/depth, Phase24 board-affine geometry, Phase25 depth projection support, and raw-only scene reliability scoring. MM5 aligned images are evaluation-only.",1.0,0.9317578125,0.9317578125,0.8768759965896606,0.6595794558525085,1.0,1.0127788323099371,0.932402083035945,0.9305918216705322,2.790506601333618,0.9317578125,1.1051312175474897,1.2752162365663942,-0.5435872673988342,1.1366273164749146,0.9317578125,-0.47767598406814077,0.4848736481969531,p29_v9_depth_thermal,board_all_median_floor,affine,affine_lmeds,1496,5.984659671783447,7.825484275817871,"[[0.964242690293037, 0.13137386244365368, -26.99199754875218], [-0.06631033534806513, 0.9894192701549352, 24.920322865264623]]",3.5,2.0,5,True,False,7.0,3,0.065,calibration/def_stereocalib_THERM.yml,calibration/def_thermalcam_ori.yml,640x480,broad_generalization_raw_only_selection,broad,v9_depth_thermal,False,v6,v9,support-v9,strict-selected,research,full,strict,all,13.6032627264712,5.381564080715179,1.7287167310714722,9.034411430358887,5.412249565124512,4.23641300201416,3.9018940925598145,1.7349300384521484,6.0688581466674805,5.341989040374756,4.23641300201416,4.982150137424469,9.504349946975708,1486,7547,3213,2.355757474899292,10.982500076293945,1496,10081,3213,12166,0.039602864583333335,1.0,1.0,1.0,0.6533120399944452,57.25163987808275,4301,2346,2847,0.7627087706489002,0.46504369538077406,3213,0.0,0.0,0.22,1.313117961883545,0.0,0.9230769230769231,double_edge_mismatch,True,selector v6 selected v9_support_gated via v9_depth_thermal_double_edge; raw_score delta -9.6659; adjusted score 4.2234; selection used raw RGB/LWIR/depth support gates only,True,,4.223369999999999,v9_depth_thermal_double_edge,0.0,0.0,0.0,9.665930051516352,4.387096774193548,0.9401854714064914,8.389615833759308,15.7188720703125,-8.647603750228882,v6,strict,v6 adds strict raw/depth support-gated selection for v9; aligned metrics remain evaluation-only.,187_seq473,True,v9_depth_thermal,17137,64,,0.9317578125
187_seq473,187,473,p29_v9_target_silhouette,True,phase21_fixed_rgb_canvas,phase23_crop_plus_board_residual_transform,,"[296, 103]","[280, 115]","Phase29 candidate generated from calibration files, raw RGB/LWIR/depth, Phase24 board-affine geometry, Phase25 depth projection support, and raw-only scene reliability scoring. MM5 aligned images are evaluation-only.",1.0,0.9317578125,0.9317578125,0.8768759965896606,0.6595794558525085,1.0,1.0127788323099371,0.932402083035945,0.9266459345817566,nan,0.9317578125,0.8239552121227984,1.3153951836069466,-0.5644481182098389,nan,0.9317578125,-0.7867690439750556,0.5178604948985552,p29_v9_target_silhouette,board_all_median_floor,affine,affine_lmeds,1496,5.984659671783447,7.825484275817871,"[[0.964242690293037, 0.13137386244365368, -26.99199754875218], [-0.06631033534806513, 0.9894192701549352, 24.920322865264623]]",3.5,2.0,5,True,False,7.0,3,0.045,calibration/def_stereocalib_THERM.yml,calibration/def_thermalcam_ori.yml,640x480,broad_generalization_raw_only_selection,broad,v9_target_silhouette,False,v6,v9,support-v9,strict-selected,research,full,strict,all,24.36326018099548,12.0,12.0,12.0,12.0,12.0,12.0,12.0,12.0,12.0,12.0,12.0,12.0,0,8637,3213,1.5,12.0,0,11284,3213,14438,0.046998697916666665,1.0,1.0,1.0,0.645188168309957,60.63005992871858,5110,14512,2730,1.0,0.43106617647058826,3213,0.0,0.0,0.22,3.12,0.0,0.9230769230769231,double_edge_mismatch,False,,False,v9 silhouette mode is reserved for general target-contamination scenes,10.515659999999999,v9_silhouette_block,0.0,0.0,0.0,-1.0940674030079265,0.0,1.1157650695517773,0.2915099263191223,13.223222017288208,-2.0291678309440613,v6,strict,v6 adds strict raw/depth support-gated selection for v9; aligned metrics remain evaluation-only.,187_seq473,True,v9_target_silhouette,7566,67,83.0,0.9317578125
187_seq473,187,473,p29_raw_shift_dx2p5_dy1p0_fill,True,phase21_fixed_rgb_canvas,phase23_crop_plus_board_residual_transform,,"[296, 103]","[280, 115]","Phase29 candidate generated from calibration files, raw RGB/LWIR/depth, Phase24 board-affine geometry, Phase25 depth projection support, and raw-only scene reliability scoring. MM5 aligned images are evaluation-only.",1.0,0.9331673177083334,0.9331673177083334,0.8768759965896606,0.6595794558525085,1.0,1.0127788323099371,0.932402083035945,0.9218611121177673,4.04595947265625,0.9331673177083334,1.1246106513887704,1.51350197404627,-0.4903092086315155,0.9670671224594116,0.9331673177083334,-0.41322233067391806,0.5525952046156928,p29_raw_shift_dx2p5_dy1p0_fill,board_all_median_floor,affine,affine_lmeds,1496,5.984659671783447,7.825484275817871,"[[0.964242690293037, 0.13137386244365368, -26.99199754875218], [-0.06631033534806513, 0.9894192701549352, 24.920322865264623]]",2.5,1.0,9,True,False,3.0,2,0.1,calibration/def_stereocalib_THERM.yml,calibration/def_thermalcam_ori.yml,640x480,broad_generalization_raw_only_selection,broad,raw_shift_local,False,v6,v9,support-v9,strict-selected,research,full,strict,all,23.072919855507575,13.881225824356079,1.587862491607666,26.174589157104492,5.5777668952941895,20.990739822387695,12.153322219848633,1.6211738586425781,22.685470581054688,5.296718597412109,21.0010986328125,16.080503523349762,24.619323015213013,343,7917,3213,6.3827343583106995,31.602758407592773,352,10456,3213,12940,0.04212239583333333,1.0,1.0,1.0,0.650326343563394,61.77037750812802,4423,1572,2885,0.9364037144733139,0.4735866543095459,3213,0.0,0.0,0.22,1.963998041152954,0.0,0.9230769230769231,double_edge_mismatch,False,,False,severe double-edge recovery requires wide-safe candidate grid,23.172919855507576,double_edge_block,-1.0,-1.0,2.0,0.1962729224799773,1.032258064516129,1.0,0.1381877064704895,0.6038990020751953,-0.14794200658798218,v6,strict,v6 adds strict raw/depth support-gated selection for v9; aligned metrics remain evaluation-only.,187_seq473,,,,,,
187_seq473,187,473,p29_raw_shift_dx3p5_dy1p0_fill,True,phase21_fixed_rgb_canvas,phase23_crop_plus_board_residual_transform,,"[296, 103]","[280, 115]","Phase29 candidate generated from calibration files, raw RGB/LWIR/depth, Phase24 board-affine geometry, Phase25 depth projection support, and raw-only scene reliability scoring. MM5 aligned images are evaluation-only.",1.0,0.9327799479166666,0.9327799479166666,0.8768759965896606,0.6595794558525085,1.0,1.0127788323099371,0.932402083035945,0.9268454909324646,3.4355409145355225,0.9327799479166666,1.1352641808838455,1.5268795695906276,-0.4872003495693207,0.9823867082595825,0.9327799479166666,-0.41032592374536575,0.5517916404900828,p29_raw_shift_dx3p5_dy1p0_fill,board_all_median_floor,affine,affine_lmeds,1496,5.984659671783447,7.825484275817871,"[[0.964242690293037, 0.13137386244365368, -26.99199754875218], [-0.06631033534806513, 0.9894192701549352, 24.920322865264623]]",3.5,1.0,9,True,False,3.0,2,0.1,calibration/def_stereocalib_THERM.yml,calibration/def_thermalcam_ori.yml,640x480,broad_generalization_raw_only_selection,broad,raw_shift_local,False,v6,v9,support-v9,strict-selected,research,full,strict,all,23.141546711139952,14.003262877464294,1.4998900890350342,26.506635665893555,5.267563343048096,21.09813690185547,12.217929720878601,1.5078885555267334,22.92797088623047,5.006944179534912,21.09813690185547,16.35085302591324,24.77380681037903,322,7917,3213,6.47878485918045,32.07393836975098,330,10456,3213,12940,0.04212239583333333,1.0,1.0,1.0,0.6677544785446465,62.535227805970045,4505,1572,2881,0.9373355881247651,0.4732777262897745,3213,0.0,0.0,0.22,1.9081614017486572,0.0,0.9230769230769231,double_edge_mismatch,False,,False,severe double-edge recovery requires wide-safe candidate grid,23.191546711139953,double_edge_block,0.0,-1.0,1.0,0.12764606684759983,0.967741935483871,1.0,0.07358020544052124,0.4494152069091797,-0.025904953479766846,v6,strict,v6 adds strict raw/depth support-gated selection for v9; aligned metrics remain evaluation-only.,187_seq473,,,,,,
187_seq473,187,473,p29_raw_shift_dx4p5_dy1p0_fill,True,phase21_fixed_rgb_canvas,phase23_crop_plus_board_residual_transform,,"[296, 103]","[280, 115]","Phase29 candidate generated from calibration files, raw RGB/LWIR/depth, Phase24 board-affine geometry, Phase25 depth projection support, and raw-only scene reliability scoring. MM5 aligned images are evaluation-only.",1.0,0.9323665364583333,0.9323665364583333,0.8768759965896606,0.6595794558525085,1.0,1.0127788323099371,0.932402083035945,0.9310535788536072,3.2742605209350586,0.9323665364583333,1.142293431991619,1.5392361084241466,-0.4855601489543915,1.0175278186798096,0.9323665364583333,-0.4090252686296894,0.5509336482452063,p29_raw_shift_dx4p5_dy1p0_fill,board_all_median_floor,affine,affine_lmeds,1496,5.984659671783447,7.825484275817871,"[[0.964242690293037, 0.13137386244365368, -26.99199754875218], [-0.06631033534806513, 0.9894192701549352, 24.920322865264623]]",4.5,1.0,9,True,False,3.0,2,0.1,calibration/def_stereocalib_THERM.yml,calibration/def_thermalcam_ori.yml,640x480,broad_generalization_raw_only_selection,broad,raw_shift_local,False,v6,v9,support-v9,strict-selected,research,full,strict,all,23.156397003900942,14.032763361930847,1.4428975582122803,26.622629165649414,5.182586193084717,20.94624900817871,12.214142739772797,1.4405134916305542,22.98777198791504,5.096029281616211,20.94624900817871,16.494804441928864,24.73870348930359,361,7917,3213,6.503296494483948,32.21510076522827,364,10456,3213,12940,0.04212239583333333,1.0,1.0,1.0,0.6707401749756978,63.34981523553358,4539,1572,2886,0.9340772693173294,0.4763670064874884,3213,0.0,0.0,0.22,1.8928655147552491,0.0,0.9230769230769231,double_edge_mismatch,False,,False,severe double-edge recovery requires wide-safe candidate grid,23.256397003900943,double_edge_block,1.0,-1.0,2.0,0.11279577408661012,1.067448680351906,1.0,0.07736718654632568,0.48451852798461914,0.0035955309867858887,v6,strict,v6 adds strict raw/depth support-gated selection for v9; aligned metrics remain evaluation-only.,187_seq473,,,,,,
187_seq473,187,473,p29_raw_shift_dx2p5_dy2p0_fill,True,phase21_fixed_rgb_canvas,phase23_crop_plus_board_residual_transform,,"[296, 103]","[280, 115]","Phase29 candidate generated from calibration files, raw RGB/LWIR/depth, Phase24 board-affine geometry, Phase25 depth projection support, and raw-only scene reliability scoring. MM5 aligned images are evaluation-only.",1.0,0.9321451822916667,0.9321451822916667,0.8768759965896606,0.6595794558525085,1.0,1.0127788323099371,0.932402083035945,0.9228309392929077,3.932762384414673,0.9321451822916667,1.1265920928567938,1.5157181858024957,-0.4903694987297058,0.980445384979248,0.9321451822916667,-0.41265413906386283,0.5573202131714563,p29_raw_shift_dx2p5_dy2p0_fill,board_all_median_floor,affine,affine_lmeds,1496,5.984659671783447,7.825484275817871,"[[0.964242690293037, 0.13137386244365368, -26.99199754875218], [-0.06631033534806513, 0.9894192701549352, 24.920322865264623]]",2.5,2.0,9,True,False,3.0,2,0.1,calibration/def_stereocalib_THERM.yml,calibration/def_thermalcam_ori.yml,640x480,broad_generalization_raw_only_selection,broad,raw_shift_local,False,v6,v9,support-v9,strict-selected,research,full,strict,all,23.157142751795423,13.929632842540741,1.332084059715271,26.52718162536621,5.767359256744385,21.330846786499023,12.185758590698242,1.3496818542480469,23.021835327148438,5.444369792938232,21.330846786499023,16.35085302591324,24.531553387641907,330,7917,3213,6.3767625987529755,32.35517120361328,340,10456,3213,12940,0.04212239583333333,1.0,1.0,1.0,0.6656019997222608,60.551929946402126,4424,1572,2891,0.9351686554542892,0.47420451034908867,3213,0.0,0.0,0.22,1.998124666213989,0.0,0.9230769230769231,double_edge_mismatch,False,,False,severe double-edge recovery requires wide-safe candidate grid,23.207142751795423,double_edge_block,-1.0,0.0,1.0,0.11205002619212934,0.9970674486803519,1.0,0.10575133562088013,0.6916686296463013,-0.09953498840332031,v6,strict,v6 adds strict raw/depth support-gated selection for v9; aligned metrics remain evaluation-only.,187_seq473,,,,,,
187_seq473,187,473,p29_raw_shift_dx4p5_dy2p0_fill,True,phase21_fixed_rgb_canvas,phase23_crop_plus_board_residual_transform,,"[296, 103]","[280, 115]","Phase29 candidate generated from calibration files, raw RGB/LWIR/depth, Phase24 board-affine geometry, Phase25 depth projection support, and raw-only scene reliability scoring. MM5 aligned images are evaluation-only.",1.0,0.9313444010416667,0.9313444010416667,0.8768759965896606,0.6595794558525085,1.0,1.0127788323099371,0.932402083035945,0.9335402250289917,3.4022843837738037,0.9313444010416667,1.1444992140249286,1.5424846353238653,-0.48586419224739075,0.9979179501533508,0.9313444010416667,-0.4085680859358793,0.5552240934162106,p29_raw_shift_dx4p5_dy2p0_fill,board_all_median_floor,affine,affine_lmeds,1496,5.984659671783447,7.825484275817871,"[[0.964242690293037, 0.13137386244365368, -26.99199754875218], [-0.06631033534806513, 0.9894192701549352, 24.920322865264623]]",4.5,2.0,9,True,False,3.0,2,0.1,calibration/def_stereocalib_THERM.yml,calibration/def_thermalcam_ori.yml,640x480,broad_generalization_raw_only_selection,broad,raw_shift_local,False,v6,v9,support-v9,strict-selected,research,full,strict,all,23.2003907076196,14.123168408870697,1.3622788190841675,26.884057998657227,4.9120283126831055,21.233882904052734,12.320451378822327,1.361853837966919,23.279048919677734,4.819639682769775,21.233882904052734,16.43160492181778,24.86159336566925,347,7917,3213,6.518115371465683,32.52827739715576,350,10456,3213,12940,0.04212239583333333,1.0,1.0,1.0,0.6695597833634217,62.232659711730555,4469,1572,2890,0.9353173113030416,0.476058078467717,3213,0.0,0.0,0.22,1.8441650962829588,0.0,0.9230769230769231,double_edge_mismatch,False,,False,severe double-edge recovery requires wide-safe candidate grid,23.2503907076196,double_edge_block,1.0,0.0,1.0,0.06880207036795127,1.0263929618768328,1.0,-0.028941452503204346,0.3616286516189575,0.09400057792663574,v6,strict,v6 adds strict raw/depth support-gated selection for v9; aligned metrics remain evaluation-only.,187_seq473,,,,,,
187_seq473,187,473,p29_raw_shift_dx2p5_dy3p0_fill,True,phase21_fixed_rgb_canvas,phase23_crop_plus_board_residual_transform,,"[296, 103]","[280, 115]","Phase29 candidate generated from calibration files, raw RGB/LWIR/depth, Phase24 board-affine geometry, Phase25 depth projection support, and raw-only scene reliability scoring. MM5 aligned images are evaluation-only.",1.0,0.9310774739583333,0.9310774739583333,0.8768759965896606,0.6595794558525085,1.0,1.0127788323099371,0.932402083035945,0.9231817722320557,4.070778846740723,0.9310774739583333,1.1262717108412312,1.5167640779307991,-0.49384090304374695,0.9608145356178284,0.9310774739583333,-0.415301615291657,0.562027833105313,p29_raw_shift_dx2p5_dy3p0_fill,board_all_median_floor,affine,affine_lmeds,1496,5.984659671783447,7.825484275817871,"[[0.964242690293037, 0.13137386244365368, -26.99199754875218], [-0.06631033534806513, 0.9894192701549352, 24.920322865264623]]",2.5,3.0,9,True,False,3.0,2,0.1,calibration/def_stereocalib_THERM.yml,calibration/def_thermalcam_ori.yml,640x480,broad_generalization_raw_only_selection,broad,raw_shift_local,False,v6,v9,support-v9,strict-selected,research,full,strict,all,23.272786744512917,13.997624039649963,1.3621456623077393,26.633102416992188,6.020057201385498,21.799606323242188,12.288796424865723,1.375864028930664,23.20172882080078,5.6745781898498535,21.799606323242188,16.414052069187164,25.024848461151123,306,7917,3187,6.4650397300720215,33.36705017089844,316,10456,3187,12940,0.04212239583333333,1.0,1.0,1.0,0.6647687821135954,59.369671218615935,4356,1572,2909,0.9371998870162885,0.4726598702502317,3187,0.0,0.0,0.22,2.0436102962493896,0.0,0.9230769230769231,double_edge_mismatch,False,,False,severe double-edge recovery requires wide-safe candidate grid,23.37278674451292,double_edge_block,-1.0,1.0,2.0,-0.0035939665253650332,0.9266862170087976,1.0,0.002713501453399658,0.19837355613708496,-0.0315437912940979,v6,strict,v6 adds strict raw/depth support-gated selection for v9; aligned metrics remain evaluation-only.,187_seq473,,,,,,
187_seq473,187,473,p29_raw_shift_dx3p5_dy3p0_fill,True,phase21_fixed_rgb_canvas,phase23_crop_plus_board_residual_transform,,"[296, 103]","[280, 115]","Phase29 candidate generated from calibration files, raw RGB/LWIR/depth, Phase24 board-affine geometry, Phase25 depth projection support, and raw-only scene reliability scoring. MM5 aligned images are evaluation-only.",1.0,0.9306901041666666,0.9306901041666666,0.8768759965896606,0.6595794558525085,1.0,1.0127788323099371,0.932402083035945,0.929313063621521,3.68621826171875,0.9306901041666666,1.1369289700182803,1.5315547731138113,-0.4918791949748993,0.9736371040344238,0.9306901041666666,-0.4136655644376047,0.5603696877433406,p29_raw_shift_dx3p5_dy3p0_fill,board_all_median_floor,affine,affine_lmeds,1496,5.984659671783447,7.825484275817871,"[[0.964242690293037, 0.13137386244365368, -26.99199754875218], [-0.06631033534806513, 0.9894192701549352, 24.920322865264623]]",3.5,3.0,9,True,False,3.0,2,0.1,calibration/def_stereocalib_THERM.yml,calibration/def_thermalcam_ori.yml,640x480,broad_generalization_raw_only_selection,broad,raw_shift_local,False,v6,v9,support-v9,strict-selected,research,full,strict,all,23.27187376551348,14.118980407714844,1.4978065490722656,26.740154266357422,5.333937168121338,21.86150360107422,12.414401412010193,1.4984862804412842,23.3303165435791,5.088629245758057,21.86150360107422,16.666849195957184,25.652276277542114,345,7917,3187,6.617648065090179,33.035258769989014,353,10456,3187,12940,0.04212239583333333,1.0,1.0,1.0,0.6675461741424802,60.36902041739387,4399,1572,2914,0.9346908135497795,0.47451343836886006,3187,0.0,0.0,0.22,1.9201086902618407,0.0,0.9230769230769231,double_edge_mismatch,False,,False,severe double-edge recovery requires wide-safe candidate grid,23.32187376551348,double_edge_block,0.0,1.0,1.0,-0.002680987525927492,1.035190615835777,1.0,-0.12289148569107056,-0.42905426025390625,0.08981257677078247,v6,strict,v6 adds strict raw/depth support-gated selection for v9; aligned metrics remain evaluation-only.,187_seq473,,,,,,
187_seq473,187,473,p29_raw_shift_dx4p5_dy3p0_fill,True,phase21_fixed_rgb_canvas,phase23_crop_plus_board_residual_transform,,"[296, 103]","[280, 115]","Phase29 candidate generated from calibration files, raw RGB/LWIR/depth, Phase24 board-affine geometry, Phase25 depth projection support, and raw-only scene reliability scoring. MM5 aligned images are evaluation-only.",1.0,0.9302766927083334,0.9302766927083334,0.8768759965896606,0.6595794558525085,1.0,1.0127788323099371,0.932402083035945,0.9343729615211487,3.463815212249756,0.9302766927083334,1.145145291878018,1.5437014775357865,-0.48939815163612366,0.9486325979232788,0.9302766927083334,-0.4113100704484835,0.5585325118345323,p29_raw_shift_dx4p5_dy3p0_fill,board_all_median_floor,affine,affine_lmeds,1496,5.984659671783447,7.825484275817871,"[[0.964242690293037, 0.13137386244365368, -26.99199754875218], [-0.06631033534806513, 0.9894192701549352, 24.920322865264623]]",4.5,3.0,9,True,False,3.0,2,0.1,calibration/def_stereocalib_THERM.yml,calibration/def_thermalcam_ori.yml,640x480,broad_generalization_raw_only_selection,broad,raw_shift_local,False,v6,v9,support-v9,strict-selected,research,full,strict,all,23.409377421862928,14.279646098613739,1.5718177556991577,26.98747444152832,5.169172286987305,21.73398780822754,12.530527412891388,1.5748144388198853,23.48624038696289,5.074990749359131,21.73398780822754,16.828352987766266,25.763922929763794,341,7917,3187,6.6900994181633,33.197463512420654,344,10456,3187,12940,0.04212239583333333,1.0,1.0,1.0,0.6692126093598111,61.25613942486598,4421,1572,2915,0.9357471156551919,0.4766759345072598,3187,0.0,0.0,0.22,1.890451011657715,0.0,0.9230769230769231,double_edge_mismatch,False,,False,severe double-edge recovery requires wide-safe candidate grid,23.50937742186293,double_edge_block,1.0,1.0,2.0,-0.14018464387537577,1.0087976539589443,1.0,-0.23901748657226562,-0.5407009124755859,0.25047826766967773,v6,strict,v6 adds strict raw/depth support-gated selection for v9; aligned metrics remain evaluation-only.,187_seq473,,,,,,
187_seq473,187,473,p29_raw_shift_dx3p0_dy2p0_fill,True,phase21_fixed_rgb_canvas,phase23_crop_plus_board_residual_transform,,"[296, 103]","[280, 115]","Phase29 candidate generated from calibration files, raw RGB/LWIR/depth, Phase24 board-affine geometry, Phase25 depth projection support, and raw-only scene reliability scoring. MM5 aligned images are evaluation-only.",1.0,0.9317578125,0.9317578125,0.8768759965896606,0.6595794558525085,1.0,1.0127788323099371,0.932402083035945,0.9249816536903381,3.338151216506958,0.9317578125,1.131910282051862,1.5130502377371053,-0.49162548780441284,0.9764174222946167,0.9317578125,-0.41456568051536935,0.5527887454854077,p29_raw_shift_dx3p0_dy2p0_fill,board_all_median_floor,affine,affine_lmeds,1496,5.984659671783447,7.825484275817871,"[[0.964242690293037, 0.13137386244365368, -26.99199754875218], [-0.06631033534806513, 0.9894192701549352, 24.920322865264623]]",3.0,2.0,9,True,False,3.0,2,0.1,calibration/def_stereocalib_THERM.yml,calibration/def_thermalcam_ori.yml,640x480,broad_generalization_raw_only_selection,broad,raw_shift_local,False,v6,v9,support-v9,strict-selected,research,full,strict,all,23.176149645870595,13.964254438877106,1.406530499458313,26.5219783782959,5.753973484039307,21.345775604248047,12.256420373916626,1.4186406135559082,23.094200134277344,5.424639701843262,21.345775604248047,16.586099684238434,25.211982250213623,379,7917,3213,6.5108296275138855,32.65465784072876,391,10456,3213,12940,0.04212239583333333,1.0,1.0,1.0,0.5790168032217747,64.66332110816793,4471,1572,2892,0.928691904047976,0.4735866543095459,3213,0.0,0.0,0.22,1.995715227127075,0.0,0.9230769230769231,double_edge_mismatch,False,,False,severe double-edge recovery requires wide-safe candidate grid,23.201149645870593,double_edge_block,-0.5,0.0,0.5,0.09304313211695714,1.1466275659824048,1.0,0.03508955240249634,0.011239767074584961,-0.06491339206695557,v6,strict,v6 adds strict raw/depth support-gated selection for v9; aligned metrics remain evaluation-only.,187_seq473,,,,,,
187_seq473,187,473,p29_raw_shift_dx4p0_dy2p0_fill,True,phase21_fixed_rgb_canvas,phase23_crop_plus_board_residual_transform,,"[296, 103]","[280, 115]","Phase29 candidate generated from calibration files, raw RGB/LWIR/depth, Phase24 board-affine geometry, Phase25 depth projection support, and raw-only scene reliability scoring. MM5 aligned images are evaluation-only.",1.0,0.9313444010416667,0.9313444010416667,0.8768759965896606,0.6595794558525085,1.0,1.0127788323099371,0.932402083035945,0.9302963018417358,3.145627737045288,0.9313444010416667,1.1403346009297162,1.5260804367350134,-0.48852187395095825,0.9913339614868164,0.9313444010416667,-0.41170532549791067,0.5517636814797899,p29_raw_shift_dx4p0_dy2p0_fill,board_all_median_floor,affine,affine_lmeds,1496,5.984659671783447,7.825484275817871,"[[0.964242690293037, 0.13137386244365368, -26.99199754875218], [-0.06631033534806513, 0.9894192701549352, 24.920322865264623]]",4.0,2.0,9,True,False,3.0,2,0.1,calibration/def_stereocalib_THERM.yml,calibration/def_thermalcam_ori.yml,640x480,broad_generalization_raw_only_selection,broad,raw_shift_local,False,v6,v9,support-v9,strict-selected,research,full,strict,all,23.18729710342007,14.07155978679657,1.4216439723968506,26.72147560119629,5.231700897216797,21.292219161987305,12.327379584312439,1.420464277267456,23.234294891357422,5.123187065124512,21.292219161987305,16.747600615024567,25.457401037216187,388,7917,3213,6.6085304617881775,32.609384536743164,392,10456,3213,12940,0.04212239583333333,1.0,1.0,1.0,0.5812387168448827,65.598847131327,4504,1572,2885,0.9287856071964018,0.47420451034908867,3213,0.0,0.0,0.22,1.9017061614990234,0.0,0.9230769230769231,double_edge_mismatch,False,,False,severe double-edge recovery requires wide-safe candidate grid,23.21229710342007,double_edge_block,0.5,0.0,0.5,0.08189567456748037,1.1495601173020529,1.0,-0.03586965799331665,-0.23417901992797852,0.042391955852508545,v6,strict,v6 adds strict raw/depth support-gated selection for v9; aligned metrics remain evaluation-only.,187_seq473,,,,,,
187_seq473,187,473,p29_raw_shift_dx3p5_dy1p5_fill,True,phase21_fixed_rgb_canvas,phase23_crop_plus_board_residual_transform,,"[296, 103]","[280, 115]","Phase29 candidate generated from calibration files, raw RGB/LWIR/depth, Phase24 board-affine geometry, Phase25 depth projection support, and raw-only scene reliability scoring. MM5 aligned images are evaluation-only.",1.0,0.9327799479166666,0.9327799479166666,0.8768759965896606,0.6595794558525085,1.0,1.0127788323099371,0.932402083035945,0.9290052056312561,4.6349406242370605,0.9327799479166666,1.1314963481290288,1.5353385749546324,-0.4850988984107971,0.9536274075508118,0.9327799479166666,-0.40709539034006664,0.5581684834402358,p29_raw_shift_dx3p5_dy1p5_fill,board_all_median_floor,affine,affine_lmeds,1496,5.984659671783447,7.825484275817871,"[[0.964242690293037, 0.13137386244365368, -26.99199754875218], [-0.06631033534806513, 0.9894192701549352, 24.920322865264623]]",3.5,1.5,9,True,False,3.0,2,0.1,calibration/def_stereocalib_THERM.yml,calibration/def_thermalcam_ori.yml,640x480,broad_generalization_raw_only_selection,broad,raw_shift_local,False,v6,v9,support-v9,strict-selected,research,full,strict,all,20.339307173625905,11.28359830379486,1.5554187297821045,21.011777877807617,4.890030384063721,16.88894271850586,9.99791967868805,1.5627129077911377,18.43312644958496,4.680030345916748,16.88894271850586,12.643206655979156,22.79429030418396,414,7917,3213,5.4842512011528015,27.97199058532715,422,10456,3213,12940,0.04212239583333333,1.0,1.0,1.0,0.6517844743785586,59.39878529388542,4515,1572,2906,0.9248246844319775,0.4717330861909175,3213,0.0,0.0,0.22,1.8402054691314698,0.0,0.9230769230769231,double_edge_mismatch,False,,False,severe double-edge recovery requires wide-safe candidate grid,20.364307173625903,double_edge_block,0.0,-0.5,0.5,2.9298856043616475,1.2375366568914956,1.0,2.293590247631073,2.428931713104248,-2.7455695271492004,v6,strict,v6 adds strict raw/depth support-gated selection for v9; aligned metrics remain evaluation-only.,187_seq473,,,,,,
187_seq473,187,473,p29_raw_shift_dx3p5_dy2p5_fill,True,phase21_fixed_rgb_canvas,phase23_crop_plus_board_residual_transform,,"[296, 103]","[280, 115]","Phase29 candidate generated from calibration files, raw RGB/LWIR/depth, Phase24 board-affine geometry, Phase25 depth projection support, and raw-only scene reliability scoring. MM5 aligned images are evaluation-only.",1.0,0.9317578125,0.9317578125,0.8768759965896606,0.6595794558525085,1.0,1.0127788323099371,0.932402083035945,0.9301401376724243,3.928318738937378,0.9317578125,1.1374504160473027,1.5392012720566841,-0.48825767636299133,0.9567111730575562,0.9317578125,-0.4095580416007641,0.562932678670484,p29_raw_shift_dx3p5_dy2p5_fill,board_all_median_floor,affine,affine_lmeds,1496,5.984659671783447,7.825484275817871,"[[0.964242690293037, 0.13137386244365368, -26.99199754875218], [-0.06631033534806513, 0.9894192701549352, 24.920322865264623]]",3.5,2.5,9,True,False,3.0,2,0.1,calibration/def_stereocalib_THERM.yml,calibration/def_thermalcam_ori.yml,640x480,broad_generalization_raw_only_selection,broad,raw_shift_local,False,v6,v9,support-v9,strict-selected,research,full,strict,all,20.80536213058288,11.697898983955383,1.7047159671783447,21.691082000732422,5.06856632232666,17.279170989990234,10.38857513666153,1.7112170457839966,19.065933227539062,4.875962734222412,17.279170989990234,12.990799963474274,23.513351678848267,386,7917,3213,5.68766176700592,28.44985818862915,393,10456,3213,12940,0.04212239583333333,1.0,1.0,1.0,0.6513678655742258,58.24379484414817,4462,1572,2918,0.9309795841917962,0.4717330861909175,3213,0.0,0.0,0.22,1.8723419380187987,0.0,0.9230769230769231,double_edge_mismatch,False,,False,severe double-edge recovery requires wide-safe candidate grid,20.830362130582877,double_edge_block,0.0,0.5,0.5,2.4638306474046736,1.152492668621701,1.0,1.9029347896575928,1.7098703384399414,-2.331268846988678,v6,strict,v6 adds strict raw/depth support-gated selection for v9; aligned metrics remain evaluation-only.,187_seq473,,,,,,
200_seq486,200,486,p29_baseline,True,phase21_fixed_rgb_canvas,phase24_affine_lwir_subpixel_shift_depth_fill_then_morph_close,,"[296, 103]","[280, 115]","Phase29 candidate generated from calibration files, raw RGB/LWIR/depth, Phase24 board-affine geometry, Phase25 depth projection support, and raw-only scene reliability scoring. MM5 aligned images are evaluation-only.",1.0,0.9317578125,0.9317578125,0.8539818525314331,0.9321894645690918,1.0,1.0124220752791435,1.0935557302341659,0.9276458621025085,2.7089622020721436,0.9317578125,1.1138908651558324,1.349991841771711,-0.5020509362220764,1.1655993461608887,0.9317578125,-0.4291732240296289,0.5324753884627524,p29_baseline,board_all_median_floor,affine,affine_lmeds,1496,5.984659671783447,7.825484275817871,"[[0.964242690293037, 0.13137386244365368, -26.99199754875218], [-0.06631033534806513, 0.9894192701549352, 24.920322865264623]]",3.5,2.0,9,True,False,3.0,2,0.1,calibration/def_stereocalib_THERM.yml,calibration/def_thermalcam_ori.yml,640x480,broad_generalization_raw_only_selection,broad,baseline,False,v6,v9,support-v9,strict-selected,research,full,strict,all,16.748944237001496,8.675744652748108,2.4244282245635986,14.927061080932617,13.553373336791992,11.692127227783203,7.2672693729400635,2.509978771209717,12.02455997467041,13.630284309387207,11.703720092773438,9.86001455783844,14.855152368545532,294,2804,1043,3.6222633719444275,25.01010227203369,305,4528,1043,5672,0.018463541666666666,1.0,1.0,1.0,0.4890075376884422,92.30220710849102,1908,696,1314,0.9203614204664845,0.46975806451612906,1043,0.0,0.0,0.0,3.095370178222656,0.0,0.9230769230769231,double_edge_mismatch,True,selector v6 retained baseline; best raw improvement 0.1992; safety filters rejected candidates (p29_depth_conservative: depth/reflection/edge guard candidates are diagnostic-only by default; p29_reflection_guard: depth/reflection/edge guard candidates are diagnostic-only by default; p29_small_target_guard: raw improvement 0.1992 is below 0.6500; +18 more rejected),True,,16.748944237001496,v6_baseline,0.0,0.0,0.0,0.0,1.0,1.0,0.0,0.0,0.0,v6,strict,v6 baseline row; aligned metrics are not used for selection.,200_seq486,,,,,,
200_seq486,200,486,p29_depth_conservative,True,phase21_fixed_rgb_canvas,phase23_crop_plus_board_residual_transform,,"[296, 103]","[280, 115]","Phase29 candidate generated from calibration files, raw RGB/LWIR/depth, Phase24 board-affine geometry, Phase25 depth projection support, and raw-only scene reliability scoring. MM5 aligned images are evaluation-only.",1.0,0.9317578125,0.9317578125,0.8539818525314331,0.9321894645690918,1.0,1.0124220752791435,1.0935557302341659,0.9256283640861511,6.422902584075928,0.9317578125,1.0888726725837374,1.345211493346946,-0.5028932094573975,1.1217920780181885,0.9317578125,-0.43080425729878946,0.5254646975114474,p29_depth_conservative,board_all_median_floor,affine,affine_lmeds,1496,5.984659671783447,7.825484275817871,"[[0.964242690293037, 0.13137386244365368, -26.99199754875218], [-0.06631033534806513, 0.9894192701549352, 24.920322865264623]]",3.5,2.0,9,False,False,4.0,3,0.075,calibration/def_stereocalib_THERM.yml,calibration/def_thermalcam_ori.yml,640x480,broad_generalization_raw_only_selection,broad,depth_conservative,False,v6,v9,support-v9,strict-selected,research,full,strict,all,16.559264798960456,8.444100022315979,2.4244282245635986,14.46377182006836,13.553373336791992,11.692127227783203,7.529435753822327,3.158144235610962,11.900727272033691,13.750100135803223,11.7931547164917,9.950249910354614,15.185199975967407,276,2573,1043,3.210964262485504,25.422999382019043,305,4281,1043,5336,0.017369791666666665,1.0,1.0,1.0,0.4890075376884422,92.30220710849102,1908,1032,1310,0.9160017730496454,0.47209145931405516,1043,0.0,0.0,0.0,3.095370178222656,0.0,0.9230769230769231,double_edge_mismatch,False,,False,depth/reflection/edge guard candidates are diagnostic-only by default,16.559264798960456,diagnostic_guard_block,0.0,0.0,0.0,0.18967943804103982,1.0,0.9407616361071932,-0.2621663808822632,-0.330047607421875,-0.2316446304321289,v6,strict,v6 adds strict raw/depth support-gated selection for v9; aligned metrics remain evaluation-only.,200_seq486,,,,,,
200_seq486,200,486,p29_reflection_guard,True,phase21_fixed_rgb_canvas,phase23_crop_plus_board_residual_transform,,"[296, 103]","[280, 115]","Phase29 candidate generated from calibration files, raw RGB/LWIR/depth, Phase24 board-affine geometry, Phase25 depth projection support, and raw-only scene reliability scoring. MM5 aligned images are evaluation-only.",1.0,0.9317578125,0.9317578125,0.8539818525314331,0.9321894645690918,1.0,1.0124220752791435,1.0935557302341659,0.9256283640861511,6.422902584075928,0.9317578125,1.0888726725837374,1.345211493346946,-0.5028932094573975,1.1217920780181885,0.9317578125,-0.43080425729878946,0.5254646975114474,p29_reflection_guard,board_all_median_floor,affine,affine_lmeds,1496,5.984659671783447,7.825484275817871,"[[0.964242690293037, 0.13137386244365368, -26.99199754875218], [-0.06631033534806513, 0.9894192701549352, 24.920322865264623]]",3.5,2.0,9,False,False,4.5,3,0.055,calibration/def_stereocalib_THERM.yml,calibration/def_thermalcam_ori.yml,640x480,broad_generalization_raw_only_selection,broad,reflection_guard,False,v6,v9,support-v9,strict-selected,research,full,strict,all,16.601257031910574,8.444100022315979,2.4244282245635986,14.46377182006836,13.553373336791992,11.692127227783203,7.529435753822327,3.158144235610962,11.900727272033691,13.750100135803223,11.7931547164917,9.950249910354614,15.185199975967407,276,2573,1043,3.210964262485504,25.422999382019043,305,4281,1043,5336,0.017369791666666665,1.0,1.0,1.0,0.4890075376884422,92.30220710849102,1908,1032,1349,0.9160017730496454,0.48677248677248675,1043,0.0,0.0,0.0,3.095370178222656,0.0,0.9230769230769231,double_edge_mismatch,False,,False,depth/reflection/edge guard candidates are diagnostic-only by default,16.601257031910574,diagnostic_guard_block,0.0,0.0,0.0,0.14768720509092148,1.0,0.9407616361071932,-0.2621663808822632,-0.330047607421875,-0.2316446304321289,v6,strict,v6 adds strict raw/depth support-gated selection for v9; aligned metrics remain evaluation-only.,200_seq486,,,,,,
200_seq486,200,486,p29_small_target_guard,True,phase21_fixed_rgb_canvas,phase23_crop_plus_board_residual_transform,,"[296, 103]","[280, 115]","Phase29 candidate generated from calibration files, raw RGB/LWIR/depth, Phase24 board-affine geometry, Phase25 depth projection support, and raw-only scene reliability scoring. MM5 aligned images are evaluation-only.",1.0,0.9317578125,0.9317578125,0.8539818525314331,0.9321894645690918,1.0,1.0124220752791435,1.0935557302341659,0.9251905679702759,3.197725534439087,0.9317578125,1.1070986538799326,1.3406295941086088,-0.4856834411621094,1.0689750909805298,0.9317578125,-0.4144673963959012,0.5175326354139425,p29_small_target_guard,board_all_median_floor,affine,affine_lmeds,1496,5.984659671783447,7.825484275817871,"[[0.964242690293037, 0.13137386244365368, -26.99199754875218], [-0.06631033534806513, 0.9894192701549352, 24.920322865264623]]",3.5,2.0,5,True,False,3.0,2,0.065,calibration/def_stereocalib_THERM.yml,calibration/def_thermalcam_ori.yml,640x480,broad_generalization_raw_only_selection,broad,small_target_guard,False,v6,v9,support-v9,strict-selected,research,full,strict,all,16.549742731723487,8.543680906295776,2.3405070304870605,14.746854782104492,12.51465129852295,11.224571228027344,7.081075310707092,2.419351816177368,11.742798805236816,12.52813720703125,11.226738929748535,9.550000309944153,14.86252498626709,319,2804,1043,3.6782368421554565,24.612302780151367,328,4528,1043,5672,0.018463541666666666,1.0,1.0,1.0,0.4907349246231156,92.23126549014452,1917,696,1303,0.910272536687631,0.46975806451612906,1043,0.0,0.0,0.0,3.057965698242188,0.0,0.9230769230769231,double_edge_mismatch,False,,False,raw improvement 0.1992 is below 0.6500,16.769742731723486,small_target_guard_block,0.0,0.0,0.0,0.19920150527800828,1.0754098360655737,1.0,0.1861940622329712,-0.007372617721557617,-0.13206374645233154,v6,strict,v6 adds strict raw/depth support-gated selection for v9; aligned metrics remain evaluation-only.,200_seq486,,,,,,
200_seq486,200,486,p29_edge_contamination_guard,True,phase21_fixed_rgb_canvas,phase23_crop_plus_board_residual_transform,,"[296, 103]","[280, 115]","Phase29 candidate generated from calibration files, raw RGB/LWIR/depth, Phase24 board-affine geometry, Phase25 depth projection support, and raw-only scene reliability scoring. MM5 aligned images are evaluation-only.",1.0,0.9317578125,0.9317578125,0.8539818525314331,0.9321894645690918,1.0,1.0124220752791435,1.0935557302341659,0.9256283640861511,6.422902584075928,0.9317578125,1.0888726725837374,1.345211493346946,-0.5028932094573975,1.1217920780181885,0.9317578125,-0.43080425729878946,0.5254646975114474,p29_edge_contamination_guard,board_all_median_floor,affine,affine_lmeds,1496,5.984659671783447,7.825484275817871,"[[0.964242690293037, 0.13137386244365368, -26.99199754875218], [-0.06631033534806513, 0.9894192701549352, 24.920322865264623]]",3.5,2.0,9,False,False,4.0,3,0.08,calibration/def_stereocalib_THERM.yml,calibration/def_thermalcam_ori.yml,640x480,broad_generalization_raw_only_selection,broad,edge_contamination_guard,False,v6,v9,support-v9,strict-selected,research,full,strict,all,16.559264798960456,8.444100022315979,2.4244282245635986,14.46377182006836,13.553373336791992,11.692127227783203,7.529435753822327,3.158144235610962,11.900727272033691,13.750100135803223,11.7931547164917,9.950249910354614,15.185199975967407,276,2573,1043,3.210964262485504,25.422999382019043,305,4281,1043,5336,0.017369791666666665,1.0,1.0,1.0,0.4890075376884422,92.30220710849102,1908,1032,1310,0.9160017730496454,0.47209145931405516,1043,0.0,0.0,0.0,3.095370178222656,0.0,0.9230769230769231,double_edge_mismatch,False,,False,depth/reflection/edge guard candidates are diagnostic-only by default,16.559264798960456,diagnostic_guard_block,0.0,0.0,0.0,0.18967943804103982,1.0,0.9407616361071932,-0.2621663808822632,-0.330047607421875,-0.2316446304321289,v6,strict,v6 adds strict raw/depth support-gated selection for v9; aligned metrics remain evaluation-only.,200_seq486,,,,,,
200_seq486,200,486,p29_v9_support_gated,True,phase21_fixed_rgb_canvas,phase23_crop_plus_board_residual_transform,,"[296, 103]","[280, 115]","Phase29 candidate generated from calibration files, raw RGB/LWIR/depth, Phase24 board-affine geometry, Phase25 depth projection support, and raw-only scene reliability scoring. MM5 aligned images are evaluation-only.",1.0,0.9317578125,0.9317578125,0.8539818525314331,0.9321894645690918,1.0,1.0124220752791435,1.0935557302341659,0.9014723300933838,1.368710994720459,0.9317578125,1.081145837062596,1.252571819583567,-0.4478888511657715,1.2332905530929565,0.9317578125,-0.37931489628812864,0.506491321308004,p29_v9_support_gated,board_all_median_floor,affine,affine_lmeds,1496,5.984659671783447,7.825484275817871,"[[0.964242690293037, 0.13137386244365368, -26.99199754875218], [-0.06631033534806513, 0.9894192701549352, 24.920322865264623]]",3.5,2.0,5,True,False,7.0,3,0.075,calibration/def_stereocalib_THERM.yml,calibration/def_thermalcam_ori.yml,640x480,broad_generalization_raw_only_selection,broad,v9_support_gated,False,v6,v9,support-v9,strict-selected,research,full,strict,all,17.142103884817757,8.78689444065094,2.847625970840454,14.726162910461426,13.679425239562988,11.694151878356934,7.652987837791443,3.3233163356781006,11.982659339904785,13.688234329223633,11.703948020935059,10.276079654693604,15.178879499435425,287,2573,1043,3.4286264777183533,25.46969223022461,289,4281,1043,5336,0.017369791666666665,1.0,1.0,1.0,0.4907349246231156,92.23126549014452,1917,1032,1489,0.9331414655744964,0.545625,1043,0.0,0.0,0.0,3.095532150268555,0.0,0.9230769230769231,double_edge_mismatch,False,,False,v9 support-gated mode is reserved for reflection/background scenes,10.217789999999999,v9_reflection_block,0.0,0.0,0.0,-0.3931596478162618,0.9475409836065574,0.9407616361071932,-0.3857184648513794,-0.3237271308898926,0.11114978790283203,v6,strict,v6 adds strict raw/depth support-gated selection for v9; aligned metrics remain evaluation-only.,200_seq486,True,v9_support_gated,7979,81,,0.9317578125
200_seq486,200,486,p29_v9_support_gated_tight,True,phase21_fixed_rgb_canvas,phase23_crop_plus_board_residual_transform,,"[296, 103]","[280, 115]","Phase29 candidate generated from calibration files, raw RGB/LWIR/depth, Phase24 board-affine geometry, Phase25 depth projection support, and raw-only scene reliability scoring. MM5 aligned images are evaluation-only.",1.0,0.9317578125,0.9317578125,0.8539818525314331,0.9321894645690918,1.0,1.0124220752791435,1.0935557302341659,0.9034738540649414,1.3574018478393555,0.9317578125,1.0825123719827392,1.2478861933655594,-0.4514337480068207,1.1727206707000732,0.9317578125,-0.38221506482238116,0.5083667147242668,p29_v9_support_gated_tight,board_all_median_floor,affine,affine_lmeds,1496,5.984659671783447,7.825484275817871,"[[0.964242690293037, 0.13137386244365368, -26.99199754875218], [-0.06631033534806513, 0.9894192701549352, 24.920322865264623]]",3.5,2.0,5,True,False,8.0,4,0.055,calibration/def_stereocalib_THERM.yml,calibration/def_thermalcam_ori.yml,640x480,broad_generalization_raw_only_selection,broad,v9_support_gated_tight,False,v6,v9,support-v9,strict-selected,research,full,strict,all,17.106780528039366,8.723549365997314,2.8998498916625977,14.547248840332031,13.061610221862793,11.810343742370605,7.759973526000977,3.765188217163086,11.754758834838867,13.061610221862793,11.810343742370605,10.810449838638306,15.597391128540039,298,2368,1043,3.3629236221313477,26.520891189575195,298,4018,1043,5008,0.01630208333333333,1.0,1.0,1.0,0.4905778894472362,92.16840061092391,1921,1360,1490,0.9254396248534584,0.5332918481642813,1043,0.0,0.0,0.0,3.1048274993896485,0.0,0.9230769230769231,double_edge_mismatch,False,,False,v9 support candidate mode is diagnostic-only unless a dedicated raw/depth gate allows it,10.225330000000001,v9_mode_block,0.0,0.0,0.0,-0.35783629103787007,0.9770491803278688,0.8829337094499294,-0.4927041530609131,-0.7422387599945068,0.04780471324920654,v6,strict,v6 adds strict raw/depth support-gated selection for v9; aligned metrics remain evaluation-only.,200_seq486,True,v9_support_gated_tight,6933,80,,0.9317578125
200_seq486,200,486,p29_v9_target_only,True,phase21_fixed_rgb_canvas,phase23_crop_plus_board_residual_transform,,"[296, 103]","[280, 115]","Phase29 candidate generated from calibration files, raw RGB/LWIR/depth, Phase24 board-affine geometry, Phase25 depth projection support, and raw-only scene reliability scoring. MM5 aligned images are evaluation-only.",1.0,0.9317578125,0.9317578125,0.8539818525314331,0.9321894645690918,1.0,1.0124220752791435,1.0935557302341659,0.940621554851532,1.5908468961715698,0.9317578125,1.1184373324782857,1.2490723933585546,-0.519218385219574,1.1742653846740723,0.9317578125,-0.4510614142242131,0.5013504220227021,p29_v9_target_only,board_all_median_floor,affine,affine_lmeds,1496,5.984659671783447,7.825484275817871,"[[0.964242690293037, 0.13137386244365368, -26.99199754875218], [-0.06631033534806513, 0.9894192701549352, 24.920322865264623]]",3.5,2.0,5,True,False,8.0,4,0.045,calibration/def_stereocalib_THERM.yml,calibration/def_thermalcam_ori.yml,640x480,broad_generalization_raw_only_selection,broad,v9_target_only,False,v6,v9,support-v9,strict-selected,research,full,strict,all,17.005685660479084,9.200681686401367,2.3986778259277344,16.002685546875,8.82020378112793,12.778141021728516,7.211980104446411,2.4227051734924316,12.00125503540039,8.78854751586914,12.794743537902832,9.624431729316711,14.676100015640259,220,2368,1043,4.157726585865021,23.917107582092285,223,4018,1043,5008,0.01630208333333333,1.0,1.0,1.0,0.5040829145728644,92.13275076084723,2007,1360,1467,0.9282479141835518,0.5196017423771002,1043,0.0,0.0,0.0,2.547636680603027,0.0,0.9230769230769231,double_edge_mismatch,False,,False,v9 target-only mode is reserved for general weak-target scenes,10.03972,v9_target_only_block,0.0,0.0,0.0,-0.2567414234775889,0.7311475409836066,0.8829337094499294,0.055289268493652344,0.17905235290527344,0.5249370336532593,v6,strict,v6 adds strict raw/depth support-gated selection for v9; aligned metrics remain evaluation-only.,200_seq486,True,v9_target_only,3372,81,,0.9317578125
200_seq486,200,486,p29_v9_depth_thermal,True,phase21_fixed_rgb_canvas,phase23_crop_plus_board_residual_transform,,"[296, 103]","[280, 115]","Phase29 candidate generated from calibration files, raw RGB/LWIR/depth, Phase24 board-affine geometry, Phase25 depth projection support, and raw-only scene reliability scoring. MM5 aligned images are evaluation-only.",1.0,0.9317578125,0.9317578125,0.8539818525314331,0.9321894645690918,1.0,1.0124220752791435,1.0935557302341659,0.9027690291404724,1.3789674043655396,0.9317578125,1.082887021722709,1.2559453133895317,-0.45002198219299316,1.192882776260376,0.9317578125,-0.38126075210282573,0.5061235116515314,p29_v9_depth_thermal,board_all_median_floor,affine,affine_lmeds,1496,5.984659671783447,7.825484275817871,"[[0.964242690293037, 0.13137386244365368, -26.99199754875218], [-0.06631033534806513, 0.9894192701549352, 24.920322865264623]]",3.5,2.0,5,True,False,7.0,3,0.065,calibration/def_stereocalib_THERM.yml,calibration/def_thermalcam_ori.yml,640x480,broad_generalization_raw_only_selection,broad,v9_depth_thermal,False,v6,v9,support-v9,strict-selected,research,full,strict,all,17.232369221957963,8.873842358589172,2.848572015762329,14.899112701416016,13.817806243896484,11.816051483154297,7.71307098865509,3.350407838821411,12.07573413848877,13.817806243896484,11.816051483154297,10.234650373458862,15.27999997138977,277,2573,1043,3.4807713627815247,25.799022674560547,277,4281,1043,5336,0.017369791666666665,1.0,1.0,1.0,0.4905778894472362,92.23006531867406,1916,1032,1482,0.9351975144252108,0.54,1043,0.0,0.0,0.0,3.105284118652344,0.0,0.9230769230769231,double_edge_mismatch,False,,False,v9 depth-thermal gate raw score is not high enough,10.189950000000001,v9_depth_thermal_block,0.0,0.0,0.0,-0.4834249849564678,0.9081967213114754,0.9407616361071932,-0.44580161571502686,-0.4248476028442383,0.19809770584106445,v6,strict,v6 adds strict raw/depth support-gated selection for v9; aligned metrics remain evaluation-only.,200_seq486,True,v9_depth_thermal,7595,81,,0.9317578125
200_seq486,200,486,p29_v9_target_silhouette,True,phase21_fixed_rgb_canvas,phase23_crop_plus_board_residual_transform,,"[296, 103]","[280, 115]","Phase29 candidate generated from calibration files, raw RGB/LWIR/depth, Phase24 board-affine geometry, Phase25 depth projection support, and raw-only scene reliability scoring. MM5 aligned images are evaluation-only.",1.0,0.9317578125,0.9317578125,0.8539818525314331,0.9321894645690918,1.0,1.0124220752791435,1.0935557302341659,0.9520843029022217,1.7871131896972656,0.9317578125,1.127093574625088,1.2382130057403338,-0.5256561040878296,0.9935928583145142,0.9317578125,-0.45871585272888427,0.4860120567255495,p29_v9_target_silhouette,board_all_median_floor,affine,affine_lmeds,1496,5.984659671783447,7.825484275817871,"[[0.964242690293037, 0.13137386244365368, -26.99199754875218], [-0.06631033534806513, 0.9894192701549352, 24.920322865264623]]",3.5,2.0,5,True,False,7.0,3,0.045,calibration/def_stereocalib_THERM.yml,calibration/def_thermalcam_ori.yml,640x480,broad_generalization_raw_only_selection,broad,v9_target_silhouette,False,v6,v9,support-v9,strict-selected,research,full,strict,all,20.241816481330698,11.941367149353027,2.110849380493164,21.77188491821289,11.439362525939941,16.834285736083984,8.99172067642212,2.110849380493164,15.872591972351074,11.439362525939941,16.834285736083984,11.558300137519836,15.504701852798462,146,2573,1043,5.325821936130524,23.694167137145996,146,4281,1043,5336,0.017369791666666665,1.0,1.0,1.0,0.4998429648241206,91.92376671019949,2023,1032,1467,0.960145752675928,0.52,1043,0.0,0.0,0.0,3.0190852546691893,0.0,0.9230769230769231,double_edge_mismatch,False,,False,v9 silhouette mode is reserved for general target-contamination scenes,10.18172,v9_silhouette_block,0.0,0.0,0.0,-3.4928722443292024,0.4786885245901639,0.9407616361071932,-1.7244513034820557,-0.6495494842529297,3.2656224966049194,v6,strict,v6 adds strict raw/depth support-gated selection for v9; aligned metrics remain evaluation-only.,200_seq486,True,v9_target_silhouette,3372,81,86.0,0.9317578125
200_seq486,200,486,p29_raw_shift_dx2p5_dy1p0_fill,True,phase21_fixed_rgb_canvas,phase23_crop_plus_board_residual_transform,,"[296, 103]","[280, 115]","Phase29 candidate generated from calibration files, raw RGB/LWIR/depth, Phase24 board-affine geometry, Phase25 depth projection support, and raw-only scene reliability scoring. MM5 aligned images are evaluation-only.",1.0,0.9331673177083334,0.9331673177083334,0.8539818525314331,0.9321894645690918,1.0,1.0124220752791435,1.0935557302341659,0.9221620559692383,3.2006099224090576,0.9331673177083334,1.103995192654014,1.3402453081281993,-0.5029201507568359,1.2296139001846313,0.9331673177083334,-0.43047571025384085,0.5321474926940192,p29_raw_shift_dx2p5_dy1p0_fill,board_all_median_floor,affine,affine_lmeds,1496,5.984659671783447,7.825484275817871,"[[0.964242690293037, 0.13137386244365368, -26.99199754875218], [-0.06631033534806513, 0.9894192701549352, 24.920322865264623]]",2.5,1.0,9,True,False,3.0,2,0.1,calibration/def_stereocalib_THERM.yml,calibration/def_thermalcam_ori.yml,640x480,broad_generalization_raw_only_selection,broad,raw_shift_local,False,v6,v9,support-v9,strict-selected,research,full,strict,all,16.879556685760367,8.825639963150024,2.543038845062256,15.108241081237793,13.281437873840332,12.08042049407959,7.549565672874451,2.7603490352630615,12.33878231048584,13.353799819946289,12.17837142944336,10.441800236701965,15.302812576293945,268,2804,1043,3.60177743434906,24.85491371154785,293,4528,1043,5672,0.018463541666666666,1.0,1.0,1.0,0.4904208542713568,92.60095978423907,1916,696,1274,0.9176148335440371,0.459005376344086,1043,0.0,0.0,0.0,3.12,0.0,0.9230769230769231,double_edge_mismatch,False,,False,raw improvement -0.1306 is below 0.6000,16.979556685760368,generic_block,-1.0,-1.0,2.0,-0.13061244875887112,0.9606557377049181,1.0,-0.2822962999343872,-0.4476602077484131,0.1498953104019165,v6,strict,v6 adds strict raw/depth support-gated selection for v9; aligned metrics remain evaluation-only.,200_seq486,,,,,,
200_seq486,200,486,p29_raw_shift_dx3p5_dy1p0_fill,True,phase21_fixed_rgb_canvas,phase23_crop_plus_board_residual_transform,,"[296, 103]","[280, 115]","Phase29 candidate generated from calibration files, raw RGB/LWIR/depth, Phase24 board-affine geometry, Phase25 depth projection support, and raw-only scene reliability scoring. MM5 aligned images are evaluation-only.",1.0,0.9327799479166666,0.9327799479166666,0.8539818525314331,0.9321894645690918,1.0,1.0124220752791435,1.0935557302341659,0.9242961406707764,3.0144894123077393,0.9327799479166666,1.1089578881231992,1.3516578928417953,-0.5014899969100952,1.2033361196517944,0.9327799479166666,-0.429145238959451,0.5304318311236998,p29_raw_shift_dx3p5_dy1p0_fill,board_all_median_floor,affine,affine_lmeds,1496,5.984659671783447,7.825484275817871,"[[0.964242690293037, 0.13137386244365368, -26.99199754875218], [-0.06631033534806513, 0.9894192701549352, 24.920322865264623]]",3.5,1.0,9,True,False,3.0,2,0.1,calibration/def_stereocalib_THERM.yml,calibration/def_thermalcam_ori.yml,640x480,broad_generalization_raw_only_selection,broad,raw_shift_local,False,v6,v9,support-v9,strict-selected,research,full,strict,all,16.74575166020463,8.710948705673218,2.546865940093994,14.875031471252441,12.863563537597656,11.457087516784668,7.3152313232421875,2.636209487915039,11.994253158569336,12.910396575927734,11.468680381774902,10.125800251960754,15.062302350997925,282,2804,1043,3.6612929701805115,23.943093299865723,292,4528,1043,5672,0.018463541666666666,1.0,1.0,1.0,0.4956030150753769,91.4672298121758,1932,696,1295,0.919409282700422,0.4643817204301075,1043,0.0,0.0,0.0,3.0765670013427737,0.0,0.9230769230769231,double_edge_mismatch,False,,False,raw improvement 0.0032 is below 0.6000,16.79575166020463,generic_block,0.0,-1.0,1.0,0.0031925767968665753,0.9573770491803278,1.0,-0.04796195030212402,-0.20714998245239258,0.03520405292510986,v6,strict,v6 adds strict raw/depth support-gated selection for v9; aligned metrics remain evaluation-only.,200_seq486,,,,,,
200_seq486,200,486,p29_raw_shift_dx4p5_dy1p0_fill,True,phase21_fixed_rgb_canvas,phase23_crop_plus_board_residual_transform,,"[296, 103]","[280, 115]","Phase29 candidate generated from calibration files, raw RGB/LWIR/depth, Phase24 board-affine geometry, Phase25 depth projection support, and raw-only scene reliability scoring. MM5 aligned images are evaluation-only.",1.0,0.9323665364583333,0.9323665364583333,0.8539818525314331,0.9321894645690918,1.0,1.0124220752791435,1.0935557302341659,0.9252952337265015,2.6604793071746826,0.9323665364583333,1.1139912879279368,1.3643928669632222,-0.5000311732292175,1.1092597246170044,0.9323665364583333,-0.4273839996233135,0.528684879690707,p29_raw_shift_dx4p5_dy1p0_fill,board_all_median_floor,affine,affine_lmeds,1496,5.984659671783447,7.825484275817871,"[[0.964242690293037, 0.13137386244365368, -26.99199754875218], [-0.06631033534806513, 0.9894192701549352, 24.920322865264623]]",4.5,1.0,9,True,False,3.0,2,0.1,calibration/def_stereocalib_THERM.yml,calibration/def_thermalcam_ori.yml,640x480,broad_generalization_raw_only_selection,broad,raw_shift_local,False,v6,v9,support-v9,strict-selected,research,full,strict,all,16.622936382324934,8.620826482772827,2.6560330390930176,14.585619926452637,12.90398120880127,10.802009582519531,7.173510551452637,2.6671152114868164,11.679905891418457,12.90398120880127,10.802009582519531,10.02750027179718,14.801090240478516,294,2804,1043,3.6475884914398193,23.990497589111328,294,4528,1043,5672,0.018463541666666666,1.0,1.0,1.0,0.4948178391959799,90.87731398883415,1915,696,1318,0.9174563065908612,0.4731182795698925,1043,0.0,0.0,0.0,3.024160766601563,0.0,0.9230769230769231,double_edge_mismatch,False,,False,raw improvement 0.1260 is below 0.6000,16.722936382324935,generic_block,1.0,-1.0,2.0,0.12600785467656195,0.9639344262295082,1.0,0.09375882148742676,0.0540621280670166,-0.05491816997528076,v6,strict,v6 adds strict raw/depth support-gated selection for v9; aligned metrics remain evaluation-only.,200_seq486,,,,,,
200_seq486,200,486,p29_raw_shift_dx2p5_dy2p0_fill,True,phase21_fixed_rgb_canvas,phase23_crop_plus_board_residual_transform,,"[296, 103]","[280, 115]","Phase29 candidate generated from calibration files, raw RGB/LWIR/depth, Phase24 board-affine geometry, Phase25 depth projection support, and raw-only scene reliability scoring. MM5 aligned images are evaluation-only.",1.0,0.9321451822916667,0.9321451822916667,0.8539818525314331,0.9321894645690918,1.0,1.0124220752791435,1.0935557302341659,0.925213098526001,3.060762405395508,0.9321451822916667,1.1076843170171822,1.3389052861570283,-0.5025394558906555,1.1878769397735596,0.9321451822916667,-0.42950279754260856,0.5344261332445888,p29_raw_shift_dx2p5_dy2p0_fill,board_all_median_floor,affine,affine_lmeds,1496,5.984659671783447,7.825484275817871,"[[0.964242690293037, 0.13137386244365368, -26.99199754875218], [-0.06631033534806513, 0.9894192701549352, 24.920322865264623]]",2.5,2.0,9,True,False,3.0,2,0.1,calibration/def_stereocalib_THERM.yml,calibration/def_thermalcam_ori.yml,640x480,broad_generalization_raw_only_selection,broad,raw_shift_local,False,v6,v9,support-v9,strict-selected,research,full,strict,all,16.87263453640486,8.810539245605469,2.4538516998291016,15.167226791381836,14.028223991394043,12.323229789733887,7.524499177932739,2.67124605178833,12.377752304077148,14.174713134765625,12.421027183532715,10.441800236701965,15.153600931167603,277,2804,1043,3.57444030046463,26.11782169342041,305,4528,1043,5672,0.018463541666666666,1.0,1.0,1.0,0.4805276381909548,93.34404935977803,1905,696,1290,0.9142018040696455,0.4643817204301075,1043,0.0,0.0,0.0,3.12,0.0,0.9230769230769231,double_edge_mismatch,False,,False,raw improvement -0.1237 is below 0.6000,16.92263453640486,generic_block,-1.0,0.0,1.0,-0.12369029940336418,1.0,1.0,-0.2572298049926758,-0.2984485626220703,0.13479459285736084,v6,strict,v6 adds strict raw/depth support-gated selection for v9; aligned metrics remain evaluation-only.,200_seq486,,,,,,
200_seq486,200,486,p29_raw_shift_dx4p5_dy2p0_fill,True,phase21_fixed_rgb_canvas,phase23_crop_plus_board_residual_transform,,"[296, 103]","[280, 115]","Phase29 candidate generated from calibration files, raw RGB/LWIR/depth, Phase24 board-affine geometry, Phase25 depth projection support, and raw-only scene reliability scoring. MM5 aligned images are evaluation-only.",1.0,0.9313444010416667,0.9313444010416667,0.8539818525314331,0.9321894645690918,1.0,1.0124220752791435,1.0935557302341659,0.9290432929992676,2.7356884479522705,0.9313444010416667,1.1170823143184039,1.3630210133790004,-0.5007167458534241,1.129472017288208,0.9313444010416667,-0.42790470644135775,0.5305924767719705,p29_raw_shift_dx4p5_dy2p0_fill,board_all_median_floor,affine,affine_lmeds,1496,5.984659671783447,7.825484275817871,"[[0.964242690293037, 0.13137386244365368, -26.99199754875218], [-0.06631033534806513, 0.9894192701549352, 24.920322865264623]]",4.5,2.0,9,True,False,3.0,2,0.1,calibration/def_stereocalib_THERM.yml,calibration/def_thermalcam_ori.yml,640x480,broad_generalization_raw_only_selection,broad,raw_shift_local,False,v6,v9,support-v9,strict-selected,research,full,strict,all,16.639101447461098,8.604307293891907,2.466413736343384,14.74220085144043,12.820600509643555,11.040348052978516,7.1381001472473145,2.480314254760742,11.795886039733887,12.820600509643555,11.040348052978516,9.964300274848938,14.486501455307007,294,2804,1043,3.587832510471344,24.057905197143555,294,4528,1043,5672,0.018463541666666666,1.0,1.0,1.0,0.4935615577889447,91.28770182173731,1919,696,1326,0.9200841219768665,0.47513440860215056,1043,0.0,0.0,0.0,3.0432278442382814,0.0,0.9230769230769231,double_edge_mismatch,False,,False,raw improvement 0.1098 is below 0.6000,16.6891014474611,generic_block,1.0,0.0,1.0,0.10984278954039794,0.9639344262295082,1.0,0.12916922569274902,0.3686509132385254,-0.07143735885620117,v6,strict,v6 adds strict raw/depth support-gated selection for v9; aligned metrics remain evaluation-only.,200_seq486,,,,,,
200_seq486,200,486,p29_raw_shift_dx2p5_dy3p0_fill,True,phase21_fixed_rgb_canvas,phase23_crop_plus_board_residual_transform,,"[296, 103]","[280, 115]","Phase29 candidate generated from calibration files, raw RGB/LWIR/depth, Phase24 board-affine geometry, Phase25 depth projection support, and raw-only scene reliability scoring. MM5 aligned images are evaluation-only.",1.0,0.9310774739583333,0.9310774739583333,0.8539818525314331,0.9321894645690918,1.0,1.0124220752791435,1.0935557302341659,0.925300121307373,2.9890408515930176,0.9310774739583333,1.1079612755745203,1.3373026625113695,-0.502818763256073,1.1107628345489502,0.9310774739583333,-0.42897080752157274,0.5367502182786266,p29_raw_shift_dx2p5_dy3p0_fill,board_all_median_floor,affine,affine_lmeds,1496,5.984659671783447,7.825484275817871,"[[0.964242690293037, 0.13137386244365368, -26.99199754875218], [-0.06631033534806513, 0.9894192701549352, 24.920322865264623]]",2.5,3.0,9,True,False,3.0,2,0.1,calibration/def_stereocalib_THERM.yml,calibration/def_thermalcam_ori.yml,640x480,broad_generalization_raw_only_selection,broad,raw_shift_local,False,v6,v9,support-v9,strict-selected,research,full,strict,all,16.826230151121734,8.794806957244873,2.3449058532714844,15.244708061218262,14.285341262817383,12.323114395141602,7.460674285888672,2.546360969543457,12.374987602233887,14.407069206237793,12.429899215698242,10.505000233650208,15.009649991989136,292,2804,1052,3.586545169353485,27.474136352539062,320,4528,1052,5672,0.018463541666666666,1.0,1.0,1.0,0.48288316582914576,93.81587860487572,1907,696,1255,0.9085953878406708,0.4650537634408602,1052,0.0,0.0,0.0,3.12,0.0,0.9230769230769231,double_edge_mismatch,False,,False,raw improvement -0.0773 is below 0.6000,16.926230151121736,generic_block,-1.0,1.0,2.0,-0.07728591412023889,1.0491803278688525,1.0,-0.1934049129486084,-0.15449762344360352,0.11906230449676514,v6,strict,v6 adds strict raw/depth support-gated selection for v9; aligned metrics remain evaluation-only.,200_seq486,,,,,,
200_seq486,200,486,p29_raw_shift_dx3p5_dy3p0_fill,True,phase21_fixed_rgb_canvas,phase23_crop_plus_board_residual_transform,,"[296, 103]","[280, 115]","Phase29 candidate generated from calibration files, raw RGB/LWIR/depth, Phase24 board-affine geometry, Phase25 depth projection support, and raw-only scene reliability scoring. MM5 aligned images are evaluation-only.",1.0,0.9306901041666666,0.9306901041666666,0.8539818525314331,0.9321894645690918,1.0,1.0124220752791435,1.0935557302341659,0.9281390905380249,2.9300060272216797,0.9306901041666666,1.112712618656305,1.3476904285440678,-0.5006400942802429,1.1273491382598877,0.9306901041666666,-0.42719094232677446,0.5347549785535185,p29_raw_shift_dx3p5_dy3p0_fill,board_all_median_floor,affine,affine_lmeds,1496,5.984659671783447,7.825484275817871,"[[0.964242690293037, 0.13137386244365368, -26.99199754875218], [-0.06631033534806513, 0.9894192701549352, 24.920322865264623]]",3.5,3.0,9,True,False,3.0,2,0.1,calibration/def_stereocalib_THERM.yml,calibration/def_thermalcam_ori.yml,640x480,broad_generalization_raw_only_selection,broad,raw_shift_local,False,v6,v9,support-v9,strict-selected,research,full,strict,all,16.678677614981968,8.649956703186035,2.2895994186401367,15.010313987731934,13.117835998535156,11.657414436340332,7.211155295372009,2.389219045639038,12.03309154510498,13.172621726989746,11.66890811920166,9.96429979801178,14.575332880020142,298,2804,1052,3.5826346278190613,25.28219985961914,309,4528,1052,5672,0.018463541666666666,1.0,1.0,1.0,0.4798994974874372,92.99705567354218,1901,696,1276,0.9126784214945424,0.46706989247311825,1052,0.0,0.0,0.0,3.0925931549072265,0.0,0.9230769230769231,double_edge_mismatch,False,,False,raw improvement 0.0703 is below 0.6000,16.72867761498197,generic_block,0.0,1.0,1.0,0.0702666220195276,1.0131147540983607,1.0,0.0561140775680542,0.2798194885253906,-0.025787949562072754,v6,strict,v6 adds strict raw/depth support-gated selection for v9; aligned metrics remain evaluation-only.,200_seq486,,,,,,
200_seq486,200,486,p29_raw_shift_dx4p5_dy3p0_fill,True,phase21_fixed_rgb_canvas,phase23_crop_plus_board_residual_transform,,"[296, 103]","[280, 115]","Phase29 candidate generated from calibration files, raw RGB/LWIR/depth, Phase24 board-affine geometry, Phase25 depth projection support, and raw-only scene reliability scoring. MM5 aligned images are evaluation-only.",1.0,0.9302766927083334,0.9302766927083334,0.8539818525314331,0.9321894645690918,1.0,1.0124220752791435,1.0935557302341659,0.9297187924385071,3.14784574508667,0.9302766927083334,1.11468883376812,1.359047438667554,-0.5009381175041199,1.1406853199005127,0.9302766927083334,-0.4279528387617913,0.5321959377448777,p29_raw_shift_dx4p5_dy3p0_fill,board_all_median_floor,affine,affine_lmeds,1496,5.984659671783447,7.825484275817871,"[[0.964242690293037, 0.13137386244365368, -26.99199754875218], [-0.06631033534806513, 0.9894192701549352, 24.920322865264623]]",4.5,3.0,9,True,False,3.0,2,0.1,calibration/def_stereocalib_THERM.yml,calibration/def_thermalcam_ori.yml,640x480,broad_generalization_raw_only_selection,broad,raw_shift_local,False,v6,v9,support-v9,strict-selected,research,full,strict,all,16.603216392656172,8.567067384719849,2.2891440391540527,14.844990730285645,13.118673324584961,11.27345085144043,7.085174322128296,2.3120522499084473,11.858296394348145,13.118673324584961,11.27345085144043,9.757150292396545,14.261800050735474,305,2804,1052,3.547343075275421,24.6688289642334,305,4528,1052,5672,0.018463541666666666,1.0,1.0,1.0,0.4921482412060301,91.80820440475115,1920,696,1307,0.9180672268907563,0.4717741935483871,1052,0.0,0.0,0.0,3.0618760681152346,0.0,0.9230769230769231,double_edge_mismatch,False,,False,raw improvement 0.1457 is below 0.6000,16.703216392656174,generic_block,1.0,1.0,2.0,0.14572784434532338,1.0,1.0,0.18209505081176758,0.5933523178100586,-0.10867726802825928,v6,strict,v6 adds strict raw/depth support-gated selection for v9; aligned metrics remain evaluation-only.,200_seq486,,,,,,
200_seq486,200,486,p29_raw_shift_dx3p0_dy2p0_fill,True,phase21_fixed_rgb_canvas,phase23_crop_plus_board_residual_transform,,"[296, 103]","[280, 115]","Phase29 candidate generated from calibration files, raw RGB/LWIR/depth, Phase24 board-affine geometry, Phase25 depth projection support, and raw-only scene reliability scoring. MM5 aligned images are evaluation-only.",1.0,0.9317578125,0.9317578125,0.8539818525314331,0.9321894645690918,1.0,1.0124220752791435,1.0935557302341659,0.9239792227745056,3.302854537963867,0.9317578125,1.1045526578091374,1.335937081749432,-0.5040906071662903,1.2011535167694092,0.9317578125,-0.4318108703354839,0.5299110528761524,p29_raw_shift_dx3p0_dy2p0_fill,board_all_median_floor,affine,affine_lmeds,1496,5.984659671783447,7.825484275817871,"[[0.964242690293037, 0.13137386244365368, -26.99199754875218], [-0.06631033534806513, 0.9894192701549352, 24.920322865264623]]",3.0,2.0,9,True,False,3.0,2,0.1,calibration/def_stereocalib_THERM.yml,calibration/def_thermalcam_ori.yml,640x480,broad_generalization_raw_only_selection,broad,raw_shift_local,False,v6,v9,support-v9,strict-selected,research,full,strict,all,16.774625682682554,8.712553262710571,2.344017505645752,15.08108901977539,12.942768096923828,11.937898635864258,7.3565874099731445,2.5195531845092773,12.193621635437012,12.993135452270508,11.998936653137207,10.125799775123596,15.076703310012817,283,2804,1043,3.625141680240631,24.985172271728516,307,4528,1043,5672,0.018463541666666666,1.0,1.0,1.0,0.48178391959798994,92.55757358759791,1906,696,1312,0.9100062932662052,0.4650537634408602,1043,0.0,0.0,0.0,3.115031890869141,0.0,0.9230769230769231,double_edge_mismatch,False,,False,raw improvement -0.0257 is below 0.6000,16.799625682682553,generic_block,-0.5,0.0,0.5,-0.02568144568105879,1.0065573770491802,1.0,-0.08931803703308105,-0.22155094146728516,0.03680860996246338,v6,strict,v6 adds strict raw/depth support-gated selection for v9; aligned metrics remain evaluation-only.,200_seq486,,,,,,
200_seq486,200,486,p29_raw_shift_dx4p0_dy2p0_fill,True,phase21_fixed_rgb_canvas,phase23_crop_plus_board_residual_transform,,"[296, 103]","[280, 115]","Phase29 candidate generated from calibration files, raw RGB/LWIR/depth, Phase24 board-affine geometry, Phase25 depth projection support, and raw-only scene reliability scoring. MM5 aligned images are evaluation-only.",1.0,0.9313444010416667,0.9313444010416667,0.8539818525314331,0.9321894645690918,1.0,1.0124220752791435,1.0935557302341659,0.9257869124412537,3.0278453826904297,0.9313444010416667,1.1096931213234305,1.3471552078554625,-0.502840518951416,1.2050120830535889,0.9313444010416667,-0.43083357919061993,0.5282467483941174,p29_raw_shift_dx4p0_dy2p0_fill,board_all_median_floor,affine,affine_lmeds,1496,5.984659671783447,7.825484275817871,"[[0.964242690293037, 0.13137386244365368, -26.99199754875218], [-0.06631033534806513, 0.9894192701549352, 24.920322865264623]]",4.0,2.0,9,True,False,3.0,2,0.1,calibration/def_stereocalib_THERM.yml,calibration/def_thermalcam_ori.yml,640x480,broad_generalization_raw_only_selection,broad,raw_shift_local,False,v6,v9,support-v9,strict-selected,research,full,strict,all,16.626172626329804,8.595987677574158,2.3580873012542725,14.833888053894043,12.48976993560791,11.23359203338623,7.153401851654053,2.4305553436279297,11.876248359680176,12.520255088806152,11.235760688781738,9.65146291255951,14.64800238609314,304,2804,1043,3.60458642244339,24.184650421142578,313,4528,1043,5672,0.018463541666666666,1.0,1.0,1.0,0.4945037688442211,91.39593050438515,1912,696,1325,0.9142018040696455,0.47043010752688175,1043,0.0,0.0,0.0,3.0586873626708986,0.0,0.9230769230769231,double_edge_mismatch,False,,False,raw improvement 0.1228 is below 0.6000,16.651172626329803,generic_block,0.5,0.0,0.5,0.12277161067169118,1.0262295081967212,1.0,0.11386752128601074,0.20714998245239258,-0.0797569751739502,v6,strict,v6 adds strict raw/depth support-gated selection for v9; aligned metrics remain evaluation-only.,200_seq486,,,,,,
200_seq486,200,486,p29_raw_shift_dx3p5_dy1p5_fill,True,phase21_fixed_rgb_canvas,phase23_crop_plus_board_residual_transform,,"[296, 103]","[280, 115]","Phase29 candidate generated from calibration files, raw RGB/LWIR/depth, Phase24 board-affine geometry, Phase25 depth projection support, and raw-only scene reliability scoring. MM5 aligned images are evaluation-only.",1.0,0.9327799479166666,0.9327799479166666,0.8539818525314331,0.9321894645690918,1.0,1.0124220752791435,1.0935557302341659,0.9264500737190247,2.7349250316619873,0.9327799479166666,1.1139853664119044,1.359632285885677,-0.5047788619995117,1.1869293451309204,0.9327799479166666,-0.4320821864199876,0.5321216776687311,p29_raw_shift_dx3p5_dy1p5_fill,board_all_median_floor,affine,affine_lmeds,1496,5.984659671783447,7.825484275817871,"[[0.964242690293037, 0.13137386244365368, -26.99199754875218], [-0.06631033534806513, 0.9894192701549352, 24.920322865264623]]",3.5,1.5,9,True,False,3.0,2,0.1,calibration/def_stereocalib_THERM.yml,calibration/def_thermalcam_ori.yml,640x480,broad_generalization_raw_only_selection,broad,raw_shift_local,False,v6,v9,support-v9,strict-selected,research,full,strict,all,16.76485443240912,8.707055687904358,2.554893732070923,14.859217643737793,13.22248363494873,11.566208839416504,7.297263264656067,2.6352217197418213,11.959304809570312,13.276122093200684,11.571393013000488,10.110004544258118,14.918352365493774,288,2804,1043,3.6393805146217346,24.760817527770996,297,4528,1043,5672,0.018463541666666666,1.0,1.0,1.0,0.4902638190954774,91.84886518108836,1920,696,1304,0.9212631578947369,0.46841397849462363,1043,0.0,0.0,0.0,3.0852967071533204,0.0,0.9230769230769231,double_edge_mismatch,False,,False,raw improvement -0.0159 is below 0.6000,16.78985443240912,generic_block,0.0,-0.5,0.5,-0.015910195407624173,0.9737704918032787,1.0,-0.029993891716003418,-0.06319999694824219,0.03131103515625,v6,strict,v6 adds strict raw/depth support-gated selection for v9; aligned metrics remain evaluation-only.,200_seq486,,,,,,
200_seq486,200,486,p29_raw_shift_dx3p5_dy2p5_fill,True,phase21_fixed_rgb_canvas,phase23_crop_plus_board_residual_transform,,"[296, 103]","[280, 115]","Phase29 candidate generated from calibration files, raw RGB/LWIR/depth, Phase24 board-affine geometry, Phase25 depth projection support, and raw-only scene reliability scoring. MM5 aligned images are evaluation-only.",1.0,0.9317578125,0.9317578125,0.8539818525314331,0.9321894645690918,1.0,1.0124220752791435,1.0935557302341659,0.9291620850563049,3.0068016052246094,0.9317578125,1.1147761761980626,1.357699338487368,-0.5042188763618469,1.1492924690246582,0.9317578125,-0.4309648361743344,0.5343319666777366,p29_raw_shift_dx3p5_dy2p5_fill,board_all_median_floor,affine,affine_lmeds,1496,5.984659671783447,7.825484275817871,"[[0.964242690293037, 0.13137386244365368, -26.99199754875218], [-0.06631033534806513, 0.9894192701549352, 24.920322865264623]]",3.5,2.5,9,True,False,3.0,2,0.1,calibration/def_stereocalib_THERM.yml,calibration/def_thermalcam_ori.yml,640x480,broad_generalization_raw_only_selection,broad,raw_shift_local,False,v6,v9,support-v9,strict-selected,research,full,strict,all,16.688968297805385,8.641541600227356,2.3855221271514893,14.897561073303223,13.240710258483887,11.554197311401367,7.196404695510864,2.473893642425537,11.918915748596191,13.287764549255371,11.559381484985352,9.901099801063538,14.711202383041382,300,2804,1043,3.622937500476837,25.459508895874023,309,4528,1043,5672,0.018463541666666666,1.0,1.0,1.0,0.48743718592964824,92.41422751686203,1919,696,1309,0.9147774979009236,0.47043010752688175,1043,0.0,0.0,0.0,3.08433578491211,0.0,0.9230769230769231,double_edge_mismatch,False,,False,raw improvement 0.0600 is below 0.6000,16.713968297805383,generic_block,0.0,0.5,0.5,0.05997593919611077,1.0131147540983607,1.0,0.07086467742919922,0.1439499855041504,-0.03420305252075195,v6,strict,v6 adds strict raw/depth support-gated selection for v9; aligned metrics remain evaluation-only.,200_seq486,,,,,,
209_seq495,209,495,p29_baseline,True,phase21_fixed_rgb_canvas,phase24_affine_lwir_subpixel_shift_depth_fill_then_morph_close,,"[296, 103]","[280, 115]","Phase29 candidate generated from calibration files, raw RGB/LWIR/depth, Phase24 board-affine geometry, Phase25 depth projection support, and raw-only scene reliability scoring. MM5 aligned images are evaluation-only.",1.0,0.9317578125,0.9317578125,0.8706199526786804,0.7839535474777222,1.0,1.0291672565400436,1.088340167641531,0.9237220883369446,3.4410083293914795,0.9317578125,1.1156697569890184,1.4172914575228177,-0.49454182386398315,0.9662010669708252,0.9317578125,-0.42160258500721226,0.5249096350573057,p29_baseline,board_all_median_floor,affine,affine_lmeds,1496,5.984659671783447,7.825484275817871,"[[0.964242690293037, 0.13137386244365368, -26.99199754875218], [-0.06631033534806513, 0.9894192701549352, 24.920322865264623]]",3.5,2.0,9,True,False,3.0,2,0.1,calibration/def_stereocalib_THERM.yml,calibration/def_thermalcam_ori.yml,640x480,broad_generalization_raw_only_selection,broad,baseline,False,v6,v9,support-v9,strict-selected,research,full,strict,all,17.638229417667954,8.726796388626099,2.7512974739074707,14.702295303344727,17.743160247802734,12.160423278808594,7.150229811668396,2.881840467453003,11.418619155883789,17.920263290405273,12.160423278808594,9.153249859809875,16.634888172149658,625,4108,1406,4.235288619995117,29.119762420654297,651,7007,1406,6789,0.022099609375,0.5019885108263368,1.0,1.0,0.6914852997327224,57.00608931709302,2576,1068,2092,0.8730095008697979,0.4961340206185567,1406,0.0,0.19204595669465307,0.0,3.12,0.0,0.9230769230769231,general,False,,False,,17.638229417667954,v6_baseline,0.0,0.0,0.0,0.0,1.0,1.0,0.0,0.0,0.0,v6,strict,v6 baseline row; aligned metrics are not used for selection.,209_seq495,,,,,,
209_seq495,209,495,p29_depth_conservative,True,phase21_fixed_rgb_canvas,phase23_crop_plus_board_residual_transform,,"[296, 103]","[280, 115]","Phase29 candidate generated from calibration files, raw RGB/LWIR/depth, Phase24 board-affine geometry, Phase25 depth projection support, and raw-only scene reliability scoring. MM5 aligned images are evaluation-only.",1.0,0.9317578125,0.9317578125,0.8706199526786804,0.7839535474777222,1.0,1.0291672565400436,1.088340167641531,0.9225745797157288,5.405540943145752,0.9317578125,1.1022187150714924,1.4138492067642539,-0.492350697517395,0.9434382915496826,0.9317578125,-0.4202779917445294,0.5182222368144249,p29_depth_conservative,board_all_median_floor,affine,affine_lmeds,1496,5.984659671783447,7.825484275817871,"[[0.964242690293037, 0.13137386244365368, -26.99199754875218], [-0.06631033534806513, 0.9894192701549352, 24.920322865264623]]",3.5,2.0,9,False,False,4.0,3,0.075,calibration/def_stereocalib_THERM.yml,calibration/def_thermalcam_ori.yml,640x480,broad_generalization_raw_only_selection,broad,depth_conservative,False,v6,v9,support-v9,strict-selected,research,full,strict,all,17.506727248824596,8.510565042495728,2.7512974739074707,14.269832611083984,17.743160247802734,12.160423278808594,7.033702731132507,2.952559232711792,11.114846229553223,17.66326332092285,12.160423278808594,9.216449856758118,16.270101070404053,603,3784,1406,4.044387578964233,28.809383392333984,651,6554,1406,6279,0.020439453125,0.5023092849179805,1.0,1.0,0.6914852997327224,57.00608931709302,2576,1578,2126,0.8648148148148148,0.5004244482173175,1406,0.0,0.190762860328078,0.0,3.12,0.0,0.9230769230769231,general,False,,False,depth/reflection/edge guard candidates are diagnostic-only by default,17.506727248824596,diagnostic_guard_block,0.0,0.0,0.0,0.1315021688433582,1.0,0.9248784798939461,0.11652708053588867,0.36478710174560547,-0.2162313461303711,v6,strict,v6 adds strict raw/depth support-gated selection for v9; aligned metrics remain evaluation-only.,209_seq495,,,,,,
209_seq495,209,495,p29_reflection_guard,True,phase21_fixed_rgb_canvas,phase23_crop_plus_board_residual_transform,,"[296, 103]","[280, 115]","Phase29 candidate generated from calibration files, raw RGB/LWIR/depth, Phase24 board-affine geometry, Phase25 depth projection support, and raw-only scene reliability scoring. MM5 aligned images are evaluation-only.",1.0,0.9317578125,0.9317578125,0.8706199526786804,0.7839535474777222,1.0,1.0291672565400436,1.088340167641531,0.9225745797157288,5.405540943145752,0.9317578125,1.1022187150714924,1.4138492067642539,-0.492350697517395,0.9434382915496826,0.9317578125,-0.4202779917445294,0.5182222368144249,p29_reflection_guard,board_all_median_floor,affine,affine_lmeds,1496,5.984659671783447,7.825484275817871,"[[0.964242690293037, 0.13137386244365368, -26.99199754875218], [-0.06631033534806513, 0.9894192701549352, 24.920322865264623]]",3.5,2.0,9,False,False,4.5,3,0.055,calibration/def_stereocalib_THERM.yml,calibration/def_thermalcam_ori.yml,640x480,broad_generalization_raw_only_selection,broad,reflection_guard,False,v6,v9,support-v9,strict-selected,research,full,strict,all,17.5385214226695,8.510565042495728,2.7512974739074707,14.269832611083984,17.743160247802734,12.160423278808594,7.033702731132507,2.952559232711792,11.114846229553223,17.66326332092285,12.160423278808594,9.216449856758118,16.270101070404053,603,3784,1406,4.044387578964233,28.809383392333984,651,6554,1406,6279,0.020439453125,0.5023092849179805,1.0,1.0,0.6914852997327224,57.00608931709302,2576,1578,2152,0.8648148148148148,0.5133779264214047,1406,0.0,0.190762860328078,0.0,3.12,0.0,0.9230769230769231,general,False,,False,depth/reflection/edge guard candidates are diagnostic-only by default,17.5385214226695,diagnostic_guard_block,0.0,0.0,0.0,0.09970799499845384,1.0,0.9248784798939461,0.11652708053588867,0.36478710174560547,-0.2162313461303711,v6,strict,v6 adds strict raw/depth support-gated selection for v9; aligned metrics remain evaluation-only.,209_seq495,,,,,,
209_seq495,209,495,p29_small_target_guard,True,phase21_fixed_rgb_canvas,phase23_crop_plus_board_residual_transform,,"[296, 103]","[280, 115]","Phase29 candidate generated from calibration files, raw RGB/LWIR/depth, Phase24 board-affine geometry, Phase25 depth projection support, and raw-only scene reliability scoring. MM5 aligned images are evaluation-only.",1.0,0.9317578125,0.9317578125,0.8706199526786804,0.7839535474777222,1.0,1.0291672565400436,1.088340167641531,0.9224159121513367,3.951152801513672,0.9317578125,1.10892054538138,1.4014103335941681,-0.47850462794303894,0.9888877272605896,0.9317578125,-0.40779744796646517,0.5109367089342487,p29_small_target_guard,board_all_median_floor,affine,affine_lmeds,1496,5.984659671783447,7.825484275817871,"[[0.964242690293037, 0.13137386244365368, -26.99199754875218], [-0.06631033534806513, 0.9894192701549352, 24.920322865264623]]",3.5,2.0,5,True,False,3.0,2,0.065,calibration/def_stereocalib_THERM.yml,calibration/def_thermalcam_ori.yml,640x480,broad_generalization_raw_only_selection,broad,small_target_guard,False,v6,v9,support-v9,strict-selected,research,full,strict,all,16.38034311854679,7.7239601612091064,2.4806199073791504,12.967300415039062,18.374061584472656,9.66723346710205,5.917420864105225,2.650402069091797,9.184439659118652,17.82756233215332,9.66723346710205,7.783949971199036,14.405750274658203,753,4108,1406,3.9079768657684326,25.256230354309082,804,7007,1406,6789,0.022099609375,0.5019885108263368,1.0,1.0,0.685757922871325,56.79293666187516,2564,1068,2073,0.8448116325181758,0.5034364261168385,1406,0.0,0.19204595669465307,0.0,2.9333786773681645,0.0,0.9230769230769231,general,False,,False,LWIR edge growth 1.235 exceeds 1.080,16.60034311854679,small_target_guard_block,0.0,0.0,0.0,1.2578862991211643,1.2350230414746544,1.0,1.2328089475631714,2.229137897491455,-1.0028362274169922,v6,strict,v6 adds strict raw/depth support-gated selection for v9; aligned metrics remain evaluation-only.,209_seq495,,,,,,
209_seq495,209,495,p29_edge_contamination_guard,True,phase21_fixed_rgb_canvas,phase23_crop_plus_board_residual_transform,,"[296, 103]","[280, 115]","Phase29 candidate generated from calibration files, raw RGB/LWIR/depth, Phase24 board-affine geometry, Phase25 depth projection support, and raw-only scene reliability scoring. MM5 aligned images are evaluation-only.",1.0,0.9317578125,0.9317578125,0.8706199526786804,0.7839535474777222,1.0,1.0291672565400436,1.088340167641531,0.9225745797157288,5.405540943145752,0.9317578125,1.1022187150714924,1.4138492067642539,-0.492350697517395,0.9434382915496826,0.9317578125,-0.4202779917445294,0.5182222368144249,p29_edge_contamination_guard,board_all_median_floor,affine,affine_lmeds,1496,5.984659671783447,7.825484275817871,"[[0.964242690293037, 0.13137386244365368, -26.99199754875218], [-0.06631033534806513, 0.9894192701549352, 24.920322865264623]]",3.5,2.0,9,False,False,4.0,3,0.08,calibration/def_stereocalib_THERM.yml,calibration/def_thermalcam_ori.yml,640x480,broad_generalization_raw_only_selection,broad,edge_contamination_guard,False,v6,v9,support-v9,strict-selected,research,full,strict,all,17.506727248824596,8.510565042495728,2.7512974739074707,14.269832611083984,17.743160247802734,12.160423278808594,7.033702731132507,2.952559232711792,11.114846229553223,17.66326332092285,12.160423278808594,9.216449856758118,16.270101070404053,603,3784,1406,4.044387578964233,28.809383392333984,651,6554,1406,6279,0.020439453125,0.5023092849179805,1.0,1.0,0.6914852997327224,57.00608931709302,2576,1578,2126,0.8648148148148148,0.5004244482173175,1406,0.0,0.190762860328078,0.0,3.12,0.0,0.9230769230769231,general,False,,False,depth/reflection/edge guard candidates are diagnostic-only by default,17.506727248824596,diagnostic_guard_block,0.0,0.0,0.0,0.1315021688433582,1.0,0.9248784798939461,0.11652708053588867,0.36478710174560547,-0.2162313461303711,v6,strict,v6 adds strict raw/depth support-gated selection for v9; aligned metrics remain evaluation-only.,209_seq495,,,,,,
209_seq495,209,495,p29_v9_support_gated,True,phase21_fixed_rgb_canvas,phase23_crop_plus_board_residual_transform,,"[296, 103]","[280, 115]","Phase29 candidate generated from calibration files, raw RGB/LWIR/depth, Phase24 board-affine geometry, Phase25 depth projection support, and raw-only scene reliability scoring. MM5 aligned images are evaluation-only.",1.0,0.9317578125,0.9317578125,0.8706199526786804,0.7839535474777222,1.0,1.0291672565400436,1.088340167641531,0.8966488242149353,1.4519203901290894,0.9317578125,1.0742965723275417,1.2423951363558736,-0.4654904305934906,1.2515751123428345,0.9317578125,-0.4004490020873182,0.4836725278681958,p29_v9_support_gated,board_all_median_floor,affine,affine_lmeds,1496,5.984659671783447,7.825484275817871,"[[0.964242690293037, 0.13137386244365368, -26.99199754875218], [-0.06631033534806513, 0.9894192701549352, 24.920322865264623]]",3.5,2.0,5,True,False,7.0,3,0.075,calibration/def_stereocalib_THERM.yml,calibration/def_thermalcam_ori.yml,640x480,broad_generalization_raw_only_selection,broad,v9_support_gated,False,v6,v9,support-v9,strict-selected,research,full,strict,all,16.47052577667408,7.618881940841675,2.7206921577453613,12.517071723937988,17.228864669799805,9.120136260986328,5.687273263931274,2.7686619758605957,8.605884552001953,17.298463821411133,9.120136260986328,7.66386091709137,13.794119834899902,755,3784,1406,3.880138635635376,24.559632301330566,763,6554,1406,6279,0.020439453125,0.5023092849179805,1.0,1.0,0.3743158966526664,55.59852275228418,1185,1578,2375,0.8462944733511462,0.5223765432098766,1406,0.0,0.190762860328078,0.0,2.8896109008789064,0.0,0.9230769230769231,general,False,,False,v9 support-gated mode is reserved for reflection/background scenes,11.18568,v9_reflection_block,0.0,0.0,0.0,1.1677036409938744,1.1720430107526882,0.9248784798939461,1.4629565477371216,2.840768337249756,-1.1079144477844238,v6,strict,v6 adds strict raw/depth support-gated selection for v9; aligned metrics remain evaluation-only.,209_seq495,True,v9_support_gated,9968,55,,0.9317578125
209_seq495,209,495,p29_v9_support_gated_tight,True,phase21_fixed_rgb_canvas,phase23_crop_plus_board_residual_transform,,"[296, 103]","[280, 115]","Phase29 candidate generated from calibration files, raw RGB/LWIR/depth, Phase24 board-affine geometry, Phase25 depth projection support, and raw-only scene reliability scoring. MM5 aligned images are evaluation-only.",1.0,0.9317578125,0.9317578125,0.8706199526786804,0.7839535474777222,1.0,1.0291672565400436,1.088340167641531,0.908459484577179,1.4554706811904907,0.9317578125,1.083956570036041,1.2281993969733658,-0.481563925743103,1.245526909828186,0.9317578125,-0.4143302682228881,0.49804545986122684,p29_v9_support_gated_tight,board_all_median_floor,affine,affine_lmeds,1496,5.984659671783447,7.825484275817871,"[[0.964242690293037, 0.13137386244365368, -26.99199754875218], [-0.06631033534806513, 0.9894192701549352, 24.920322865264623]]",3.5,2.0,5,True,False,8.0,4,0.055,calibration/def_stereocalib_THERM.yml,calibration/def_thermalcam_ori.yml,640x480,broad_generalization_raw_only_selection,broad,v9_support_gated_tight,False,v6,v9,support-v9,strict-selected,research,full,strict,all,16.430157425356054,7.497348070144653,2.89351224899292,12.101183891296387,17.708364486694336,9.079861640930176,5.674665451049805,2.990335464477539,8.35899543762207,17.83241844177246,9.081974983215332,7.594349980354309,13.675450325012207,735,3492,1406,3.7415452003479004,25.030110359191895,760,6121,1406,5785,0.018831380208333335,0.5026793431287814,1.0,1.0,0.8146875397734504,45.54215843198258,2636,2072,2402,0.8416953721731316,0.5182341650671785,1406,0.0,0.18928262748487468,0.0,2.886388931274414,0.0,0.875810739076588,general,False,,False,v9 support candidate mode is diagnostic-only unless a dedicated raw/depth gate allows it,11.162700000000001,v9_mode_block,0.0,0.0,0.0,1.2080719923119005,1.1674347158218126,0.8521137133598468,1.4755643606185913,2.959437847137451,-1.2294483184814453,v6,strict,v6 adds strict raw/depth support-gated selection for v9; aligned metrics remain evaluation-only.,209_seq495,True,v9_support_gated_tight,8270,52,,0.9317578125
209_seq495,209,495,p29_v9_target_only,True,phase21_fixed_rgb_canvas,phase23_crop_plus_board_residual_transform,,"[296, 103]","[280, 115]","Phase29 candidate generated from calibration files, raw RGB/LWIR/depth, Phase24 board-affine geometry, Phase25 depth projection support, and raw-only scene reliability scoring. MM5 aligned images are evaluation-only.",1.0,0.9317578125,0.9317578125,0.8706199526786804,0.7839535474777222,1.0,1.0291672565400436,1.088340167641531,0.949662983417511,1.6195110082626343,0.9317578125,1.1342508445398476,1.2953661811460822,-0.5109390020370483,1.1674487590789795,0.9317578125,-0.44661116384762994,0.4755502049592819,p29_v9_target_only,board_all_median_floor,affine,affine_lmeds,1496,5.984659671783447,7.825484275817871,"[[0.964242690293037, 0.13137386244365368, -26.99199754875218], [-0.06631033534806513, 0.9894192701549352, 24.920322865264623]]",3.5,2.0,5,True,False,8.0,4,0.045,calibration/def_stereocalib_THERM.yml,calibration/def_thermalcam_ori.yml,640x480,broad_generalization_raw_only_selection,broad,v9_target_only,False,v6,v9,support-v9,strict-selected,research,full,strict,all,21.699245383139157,12.410138130187988,2.6608734130859375,22.15940284729004,18.709369659423828,18.069198608398438,10.977271437644958,2.9791438579559326,18.975399017333984,19.00922966003418,18.07889747619629,14.688384175300598,26.088335037231445,333,3492,1406,6.454950451850891,35.90166664123535,376,6121,1406,5785,0.018831380208333335,0.5026793431287814,1.0,1.0,0.37151584574264984,100.17385065627622,1137,2072,2353,0.9180764411027569,0.508253358925144,1406,0.0,0.18928262748487468,0.0,3.12,0.0,0.9230769230769231,general,False,,False,v9 target-only blocked because baseline thermal target is not weak/small,10.331339999999999,v9_target_only_block,0.0,0.0,0.0,-4.061015965471203,0.5775729646697388,0.8521137133598468,-3.8270416259765625,-9.453446865081787,3.6833417415618896,v6,strict,v6 adds strict raw/depth support-gated selection for v9; aligned metrics remain evaluation-only.,209_seq495,True,v9_target_only,1934,43,,0.9317578125
209_seq495,209,495,p29_v9_depth_thermal,True,phase21_fixed_rgb_canvas,phase23_crop_plus_board_residual_transform,,"[296, 103]","[280, 115]","Phase29 candidate generated from calibration files, raw RGB/LWIR/depth, Phase24 board-affine geometry, Phase25 depth projection support, and raw-only scene reliability scoring. MM5 aligned images are evaluation-only.",1.0,0.9317578125,0.9317578125,0.8706199526786804,0.7839535474777222,1.0,1.0291672565400436,1.088340167641531,0.9021351933479309,1.4001139402389526,0.9317578125,1.080230282818805,1.2433051540820523,-0.47201523184776306,1.2653826475143433,0.9317578125,-0.4062833480566039,0.488827864508302,p29_v9_depth_thermal,board_all_median_floor,affine,affine_lmeds,1496,5.984659671783447,7.825484275817871,"[[0.964242690293037, 0.13137386244365368, -26.99199754875218], [-0.06631033534806513, 0.9894192701549352, 24.920322865264623]]",3.5,2.0,5,True,False,7.0,3,0.065,calibration/def_stereocalib_THERM.yml,calibration/def_thermalcam_ori.yml,640x480,broad_generalization_raw_only_selection,broad,v9_depth_thermal,False,v6,v9,support-v9,strict-selected,research,full,strict,all,16.49871018978567,7.644582986831665,2.7531380653381348,12.536027908325195,16.98471450805664,9.0886869430542,5.706184029579163,2.7904884815216064,8.621879577636719,17.04473304748535,9.0886869430542,7.616117477416992,13.819401264190674,735,3784,1406,3.893249273300171,24.94865131378174,742,6554,1406,6279,0.020439453125,0.5023092849179805,1.0,1.0,0.811251113656612,44.94857411999704,2682,1578,2373,0.8498942917547568,0.5216049382716049,1406,0.0,0.190762860328078,0.0,2.8870949554443364,0.0,0.8643956561537892,general,False,,False,v9 depth-thermal mode is reserved for double-edge mismatch scenes,11.13766,v9_depth_thermal_block,0.0,0.0,0.0,1.1395192278822854,1.1397849462365592,0.9248784798939461,1.4440457820892334,2.8154869079589844,-1.0822134017944336,v6,strict,v6 adds strict raw/depth support-gated selection for v9; aligned metrics remain evaluation-only.,209_seq495,True,v9_depth_thermal,9366,54,,0.9317578125
209_seq495,209,495,p29_v9_target_silhouette,True,phase21_fixed_rgb_canvas,phase23_crop_plus_board_residual_transform,,"[296, 103]","[280, 115]","Phase29 candidate generated from calibration files, raw RGB/LWIR/depth, Phase24 board-affine geometry, Phase25 depth projection support, and raw-only scene reliability scoring. MM5 aligned images are evaluation-only.",1.0,0.9317578125,0.9317578125,0.8706199526786804,0.7839535474777222,1.0,1.0291672565400436,1.088340167641531,0.9219698905944824,1.983566403388977,0.9317578125,1.0985186349618907,1.2563342852516133,-0.5234740376472473,1.1793452501296997,0.9317578125,-0.4585194828336195,0.4802041754293738,p29_v9_target_silhouette,board_all_median_floor,affine,affine_lmeds,1496,5.984659671783447,7.825484275817871,"[[0.964242690293037, 0.13137386244365368, -26.99199754875218], [-0.06631033534806513, 0.9894192701549352, 24.920322865264623]]",3.5,2.0,5,True,False,7.0,3,0.045,calibration/def_stereocalib_THERM.yml,calibration/def_thermalcam_ori.yml,640x480,broad_generalization_raw_only_selection,broad,v9_target_silhouette,False,v6,v9,support-v9,strict-selected,research,full,strict,all,22.58576412166991,13.369890213012695,2.4289779663085938,24.310802459716797,18.010194778442383,19.7431583404541,11.47685432434082,2.4289779663085938,20.524730682373047,18.010194778442383,19.7431583404541,14.857959389686584,28.745136499404907,301,3784,1406,7.579320013523102,37.99985694885254,301,6554,1406,6279,0.020439453125,0.5023092849179805,1.0,1.0,0.1961308387425226,73.68712211032549,613,1578,2348,0.9286347517730497,0.5084876543209876,1406,0.0,0.190762860328078,0.0,3.12,0.0,0.9230769230769231,general,False,,False,v9 silhouette lacks thermal/support centroid disagreement,10.18134,v9_silhouette_block,0.0,0.0,0.0,-4.947534704001956,0.46236559139784944,0.9248784798939461,-4.326624512672424,-12.110248327255249,4.643093824386597,v6,strict,v6 adds strict raw/depth support-gated selection for v9; aligned metrics remain evaluation-only.,209_seq495,True,v9_target_silhouette,1934,43,73.0,0.9317578125
209_seq495,209,495,p29_raw_shift_dx2p5_dy1p0_fill,True,phase21_fixed_rgb_canvas,phase23_crop_plus_board_residual_transform,,"[296, 103]","[280, 115]","Phase29 candidate generated from calibration files, raw RGB/LWIR/depth, Phase24 board-affine geometry, Phase25 depth projection support, and raw-only scene reliability scoring. MM5 aligned images are evaluation-only.",1.0,0.9331673177083334,0.9331673177083334,0.8706199526786804,0.7839535474777222,1.0,1.0291672565400436,1.088340167641531,0.9173061847686768,3.0977396965026855,0.9331673177083334,1.1085835544782665,1.3990920525907058,-0.4941542446613312,0.9301298260688782,0.9331673177083334,-0.4212336743100495,0.5233423287179666,p29_raw_shift_dx2p5_dy1p0_fill,board_all_median_floor,affine,affine_lmeds,1496,5.984659671783447,7.825484275817871,"[[0.964242690293037, 0.13137386244365368, -26.99199754875218], [-0.06631033534806513, 0.9894192701549352, 24.920322865264623]]",2.5,1.0,9,True,False,3.0,2,0.1,calibration/def_stereocalib_THERM.yml,calibration/def_thermalcam_ori.yml,640x480,broad_generalization_raw_only_selection,broad,raw_shift_local,False,v6,v9,support-v9,strict-selected,research,full,strict,all,17.67775416405083,8.787246942520142,2.783834934234619,14.790658950805664,17.415143966674805,12.504323959350586,7.3197691440582275,2.950216770172119,11.689321517944336,17.617820739746094,12.504323959350586,9.693950295448303,17.03550100326538,626,4108,1406,4.226353049278259,28.679826736450195,659,7007,1406,6789,0.022099609375,0.5019885108263368,1.0,1.0,0.6513936617029401,53.17857293470419,2371,1068,2105,0.8667203003486189,0.49054982817869414,1406,0.0,0.19204595669465307,0.0,3.12,0.0,0.9230769230769231,general,False,,False,raw improvement -0.0395 is below 0.6000,17.777754164050833,generic_block,-1.0,-1.0,2.0,-0.039524746382877396,1.012288786482335,1.0,-0.16953933238983154,-0.40061283111572266,0.06045055389404297,v6,strict,v6 adds strict raw/depth support-gated selection for v9; aligned metrics remain evaluation-only.,209_seq495,,,,,,
209_seq495,209,495,p29_raw_shift_dx3p5_dy1p0_fill,True,phase21_fixed_rgb_canvas,phase23_crop_plus_board_residual_transform,,"[296, 103]","[280, 115]","Phase29 candidate generated from calibration files, raw RGB/LWIR/depth, Phase24 board-affine geometry, Phase25 depth projection support, and raw-only scene reliability scoring. MM5 aligned images are evaluation-only.",1.0,0.9327799479166666,0.9327799479166666,0.8706199526786804,0.7839535474777222,1.0,1.0291672565400436,1.088340167641531,0.9196580052375793,2.817741870880127,0.9327799479166666,1.1147266867729662,1.4131675517377835,-0.49250566959381104,0.975113034248352,0.9327799479166666,-0.4200122283609167,0.5222941295892298,p29_raw_shift_dx3p5_dy1p0_fill,board_all_median_floor,affine,affine_lmeds,1496,5.984659671783447,7.825484275817871,"[[0.964242690293037, 0.13137386244365368, -26.99199754875218], [-0.06631033534806513, 0.9894192701549352, 24.920322865264623]]",3.5,1.0,9,True,False,3.0,2,0.1,calibration/def_stereocalib_THERM.yml,calibration/def_thermalcam_ori.yml,640x480,broad_generalization_raw_only_selection,broad,raw_shift_local,False,v6,v9,support-v9,strict-selected,research,full,strict,all,17.566949864498163,8.658214092254639,2.721623420715332,14.594804763793945,17.27527618408203,11.983318328857422,7.088708162307739,2.8613476753234863,11.316068649291992,17.453725814819336,11.983318328857422,9.090049862861633,16.621201038360596,602,4108,1406,4.224806189537048,28.717391967773438,627,7007,1406,6789,0.022099609375,0.5019885108263368,1.0,1.0,0.6911034746086292,56.28047329037038,2538,1068,2090,0.8733718275815765,0.4965635738831615,1406,0.0,0.19204595669465307,0.0,3.118665466308594,0.0,0.9230769230769231,general,False,,False,raw improvement 0.0713 is below 0.6000,17.616949864498164,generic_block,0.0,-1.0,1.0,0.0712795531697914,0.9631336405529954,1.0,0.06152164936065674,0.0136871337890625,-0.06858229637145996,v6,strict,v6 adds strict raw/depth support-gated selection for v9; aligned metrics remain evaluation-only.,209_seq495,,,,,,
209_seq495,209,495,p29_raw_shift_dx4p5_dy1p0_fill,True,phase21_fixed_rgb_canvas,phase23_crop_plus_board_residual_transform,,"[296, 103]","[280, 115]","Phase29 candidate generated from calibration files, raw RGB/LWIR/depth, Phase24 board-affine geometry, Phase25 depth projection support, and raw-only scene reliability scoring. MM5 aligned images are evaluation-only.",1.0,0.9323665364583333,0.9323665364583333,0.8706199526786804,0.7839535474777222,1.0,1.0291672565400436,1.088340167641531,0.9204624891281128,2.669229745864868,0.9323665364583333,1.118114215601517,1.4244473663239567,-0.4905232787132263,1.021530270576477,0.9323665364583333,-0.41853086546106816,0.5208106325041137,p29_raw_shift_dx4p5_dy1p0_fill,board_all_median_floor,affine,affine_lmeds,1496,5.984659671783447,7.825484275817871,"[[0.964242690293037, 0.13137386244365368, -26.99199754875218], [-0.06631033534806513, 0.9894192701549352, 24.920322865264623]]",4.5,1.0,9,True,False,3.0,2,0.1,calibration/def_stereocalib_THERM.yml,calibration/def_thermalcam_ori.yml,640x480,broad_generalization_raw_only_selection,broad,raw_shift_local,False,v6,v9,support-v9,strict-selected,research,full,strict,all,17.473225055889984,8.619034767150879,2.78865909576416,14.449410438537598,17.319934844970703,11.452354431152344,6.919463038444519,2.8694798946380615,10.969446182250977,17.414640426635742,11.452354431152344,8.963649868965149,16.168277263641357,619,4108,1406,4.241641044616699,28.409839630126953,630,7007,1406,6789,0.022099609375,0.5019885108263368,1.0,1.0,0.694285350642739,54.07919440096908,2526,1068,2057,0.8743792779492685,0.502147766323024,1406,0.0,0.19204595669465307,0.0,3.0761883544921877,0.0,0.9230769230769231,general,False,,False,raw improvement 0.1650 is below 0.6000,17.573225055889985,generic_block,1.0,-1.0,2.0,0.16500436177797084,0.967741935483871,1.0,0.23076677322387695,0.4666109085083008,-0.10776162147521973,v6,strict,v6 adds strict raw/depth support-gated selection for v9; aligned metrics remain evaluation-only.,209_seq495,,,,,,
209_seq495,209,495,p29_raw_shift_dx2p5_dy2p0_fill,True,phase21_fixed_rgb_canvas,phase23_crop_plus_board_residual_transform,,"[296, 103]","[280, 115]","Phase29 candidate generated from calibration files, raw RGB/LWIR/depth, Phase24 board-affine geometry, Phase25 depth projection support, and raw-only scene reliability scoring. MM5 aligned images are evaluation-only.",1.0,0.9321451822916667,0.9321451822916667,0.8706199526786804,0.7839535474777222,1.0,1.0291672565400436,1.088340167641531,0.9216161966323853,2.9245738983154297,0.9321451822916667,1.1147204802382482,1.4043448466383706,-0.49537724256515503,0.9672845602035522,0.9321451822916667,-0.422295463148489,0.5259032451859158,p29_raw_shift_dx2p5_dy2p0_fill,board_all_median_floor,affine,affine_lmeds,1496,5.984659671783447,7.825484275817871,"[[0.964242690293037, 0.13137386244365368, -26.99199754875218], [-0.06631033534806513, 0.9894192701549352, 24.920322865264623]]",2.5,2.0,9,True,False,3.0,2,0.1,calibration/def_stereocalib_THERM.yml,calibration/def_thermalcam_ori.yml,640x480,broad_generalization_raw_only_selection,broad,raw_shift_local,False,v6,v9,support-v9,strict-selected,research,full,strict,all,17.72983431765483,8.83485472202301,2.7017662525177,14.96794319152832,17.96196746826172,12.766331672668457,7.390318155288696,2.88576078414917,11.894875526428223,18.132129669189453,12.766331672668457,9.757150292396545,16.98704481124878,600,4108,1406,4.191297769546509,29.563899993896484,639,7007,1406,6789,0.022099609375,0.5019885108263368,1.0,1.0,0.69199439989818,54.48663810836206,2456,1068,2092,0.8705519000939976,0.49097938144329895,1406,0.0,0.19204595669465307,0.0,3.12,0.0,0.9230769230769231,general,False,,False,raw improvement -0.0916 is below 0.6000,17.77983431765483,generic_block,-1.0,0.0,1.0,-0.09160489998687638,0.9815668202764977,1.0,-0.2400883436203003,-0.3521566390991211,0.10805833339691162,v6,strict,v6 adds strict raw/depth support-gated selection for v9; aligned metrics remain evaluation-only.,209_seq495,,,,,,
209_seq495,209,495,p29_raw_shift_dx4p5_dy2p0_fill,True,phase21_fixed_rgb_canvas,phase23_crop_plus_board_residual_transform,,"[296, 103]","[280, 115]","Phase29 candidate generated from calibration files, raw RGB/LWIR/depth, Phase24 board-affine geometry, Phase25 depth projection support, and raw-only scene reliability scoring. MM5 aligned images are evaluation-only.",1.0,0.9313444010416667,0.9313444010416667,0.8706199526786804,0.7839535474777222,1.0,1.0291672565400436,1.088340167641531,0.923928439617157,3.2949485778808594,0.9313444010416667,1.118268966238223,1.4274014539223405,-0.49173498153686523,1.003819465637207,0.9313444010416667,-0.4192730873551043,0.5232320731705611,p29_raw_shift_dx4p5_dy2p0_fill,board_all_median_floor,affine,affine_lmeds,1496,5.984659671783447,7.825484275817871,"[[0.964242690293037, 0.13137386244365368, -26.99199754875218], [-0.06631033534806513, 0.9894192701549352, 24.920322865264623]]",4.5,2.0,9,True,False,3.0,2,0.1,calibration/def_stereocalib_THERM.yml,calibration/def_thermalcam_ori.yml,640x480,broad_generalization_raw_only_selection,broad,raw_shift_local,False,v6,v9,support-v9,strict-selected,research,full,strict,all,17.534872983107423,8.656298995018005,2.7096822261810303,14.60291576385498,17.55548667907715,11.774584770202637,6.979890465736389,2.781402826309204,11.178378105163574,17.657270431518555,11.774584770202637,9.026849865913391,16.54677104949951,630,4108,1406,4.313101291656494,29.094135284423828,642,7007,1406,6789,0.022099609375,0.5019885108263368,1.0,1.0,0.6804123711340206,57.50751658688822,2470,1068,2051,0.8763397642015005,0.502147766323024,1406,0.0,0.19204595669465307,0.0,3.101966781616211,0.0,0.9230769230769231,general,False,,False,raw improvement 0.1034 is below 0.6000,17.584872983107424,generic_block,1.0,0.0,1.0,0.10335643456053134,0.9861751152073732,1.0,0.17033934593200684,0.08811712265014648,-0.07049739360809326,v6,strict,v6 adds strict raw/depth support-gated selection for v9; aligned metrics remain evaluation-only.,209_seq495,,,,,,
209_seq495,209,495,p29_raw_shift_dx2p5_dy3p0_fill,True,phase21_fixed_rgb_canvas,phase23_crop_plus_board_residual_transform,,"[296, 103]","[280, 115]","Phase29 candidate generated from calibration files, raw RGB/LWIR/depth, Phase24 board-affine geometry, Phase25 depth projection support, and raw-only scene reliability scoring. MM5 aligned images are evaluation-only.",1.0,0.9310774739583333,0.9310774739583333,0.8706199526786804,0.7839535474777222,1.0,1.0291672565400436,1.088340167641531,0.9235333800315857,3.0424723625183105,0.9310774739583333,1.1161556813016396,1.4058475696344255,-0.4945961833000183,0.9742289185523987,0.9310774739583333,-0.42115929060489027,0.5285484413762827,p29_raw_shift_dx2p5_dy3p0_fill,board_all_median_floor,affine,affine_lmeds,1496,5.984659671783447,7.825484275817871,"[[0.964242690293037, 0.13137386244365368, -26.99199754875218], [-0.06631033534806513, 0.9894192701549352, 24.920322865264623]]",2.5,3.0,9,True,False,3.0,2,0.1,calibration/def_stereocalib_THERM.yml,calibration/def_thermalcam_ori.yml,640x480,broad_generalization_raw_only_selection,broad,raw_shift_local,False,v6,v9,support-v9,strict-selected,research,full,strict,all,17.833988989450624,8.945888996124268,3.0547914505004883,14.836986541748047,18.84443473815918,13.055719375610352,7.582453727722168,3.255650520324707,11.909256935119629,18.78150749206543,13.055719375610352,9.918649792671204,17.541101932525635,598,4108,1406,4.248710751533508,29.971532821655273,641,7007,1406,6789,0.022099609375,0.5019885108263368,1.0,1.0,0.6933944253531883,55.36373327756017,2498,1068,2051,0.8779997318675425,0.49097938144329895,1406,0.0,0.19204595669465307,0.0,3.12,0.0,0.9230769230769231,general,False,,False,raw improvement -0.1958 is below 0.6000,17.933988989450626,generic_block,-1.0,1.0,2.0,-0.1957595717826699,0.9846390168970814,1.0,-0.432223916053772,-0.9062137603759766,0.21909260749816895,v6,strict,v6 adds strict raw/depth support-gated selection for v9; aligned metrics remain evaluation-only.,209_seq495,,,,,,
209_seq495,209,495,p29_raw_shift_dx3p5_dy3p0_fill,True,phase21_fixed_rgb_canvas,phase23_crop_plus_board_residual_transform,,"[296, 103]","[280, 115]","Phase29 candidate generated from calibration files, raw RGB/LWIR/depth, Phase24 board-affine geometry, Phase25 depth projection support, and raw-only scene reliability scoring. MM5 aligned images are evaluation-only.",1.0,0.9306901041666666,0.9306901041666666,0.8706199526786804,0.7839535474777222,1.0,1.0291672565400436,1.088340167641531,0.9251541495323181,2.7052788734436035,0.9306901041666666,1.1214380259962384,1.4167703313638786,-0.4932384788990021,0.9533733129501343,0.9306901041666666,-0.4198970655817422,0.5270776879664045,p29_raw_shift_dx3p5_dy3p0_fill,board_all_median_floor,affine,affine_lmeds,1496,5.984659671783447,7.825484275817871,"[[0.964242690293037, 0.13137386244365368, -26.99199754875218], [-0.06631033534806513, 0.9894192701549352, 24.920322865264623]]",3.5,3.0,9,True,False,3.0,2,0.1,calibration/def_stereocalib_THERM.yml,calibration/def_thermalcam_ori.yml,640x480,broad_generalization_raw_only_selection,broad,raw_shift_local,False,v6,v9,support-v9,strict-selected,research,full,strict,all,17.65040069113393,8.766698956489563,2.8857576847076416,14.647640228271484,18.413801193237305,12.524051666259766,7.289741039276123,3.0427637100219727,11.536718368530273,18.275859832763672,12.524051666259766,9.56754982471466,16.937201023101807,625,4108,1406,4.211258172988892,29.50070571899414,663,7007,1406,6789,0.022099609375,0.5019885108263368,1.0,1.0,0.6730304187348861,56.776977519320646,2373,1068,2045,0.8777911485492713,0.4948453608247423,1406,0.0,0.19204595669465307,0.0,3.12,0.0,0.9230769230769231,general,False,,False,raw improvement -0.0122 is below 0.6000,17.700400691133932,generic_block,0.0,1.0,1.0,-0.01217127346597735,1.0184331797235022,1.0,-0.13951122760772705,-0.30231285095214844,0.039902567863464355,v6,strict,v6 adds strict raw/depth support-gated selection for v9; aligned metrics remain evaluation-only.,209_seq495,,,,,,
209_seq495,209,495,p29_raw_shift_dx4p5_dy3p0_fill,True,phase21_fixed_rgb_canvas,phase23_crop_plus_board_residual_transform,,"[296, 103]","[280, 115]","Phase29 candidate generated from calibration files, raw RGB/LWIR/depth, Phase24 board-affine geometry, Phase25 depth projection support, and raw-only scene reliability scoring. MM5 aligned images are evaluation-only.",1.0,0.9302766927083334,0.9302766927083334,0.8706199526786804,0.7839535474777222,1.0,1.0291672565400436,1.088340167641531,0.9251899123191833,2.853384017944336,0.9302766927083334,1.121348234805692,1.4218575106278308,-0.49214640259742737,1.0146772861480713,0.9302766927083334,-0.41942009368481126,0.5254291508633637,p29_raw_shift_dx4p5_dy3p0_fill,board_all_median_floor,affine,affine_lmeds,1496,5.984659671783447,7.825484275817871,"[[0.964242690293037, 0.13137386244365368, -26.99199754875218], [-0.06631033534806513, 0.9894192701549352, 24.920322865264623]]",4.5,3.0,9,True,False,3.0,2,0.1,calibration/def_stereocalib_THERM.yml,calibration/def_thermalcam_ori.yml,640x480,broad_generalization_raw_only_selection,broad,raw_shift_local,False,v6,v9,support-v9,strict-selected,research,full,strict,all,16.960482709512707,8.237212300300598,2.674278497695923,13.800146102905273,17.673662185668945,9.719908714294434,6.37935209274292,2.7676753997802734,9.991028785705566,17.551231384277344,9.719908714294434,8.468599915504456,14.861470222473145,620,4108,1406,4.073227763175964,25.4689998626709,643,7007,1406,6789,0.022099609375,0.5019885108263368,1.0,1.0,0.6804123711340206,58.24142816269531,2507,1068,2076,0.8724230254350737,0.5030068728522337,1406,0.0,0.19204595669465307,0.0,2.937592697143555,0.0,0.9230769230769231,general,True,selector v6 selected raw_shift_fill via generic_v2; raw_score delta -0.6777; adjusted score 17.0605; selection used raw RGB/LWIR/depth support gates only,True,,17.06048270951271,generic_v2,1.0,1.0,2.0,0.6777467081552473,0.9877112135176651,1.0,0.7708777189254761,1.7734179496765137,-0.4895840883255005,v6,strict,v6 adds strict raw/depth support-gated selection for v9; aligned metrics remain evaluation-only.,209_seq495,,,,,,
209_seq495,209,495,p29_raw_shift_dx3p0_dy2p0_fill,True,phase21_fixed_rgb_canvas,phase23_crop_plus_board_residual_transform,,"[296, 103]","[280, 115]","Phase29 candidate generated from calibration files, raw RGB/LWIR/depth, Phase24 board-affine geometry, Phase25 depth projection support, and raw-only scene reliability scoring. MM5 aligned images are evaluation-only.",1.0,0.9317578125,0.9317578125,0.8706199526786804,0.7839535474777222,1.0,1.0291672565400436,1.088340167641531,0.9209705591201782,3.6636922359466553,0.9317578125,1.1096656175524644,1.4045147456531075,-0.48736995458602905,0.9844856858253479,0.9317578125,-0.4145349143356289,0.5249463624356818,p29_raw_shift_dx3p0_dy2p0_fill,board_all_median_floor,affine,affine_lmeds,1496,5.984659671783447,7.825484275817871,"[[0.964242690293037, 0.13137386244365368, -26.99199754875218], [-0.06631033534806513, 0.9894192701549352, 24.920322865264623]]",3.0,2.0,9,True,False,3.0,2,0.1,calibration/def_stereocalib_THERM.yml,calibration/def_thermalcam_ori.yml,640x480,broad_generalization_raw_only_selection,broad,raw_shift_local,False,v6,v9,support-v9,strict-selected,research,full,strict,all,17.64863223623884,8.75669538974762,2.7739222049713135,14.739468574523926,17.715023040771484,12.473703384399414,7.322636365890503,2.9795632362365723,11.665709495544434,17.63311767578125,12.473703384399414,9.774699807167053,17.000400066375732,562,4108,1406,4.18415904045105,29.979616165161133,602,7007,1406,6789,0.022099609375,0.5019885108263368,1.0,1.0,0.6974672266768487,54.52836696340496,2524,1068,2063,0.8739552440010785,0.4948453608247423,1406,0.0,0.19204595669465307,0.0,3.12,0.0,0.9230769230769231,general,False,,False,raw improvement -0.0104 is below 0.6000,17.673632236238838,generic_block,-0.5,0.0,0.5,-0.010402818570884875,0.9247311827956989,1.0,-0.17240655422210693,-0.3655118942260742,0.029899001121520996,v6,strict,v6 adds strict raw/depth support-gated selection for v9; aligned metrics remain evaluation-only.,209_seq495,,,,,,
209_seq495,209,495,p29_raw_shift_dx4p0_dy2p0_fill,True,phase21_fixed_rgb_canvas,phase23_crop_plus_board_residual_transform,,"[296, 103]","[280, 115]","Phase29 candidate generated from calibration files, raw RGB/LWIR/depth, Phase24 board-affine geometry, Phase25 depth projection support, and raw-only scene reliability scoring. MM5 aligned images are evaluation-only.",1.0,0.9313444010416667,0.9313444010416667,0.8706199526786804,0.7839535474777222,1.0,1.0291672565400436,1.088340167641531,0.9224856495857239,4.099826335906982,0.9313444010416667,1.1100628224753808,1.4145075393673257,-0.4837929606437683,1.0052522420883179,0.9313444010416667,-0.41140270814897045,0.5228117729821848,p29_raw_shift_dx4p0_dy2p0_fill,board_all_median_floor,affine,affine_lmeds,1496,5.984659671783447,7.825484275817871,"[[0.964242690293037, 0.13137386244365368, -26.99199754875218], [-0.06631033534806513, 0.9894192701549352, 24.920322865264623]]",4.0,2.0,9,True,False,3.0,2,0.1,calibration/def_stereocalib_THERM.yml,calibration/def_thermalcam_ori.yml,640x480,broad_generalization_raw_only_selection,broad,raw_shift_local,False,v6,v9,support-v9,strict-selected,research,full,strict,all,17.337312791155938,8.491885542869568,2.6853063106536865,14.29846477508545,17.231842041015625,11.40894889831543,6.834418892860413,2.815997362136841,10.852840423583984,17.165979385375977,11.40894889831543,8.88289988040924,15.861063480377197,596,4108,1406,4.122732520103455,28.28835105895996,624,7007,1406,6789,0.022099609375,0.5019885108263368,1.0,1.0,0.6776123202240041,58.31591423844209,2481,1068,2057,0.8755209033472241,0.49699312714776633,1406,0.0,0.19204595669465307,0.0,3.0727159118652345,0.0,0.9230769230769231,general,False,,False,raw improvement 0.3009 is below 0.6000,17.362312791155937,generic_block,0.5,0.0,0.5,0.30091662651201645,0.9585253456221198,1.0,0.3158109188079834,0.7738246917724609,-0.23491084575653076,v6,strict,v6 adds strict raw/depth support-gated selection for v9; aligned metrics remain evaluation-only.,209_seq495,,,,,,
209_seq495,209,495,p29_raw_shift_dx3p5_dy1p5_fill,True,phase21_fixed_rgb_canvas,phase23_crop_plus_board_residual_transform,,"[296, 103]","[280, 115]","Phase29 candidate generated from calibration files, raw RGB/LWIR/depth, Phase24 board-affine geometry, Phase25 depth projection support, and raw-only scene reliability scoring. MM5 aligned images are evaluation-only.",1.0,0.9327799479166666,0.9327799479166666,0.8706199526786804,0.7839535474777222,1.0,1.0291672565400436,1.088340167641531,0.9250125885009766,2.5390779972076416,0.9327799479166666,1.1230358439673622,1.421718156330877,-0.4919121563434601,1.0450159311294556,0.9327799479166666,-0.4196833830303851,0.5233257926656778,p29_raw_shift_dx3p5_dy1p5_fill,board_all_median_floor,affine,affine_lmeds,1496,5.984659671783447,7.825484275817871,"[[0.964242690293037, 0.13137386244365368, -26.99199754875218], [-0.06631033534806513, 0.9894192701549352, 24.920322865264623]]",3.5,1.5,9,True,False,3.0,2,0.1,calibration/def_stereocalib_THERM.yml,calibration/def_thermalcam_ori.yml,640x480,broad_generalization_raw_only_selection,broad,raw_shift_local,False,v6,v9,support-v9,strict-selected,research,full,strict,all,17.347049882908877,8.507445573806763,2.704132556915283,14.310758590698242,17.72175407409668,11.406525611877441,6.856715798377991,2.852177858352661,10.86125373840332,17.77707862854004,11.406525611877441,8.946099877357483,15.729401588439941,597,4108,1406,4.083080172538757,28.023265838623047,624,7007,1406,6789,0.022099609375,0.5019885108263368,1.0,1.0,0.6939035255186458,50.94278025449189,2420,1068,2060,0.8730542136339238,0.49742268041237114,1406,0.0,0.19204595669465307,0.0,3.072522048950195,0.0,0.9230769230769231,general,False,,False,raw improvement 0.2912 is below 0.6000,17.372049882908875,generic_block,0.0,-0.5,0.5,0.29117953475907754,0.9585253456221198,1.0,0.2935140132904053,0.9054865837097168,-0.21935081481933594,v6,strict,v6 adds strict raw/depth support-gated selection for v9; aligned metrics remain evaluation-only.,209_seq495,,,,,,
209_seq495,209,495,p29_raw_shift_dx3p5_dy2p5_fill,True,phase21_fixed_rgb_canvas,phase23_crop_plus_board_residual_transform,,"[296, 103]","[280, 115]","Phase29 candidate generated from calibration files, raw RGB/LWIR/depth, Phase24 board-affine geometry, Phase25 depth projection support, and raw-only scene reliability scoring. MM5 aligned images are evaluation-only.",1.0,0.9317578125,0.9317578125,0.8706199526786804,0.7839535474777222,1.0,1.0291672565400436,1.088340167641531,0.9257916808128357,3.6042768955230713,0.9317578125,1.117552956645277,1.422579581370533,-0.4933369755744934,1.0054141283035278,0.9317578125,-0.42047627691374423,0.5259545562038022,p29_raw_shift_dx3p5_dy2p5_fill,board_all_median_floor,affine,affine_lmeds,1496,5.984659671783447,7.825484275817871,"[[0.964242690293037, 0.13137386244365368, -26.99199754875218], [-0.06631033534806513, 0.9894192701549352, 24.920322865264623]]",3.5,2.5,9,True,False,3.0,2,0.1,calibration/def_stereocalib_THERM.yml,calibration/def_thermalcam_ori.yml,640x480,broad_generalization_raw_only_selection,broad,raw_shift_local,False,v6,v9,support-v9,strict-selected,research,full,strict,all,17.67341001161688,8.7786386013031,2.727844715118408,14.829432487487793,17.79174041748047,12.379828453063965,7.253271222114563,2.872814416885376,11.63372802734375,17.91310691833496,12.379828453063965,9.486799836158752,16.90910291671753,584,4108,1406,4.25264310836792,29.97470760345459,611,7007,1406,6789,0.022099609375,0.5019885108263368,1.0,1.0,0.69199439989818,55.230946408745744,2529,1068,2056,0.8761097659402745,0.4965635738831615,1406,0.0,0.19204595669465307,0.0,3.12,0.0,0.9230769230769231,general,False,,False,raw improvement -0.0352 is below 0.6000,17.69841001161688,generic_block,0.0,0.5,0.5,-0.03518059394892603,0.9385560675883257,1.0,-0.10304141044616699,-0.2742147445678711,0.05184221267700195,v6,strict,v6 adds strict raw/depth support-gated selection for v9; aligned metrics remain evaluation-only.,209_seq495,,,,,,
248_seq534,248,534,p29_baseline,True,phase21_fixed_rgb_canvas,phase24_affine_lwir_subpixel_shift_depth_fill_then_morph_close,,"[296, 103]","[280, 115]","Phase29 candidate generated from calibration files, raw RGB/LWIR/depth, Phase24 board-affine geometry, Phase25 depth projection support, and raw-only scene reliability scoring. MM5 aligned images are evaluation-only.",1.0,0.9317578125,0.9317578125,0.8371677398681641,0.7024272084236145,1.0,0.9731288273020031,0.9345043378958715,0.8918759822845459,2.7664244174957275,0.9317578125,1.0944323485997547,1.4610327521345543,-0.40208667516708374,1.0040796995162964,0.9317578125,-0.34105182845154086,0.4470621660842713,p29_baseline,board_all_median_floor,affine,affine_lmeds,1496,5.984659671783447,7.825484275817871,"[[0.964242690293037, 0.13137386244365368, -26.99199754875218], [-0.06631033534806513, 0.9894192701549352, 24.920322865264623]]",3.5,2.0,9,True,False,3.0,2,0.1,calibration/def_stereocalib_THERM.yml,calibration/def_thermalcam_ori.yml,640x480,broad_generalization_raw_only_selection,broad,baseline,False,v6,v9,support-v9,strict-selected,research,full,strict,all,19.32387888687649,8.025596141815186,3.29653263092041,12.754659652709961,4.663763523101807,10.040725708007812,8.22398042678833,3.282475471496582,13.165485382080078,5.70050573348999,11.090060234069824,10.332950234413147,17.635900020599365,856,7434,5389,3.107359290122986,20.607975006103516,1022,9162,6675,13661,0.04446940104166667,0.9096698631139741,0.12429343047355859,1.0,1.0,80.66626177088673,15922,2261,3701,0.8576745121705894,0.3274767146486029,6675,0.0,0.0,0.22,1.6427354907989502,0.4895625549554077,0.9230769230769231,reflection_background,True,selector v6 retained baseline; best raw improvement 1.9245; safety filters rejected candidates (p29_depth_conservative: depth/reflection/edge guard candidates are diagnostic-only by default; p29_reflection_guard: depth/reflection/edge guard candidates are diagnostic-only by default; p29_small_target_guard: raw symmetric edge improvement -2.8093 is below 0.0350; +18 more rejected),True,,19.32387888687649,v6_baseline,0.0,0.0,0.0,0.0,1.0,1.0,0.0,0.0,0.0,v6,strict,v6 baseline row; aligned metrics are not used for selection.,248_seq534,,,,,,
248_seq534,248,534,p29_depth_conservative,True,phase21_fixed_rgb_canvas,phase23_crop_plus_board_residual_transform,,"[296, 103]","[280, 115]","Phase29 candidate generated from calibration files, raw RGB/LWIR/depth, Phase24 board-affine geometry, Phase25 depth projection support, and raw-only scene reliability scoring. MM5 aligned images are evaluation-only.",1.0,0.9317578125,0.9317578125,0.8371677398681641,0.7024272084236145,1.0,0.9731288273020031,0.9345043378958715,0.8907209038734436,5.088186740875244,0.9317578125,1.0786462230333635,1.456362930701142,-0.4031944274902344,0.968323826789856,0.9317578125,-0.34285255780845525,0.441012084283455,p29_depth_conservative,board_all_median_floor,affine,affine_lmeds,1496,5.984659671783447,7.825484275817871,"[[0.964242690293037, 0.13137386244365368, -26.99199754875218], [-0.06631033534806513, 0.9894192701549352, 24.920322865264623]]",3.5,2.0,9,False,False,4.0,3,0.075,calibration/def_stereocalib_THERM.yml,calibration/def_thermalcam_ori.yml,640x480,broad_generalization_raw_only_selection,broad,depth_conservative,False,v6,v9,support-v9,strict-selected,research,full,strict,all,18.72176063331627,7.588999509811401,3.256004810333252,11.92199420928955,4.8049139976501465,9.618226051330566,7.71323037147522,3.048837184906006,12.377623558044434,6.112602233886719,10.57901382446289,9.757150292396545,16.828351497650146,872,7153,5164,2.831318736076355,20.283541679382324,1071,8905,6538,12575,0.040934244791666664,0.9246123260437376,0.12429343047355859,1.0,1.0,80.66626177088673,15922,3347,3647,0.8498714652956298,0.3244933160845192,6538,0.0,0.0,0.0,1.6343426036834718,0.4895625549554077,0.9230769230769231,reflection_background,False,,False,depth/reflection/edge guard candidates are diagnostic-only by default,18.72176063331627,diagnostic_guard_block,0.0,0.0,0.0,0.6021182535602208,1.047945205479452,0.9205036234536271,0.5107500553131104,0.8075485229492188,-0.4365966320037842,v6,strict,v6 adds strict raw/depth support-gated selection for v9; aligned metrics remain evaluation-only.,248_seq534,,,,,,
248_seq534,248,534,p29_reflection_guard,True,phase21_fixed_rgb_canvas,phase23_crop_plus_board_residual_transform,,"[296, 103]","[280, 115]","Phase29 candidate generated from calibration files, raw RGB/LWIR/depth, Phase24 board-affine geometry, Phase25 depth projection support, and raw-only scene reliability scoring. MM5 aligned images are evaluation-only.",1.0,0.9317578125,0.9317578125,0.8371677398681641,0.7024272084236145,1.0,0.9731288273020031,0.9345043378958715,0.8907209038734436,5.088186740875244,0.9317578125,1.0786462230333635,1.456362930701142,-0.4031944274902344,0.968323826789856,0.9317578125,-0.34285255780845525,0.441012084283455,p29_reflection_guard,board_all_median_floor,affine,affine_lmeds,1496,5.984659671783447,7.825484275817871,"[[0.964242690293037, 0.13137386244365368, -26.99199754875218], [-0.06631033534806513, 0.9894192701549352, 24.920322865264623]]",3.5,2.0,9,False,False,4.5,3,0.055,calibration/def_stereocalib_THERM.yml,calibration/def_thermalcam_ori.yml,640x480,broad_generalization_raw_only_selection,broad,reflection_guard,False,v6,v9,support-v9,strict-selected,research,full,strict,all,18.70892148906639,7.588999509811401,3.256004810333252,11.92199420928955,4.8049139976501465,9.618226051330566,7.71323037147522,3.048837184906006,12.377623558044434,6.112602233886719,10.57901382446289,9.757150292396545,16.828351497650146,872,7153,5164,2.831318736076355,20.283541679382324,1071,8905,6538,12575,0.040934244791666664,0.9246123260437376,0.12429343047355859,1.0,1.0,80.66626177088673,15922,3347,3640,0.8498714652956298,0.3174398625429553,6538,0.0,0.0,0.0,1.6343426036834718,0.4895625549554077,0.9230769230769231,reflection_background,False,,False,depth/reflection/edge guard candidates are diagnostic-only by default,18.70892148906639,diagnostic_guard_block,0.0,0.0,0.0,0.6149573978100982,1.047945205479452,0.9205036234536271,0.5107500553131104,0.8075485229492188,-0.4365966320037842,v6,strict,v6 adds strict raw/depth support-gated selection for v9; aligned metrics remain evaluation-only.,248_seq534,,,,,,
248_seq534,248,534,p29_small_target_guard,True,phase21_fixed_rgb_canvas,phase23_crop_plus_board_residual_transform,,"[296, 103]","[280, 115]","Phase29 candidate generated from calibration files, raw RGB/LWIR/depth, Phase24 board-affine geometry, Phase25 depth projection support, and raw-only scene reliability scoring. MM5 aligned images are evaluation-only.",1.0,0.9317578125,0.9317578125,0.8371677398681641,0.7024272084236145,1.0,0.9731288273020031,0.9345043378958715,0.8863542675971985,2.808555841445923,0.9317578125,1.087567435466205,1.4537633527845477,-0.40319696068763733,0.9408212900161743,0.9317578125,-0.34400039871797705,0.43227659806504887,p29_small_target_guard,board_all_median_floor,affine,affine_lmeds,1496,5.984659671783447,7.825484275817871,"[[0.964242690293037, 0.13137386244365368, -26.99199754875218], [-0.06631033534806513, 0.9894192701549352, 24.920322865264623]]",3.5,2.0,5,True,False,3.0,2,0.065,calibration/def_stereocalib_THERM.yml,calibration/def_thermalcam_ori.yml,640x480,broad_generalization_raw_only_selection,broad,small_target_guard,False,v6,v9,support-v9,strict-selected,research,full,strict,all,17.399352793863365,10.834891259670258,1.0408133268356323,20.628969192504883,4.494114875793457,8.108531951904297,11.395426481962204,0.6426481604576111,22.148204803466797,12.0,12.0,14.17050364613533,18.838765144348145,27,684,1,3.7702265083789825,12.0,68,1352,390,535,0.0017415364583333334,1.0,1.0,1.0,0.2853566958698373,85.36514517036332,12,264,496,0.9146341463414634,0.4021164021164021,390,1.1072005208333333,0.0,0.0,1.4576232337951658,0.0,0.9230769230769231,reflection_background,False,,False,raw symmetric edge improvement -2.8093 is below 0.0350,17.619352793863364,small_target_guard_block,0.0,0.0,0.0,1.9245260930131245,0.06653620352250489,0.03916257960617817,-3.171446055173874,-1.2028651237487793,2.809295117855072,v6,strict,v6 adds strict raw/depth support-gated selection for v9; aligned metrics remain evaluation-only.,248_seq534,,,,,,
248_seq534,248,534,p29_edge_contamination_guard,True,phase21_fixed_rgb_canvas,phase23_crop_plus_board_residual_transform,,"[296, 103]","[280, 115]","Phase29 candidate generated from calibration files, raw RGB/LWIR/depth, Phase24 board-affine geometry, Phase25 depth projection support, and raw-only scene reliability scoring. MM5 aligned images are evaluation-only.",1.0,0.9317578125,0.9317578125,0.8371677398681641,0.7024272084236145,1.0,0.9731288273020031,0.9345043378958715,0.8907209038734436,5.088186740875244,0.9317578125,1.0786462230333635,1.456362930701142,-0.4031944274902344,0.968323826789856,0.9317578125,-0.34285255780845525,0.441012084283455,p29_edge_contamination_guard,board_all_median_floor,affine,affine_lmeds,1496,5.984659671783447,7.825484275817871,"[[0.964242690293037, 0.13137386244365368, -26.99199754875218], [-0.06631033534806513, 0.9894192701549352, 24.920322865264623]]",3.5,2.0,9,False,False,4.0,3,0.08,calibration/def_stereocalib_THERM.yml,calibration/def_thermalcam_ori.yml,640x480,broad_generalization_raw_only_selection,broad,edge_contamination_guard,False,v6,v9,support-v9,strict-selected,research,full,strict,all,21.027165732227367,11.340280085802078,0.8806410431861877,21.79991912841797,4.91562557220459,19.77907371520996,11.23849755525589,0.9236637353897095,21.55333137512207,7.333132743835449,14.964244842529297,15.756444573402405,20.27619230747223,80,1533,418,3.6708306074142456,29.733509063720703,112,2217,1214,1783,0.005804036458333333,1.0,0.12429343047355859,1.0,1.0,80.66626177088673,15922,14139,892,0.9053461875547765,0.43125,1214,0.05095052083333336,0.0,0.0,1.8448126029968261,0.4895625549554077,0.9230769230769231,reflection_background,False,,False,depth/reflection/edge guard candidates are diagnostic-only by default,21.027165732227367,diagnostic_guard_block,0.0,0.0,0.0,-1.7032868453508776,0.1095890410958904,0.13051753165946856,-3.01451712846756,-2.6402922868728638,3.3146839439868927,v6,strict,v6 adds strict raw/depth support-gated selection for v9; aligned metrics remain evaluation-only.,248_seq534,,,,,,
248_seq534,248,534,p29_v9_support_gated,True,phase21_fixed_rgb_canvas,phase23_crop_plus_board_residual_transform,,"[296, 103]","[280, 115]","Phase29 candidate generated from calibration files, raw RGB/LWIR/depth, Phase24 board-affine geometry, Phase25 depth projection support, and raw-only scene reliability scoring. MM5 aligned images are evaluation-only.",1.0,0.9317578125,0.9317578125,0.8371677398681641,0.7024272084236145,1.0,0.9731288273020031,0.9345043378958715,0.9225332140922546,1.4167718887329102,0.9317578125,1.1139618426124394,1.3328617323505478,-0.47727516293525696,1.3164950609207153,0.9317578125,-0.42563997092849015,0.396894415815274,p29_v9_support_gated,board_all_median_floor,affine,affine_lmeds,1496,5.984659671783447,7.825484275817871,"[[0.964242690293037, 0.13137386244365368, -26.99199754875218], [-0.06631033534806513, 0.9894192701549352, 24.920322865264623]]",3.5,2.0,5,True,False,7.0,3,0.075,calibration/def_stereocalib_THERM.yml,calibration/def_thermalcam_ori.yml,640x480,broad_generalization_raw_only_selection,broad,v9_support_gated,False,v6,v9,support-v9,strict-selected,research,full,strict,all,27.483609356384946,16.25989431142807,1.1668261289596558,31.352962493896484,5.2079339027404785,32.65316390991211,15.116755425930023,1.1668261289596558,29.06668472290039,5.836026668548584,30.62937355041504,19.51430469751358,29.415419697761536,211,7139,5308,6.996993809938431,37.33592462539673,211,8934,6467,13073,0.04255533854166667,0.8324791555113593,0.11313034059453604,1.0,1.0,77.97279229101456,16618,3545,2712,0.9562534435261708,0.2435380602323927,6467,0.0,0.0,0.22,1.897428102493286,0.5024001083162836,0.9230769230769231,reflection_background,False,,False,v9 reflection gate lacks enough rejected background evidence,10.03081,v9_reflection_block,0.0,0.0,0.0,-8.159730469508457,0.20645792563600782,0.956957762974892,-6.892774999141693,-11.77951967716217,8.234298169612885,v6,strict,v6 adds strict raw/depth support-gated selection for v9; aligned metrics remain evaluation-only.,248_seq534,True,v9_support_gated,1281,9,,0.9317578125
248_seq534,248,534,p29_v9_support_gated_tight,True,phase21_fixed_rgb_canvas,phase23_crop_plus_board_residual_transform,,"[296, 103]","[280, 115]","Phase29 candidate generated from calibration files, raw RGB/LWIR/depth, Phase24 board-affine geometry, Phase25 depth projection support, and raw-only scene reliability scoring. MM5 aligned images are evaluation-only.",1.0,0.9317578125,0.9317578125,0.8371677398681641,0.7024272084236145,1.0,0.9731288273020031,0.9345043378958715,0.9224423170089722,1.8310880661010742,0.9317578125,1.1102375971859844,1.3252120571574566,-0.47811105847358704,1.5289117097854614,0.9317578125,-0.42840028802040303,0.3925616047459787,p29_v9_support_gated_tight,board_all_median_floor,affine,affine_lmeds,1496,5.984659671783447,7.825484275817871,"[[0.964242690293037, 0.13137386244365368, -26.99199754875218], [-0.06631033534806513, 0.9894192701549352, 24.920322865264623]]",3.5,2.0,5,True,False,8.0,4,0.055,calibration/def_stereocalib_THERM.yml,calibration/def_thermalcam_ori.yml,640x480,broad_generalization_raw_only_selection,broad,v9_support_gated_tight,False,v6,v9,support-v9,strict-selected,research,full,strict,all,29.353727292480436,18.150936365127563,1.5466198921203613,34.755252838134766,4.344836235046387,33.84805679321289,16.957358717918396,1.5684764385223389,32.34624099731445,5.377540588378906,31.807310104370117,22.16160398721695,29.84726107120514,140,6791,4979,7.155392915010452,37.03887748718262,147,8591,6310,11629,0.037854817708333335,0.871098116777023,0.11693921629126813,1.0,1.0,78.96530091978387,16205,4576,2745,0.9719669117647058,0.23969502025256134,6310,0.0,0.0,0.22,1.7420705223083495,0.49801990126504164,0.9230769230769231,reflection_background,False,,False,v9 support candidate mode is diagnostic-only unless a dedicated raw/depth gate allows it,10.15407,v9_mode_block,0.0,0.0,0.0,-10.029848405603946,0.14383561643835616,0.851255398579899,-8.733378291130066,-12.211361050605774,10.125340223312378,v6,strict,v6 adds strict raw/depth support-gated selection for v9; aligned metrics remain evaluation-only.,248_seq534,True,v9_support_gated_tight,807,8,,0.9317578125
248_seq534,248,534,p29_v9_target_only,True,phase21_fixed_rgb_canvas,phase23_crop_plus_board_residual_transform,,"[296, 103]","[280, 115]","Phase29 candidate generated from calibration files, raw RGB/LWIR/depth, Phase24 board-affine geometry, Phase25 depth projection support, and raw-only scene reliability scoring. MM5 aligned images are evaluation-only.",1.0,0.9317578125,0.9317578125,0.8371677398681641,0.7024272084236145,1.0,0.9731288273020031,0.9345043378958715,0.8072587251663208,2.264859199523926,0.9317578125,0.9680644735119407,1.1626326902850899,-0.3552302122116089,1.0552021265029907,0.9317578125,-0.30184569506611075,0.3981048660301072,p29_v9_target_only,board_all_median_floor,affine,affine_lmeds,1496,5.984659671783447,7.825484275817871,"[[0.964242690293037, 0.13137386244365368, -26.99199754875218], [-0.06631033534806513, 0.9894192701549352, 24.920322865264623]]",3.5,2.0,5,True,False,8.0,4,0.045,calibration/def_stereocalib_THERM.yml,calibration/def_thermalcam_ori.yml,640x480,broad_generalization_raw_only_selection,broad,v9_target_only,False,v6,v9,support-v9,strict-selected,research,full,strict,all,19.644745707213808,11.132541090250015,0.7083500027656555,21.556732177734375,11.881464958190918,20.737751007080078,12.0,12.0,12.0,12.0,12.0,12.0,12.0,10,481,0,2.3674589097499847,12.0,48,1041,117,321,0.001044921875,1.0,1.0,1.0,0.2853566958698373,85.36514517036332,12,478,625,0.9192488262910798,0.4845505617977528,117,1.2883203125,0.0,0.0,3.098663692474365,0.0,0.9230769230769231,reflection_background,False,,False,v9 gate pixels 44980 exceed 22000,10.7938,v9_gate_block,0.0,0.0,0.0,-0.3208668203373186,0.046966731898238745,0.023497547763706904,-3.77601957321167,5.635900020599365,3.1069449484348297,v6,strict,v6 adds strict raw/depth support-gated selection for v9; aligned metrics remain evaluation-only.,248_seq534,True,v9_target_only,44980,64,,0.9317578125
248_seq534,248,534,p29_v9_depth_thermal,True,phase21_fixed_rgb_canvas,phase23_crop_plus_board_residual_transform,,"[296, 103]","[280, 115]","Phase29 candidate generated from calibration files, raw RGB/LWIR/depth, Phase24 board-affine geometry, Phase25 depth projection support, and raw-only scene reliability scoring. MM5 aligned images are evaluation-only.",1.0,0.9317578125,0.9317578125,0.8371677398681641,0.7024272084236145,1.0,0.9731288273020031,0.9345043378958715,0.9227201342582703,1.6367428302764893,0.9317578125,1.111933686967018,1.3268933979360444,-0.4781152009963989,1.5249650478363037,0.9317578125,-0.4284264582771556,0.39225688670840797,p29_v9_depth_thermal,board_all_median_floor,affine,affine_lmeds,1496,5.984659671783447,7.825484275817871,"[[0.964242690293037, 0.13137386244365368, -26.99199754875218], [-0.06631033534806513, 0.9894192701549352, 24.920322865264623]]",3.5,2.0,5,True,False,7.0,3,0.065,calibration/def_stereocalib_THERM.yml,calibration/def_thermalcam_ori.yml,640x480,broad_generalization_raw_only_selection,broad,v9_depth_thermal,False,v6,v9,support-v9,strict-selected,research,full,strict,all,29.30828924079771,18.050618410110474,1.4816536903381348,34.61958312988281,5.207210540771484,33.39339065551758,16.692615747451782,1.4816536903381348,31.90357780456543,6.090606212615967,31.37567710876465,21.747303068637848,29.714528679847717,147,7087,5263,7.286634832620621,36.943774700164795,147,8848,6448,12690,0.04130859375,0.8461780929866036,0.11583106939985181,1.0,1.0,79.0076410824147,16196,3506,2775,0.9718655799933014,0.23597589244320816,6448,0.0,0.0,0.22,1.8972978973388672,0.4992942701901704,0.9230769230769231,reflection_background,False,,False,v9 reflection depth-thermal lacks enough rejected background evidence,10.15727,v9_reflection_depth_block,0.0,0.0,0.0,-9.98441035392122,0.14383561643835616,0.928921748041871,-8.468635320663452,-12.078628659248352,10.025022268295288,v6,strict,v6 adds strict raw/depth support-gated selection for v9; aligned metrics remain evaluation-only.,248_seq534,True,v9_depth_thermal,1127,8,,0.9317578125
248_seq534,248,534,p29_v9_target_silhouette,True,phase21_fixed_rgb_canvas,phase23_crop_plus_board_residual_transform,,"[296, 103]","[280, 115]","Phase29 candidate generated from calibration files, raw RGB/LWIR/depth, Phase24 board-affine geometry, Phase25 depth projection support, and raw-only scene reliability scoring. MM5 aligned images are evaluation-only.",1.0,0.9317578125,0.9317578125,0.8371677398681641,0.7024272084236145,1.0,0.9731288273020031,0.9345043378958715,0.7691538333892822,1.7694514989852905,0.9317578125,0.9299632756380677,1.1428410082846483,-0.4410226047039032,1.2128067016601562,0.9317578125,-0.3948542746656444,0.35630113498813193,p29_v9_target_silhouette,board_all_median_floor,affine,affine_lmeds,1496,5.984659671783447,7.825484275817871,"[[0.964242690293037, 0.13137386244365368, -26.99199754875218], [-0.06631033534806513, 0.9894192701549352, 24.920322865264623]]",3.5,2.0,5,True,False,7.0,3,0.045,calibration/def_stereocalib_THERM.yml,calibration/def_thermalcam_ori.yml,640x480,broad_generalization_raw_only_selection,broad,v9_target_silhouette,False,v6,v9,support-v9,strict-selected,research,full,strict,all,22.933340739909582,11.59355765581131,1.3002649545669556,21.886850357055664,1.3007800579071045,17.0562801361084,11.96735817193985,1.3842116594314575,22.550504684448242,1.351701259613037,16.492046356201172,15.810154020786285,24.801902890205383,316,5790,3442,5.074276238679886,25.7288076877594,409,9017,5448,5660,0.018424479166666667,0.5381625441696113,0.0976884975233902,1.0,1.0,89.07030218310422,10902,5313,4386,0.9101693087458212,0.3483430799220273,5448,0.0,0.04734982332155502,0.22,1.1941404104232787,0.5201582278481013,0.9230769230769231,reflection_background,False,,False,v9 gate pixels 44980 exceed 22000,10.8278,v9_gate_block,0.0,0.0,0.0,-3.6094618530330926,0.40019569471624267,0.41431813190835226,-3.7433777451515198,-7.166002869606018,3.5679615139961243,v6,strict,v6 adds strict raw/depth support-gated selection for v9; aligned metrics remain evaluation-only.,248_seq534,True,v9_target_silhouette,44980,64,82.0,0.9317578125
248_seq534,248,534,p29_raw_shift_dx2p5_dy1p0_fill,True,phase21_fixed_rgb_canvas,phase23_crop_plus_board_residual_transform,,"[296, 103]","[280, 115]","Phase29 candidate generated from calibration files, raw RGB/LWIR/depth, Phase24 board-affine geometry, Phase25 depth projection support, and raw-only scene reliability scoring. MM5 aligned images are evaluation-only.",1.0,0.9331673177083334,0.9331673177083334,0.8371677398681641,0.7024272084236145,1.0,0.9731288273020031,0.9345043378958715,0.8680851459503174,3.0461642742156982,0.9331673177083334,1.0625306769310365,1.418150110840089,-0.3998193144798279,0.9146150350570679,0.9331673177083334,-0.3384157235312291,0.44594187439294103,p29_raw_shift_dx2p5_dy1p0_fill,board_all_median_floor,affine,affine_lmeds,1496,5.984659671783447,7.825484275817871,"[[0.964242690293037, 0.13137386244365368, -26.99199754875218], [-0.06631033534806513, 0.9894192701549352, 24.920322865264623]]",2.5,1.0,9,True,False,3.0,2,0.1,calibration/def_stereocalib_THERM.yml,calibration/def_thermalcam_ori.yml,640x480,broad_generalization_raw_only_selection,broad,raw_shift_local,False,v6,v9,support-v9,strict-selected,research,full,strict,all,18.86338003210682,7.564953684806824,3.0939700603485107,12.035937309265137,4.866203308105469,9.854253768920898,7.649845242500305,3.0430405139923096,12.2566499710083,5.720681190490723,10.599518775939941,9.693950295448303,16.58609962463379,894,7480,5437,2.7314164638519287,20.060606956481934,1052,9205,6701,13661,0.04446940104166667,0.9096698631139741,0.12435623665368672,1.0,1.0,80.20807917668667,15922,2261,3682,0.8519667700930837,0.32281964436917865,6701,0.0,0.0,0.22,1.664256896972656,0.4894903278482603,0.9230769230769231,reflection_background,False,,False,raw improvement 0.4605 is below 0.6000,18.963380032106823,generic_block,-1.0,-1.0,2.0,0.4604988547696678,1.0293542074363993,1.0,0.5741351842880249,1.0498003959655762,-0.4606424570083618,v6,strict,v6 adds strict raw/depth support-gated selection for v9; aligned metrics remain evaluation-only.,248_seq534,,,,,,
248_seq534,248,534,p29_raw_shift_dx3p5_dy1p0_fill,True,phase21_fixed_rgb_canvas,phase23_crop_plus_board_residual_transform,,"[296, 103]","[280, 115]","Phase29 candidate generated from calibration files, raw RGB/LWIR/depth, Phase24 board-affine geometry, Phase25 depth projection support, and raw-only scene reliability scoring. MM5 aligned images are evaluation-only.",1.0,0.9327799479166666,0.9327799479166666,0.8371677398681641,0.7024272084236145,1.0,0.9731288273020031,0.9345043378958715,0.8735266327857971,2.8412187099456787,0.9327799479166666,1.071978752340851,1.4366628787648543,-0.40015578269958496,0.9452676773071289,0.9327799479166666,-0.33880043291271644,0.44684637233807534,p29_raw_shift_dx3p5_dy1p0_fill,board_all_median_floor,affine,affine_lmeds,1496,5.984659671783447,7.825484275817871,"[[0.964242690293037, 0.13137386244365368, -26.99199754875218], [-0.06631033534806513, 0.9894192701549352, 24.920322865264623]]",3.5,1.0,9,True,False,3.0,2,0.1,calibration/def_stereocalib_THERM.yml,calibration/def_thermalcam_ori.yml,640x480,broad_generalization_raw_only_selection,broad,raw_shift_local,False,v6,v9,support-v9,strict-selected,research,full,strict,all,17.534972136114636,10.918125063180923,0.8707349896430969,20.96551513671875,4.08867883682251,10.38940143585205,11.765350103378296,0.9107394218444824,22.61996078491211,12.0,12.0,14.938013970851898,19.440556168556213,33,793,13,4.207364082336426,12.0,80,1524,580,690,0.00224609375,1.0,1.0,1.0,0.20672097759674135,99.94376018622184,12,292,582,0.8994910941475827,0.38794435857805254,580,0.976015625,0.0,0.0,1.5671143054962158,0.0,0.9230769230769231,reflection_background,False,,False,support retain ratio 0.051 is below 0.650,17.584972136114636,support_block,0.0,-1.0,1.0,1.7889067507618535,0.07827788649706457,0.05050874752946344,-3.541369676589966,-1.8046561479568481,2.892528921365738,v6,strict,v6 adds strict raw/depth support-gated selection for v9; aligned metrics remain evaluation-only.,248_seq534,,,,,,
248_seq534,248,534,p29_raw_shift_dx4p5_dy1p0_fill,True,phase21_fixed_rgb_canvas,phase23_crop_plus_board_residual_transform,,"[296, 103]","[280, 115]","Phase29 candidate generated from calibration files, raw RGB/LWIR/depth, Phase24 board-affine geometry, Phase25 depth projection support, and raw-only scene reliability scoring. MM5 aligned images are evaluation-only.",1.0,0.9323665364583333,0.9323665364583333,0.8371677398681641,0.7024272084236145,1.0,0.9731288273020031,0.9345043378958715,0.8773977756500244,2.7683002948760986,0.9323665364583333,1.0788255880221915,1.4535840942761584,-0.3991958796977997,0.9199624061584473,0.9323665364583333,-0.3374315833808123,0.44856047169292057,p29_raw_shift_dx4p5_dy1p0_fill,board_all_median_floor,affine,affine_lmeds,1496,5.984659671783447,7.825484275817871,"[[0.964242690293037, 0.13137386244365368, -26.99199754875218], [-0.06631033534806513, 0.9894192701549352, 24.920322865264623]]",4.5,1.0,9,True,False,3.0,2,0.1,calibration/def_stereocalib_THERM.yml,calibration/def_thermalcam_ori.yml,640x480,broad_generalization_raw_only_selection,broad,raw_shift_local,False,v6,v9,support-v9,strict-selected,research,full,strict,all,21.11258028123852,12.0,12.0,12.0,12.0,12.0,12.0,12.0,12.0,12.0,12.0,12.0,12.0,9,4406,1789,1.5,12.0,11,4427,3012,11103,0.036142578125,1.0,1.0,1.0,0.4969499456839642,153.69939553730356,3913,1506,1661,0.9972942502818489,0.04974582425562818,3012,0.0,0.0,0.22,3.12,0.0,0.9230769230769231,reflection_background,False,,False,LWIR edge retain ratio 0.011 is below 0.550,21.212580281238523,edge_growth_block,1.0,-1.0,2.0,-1.7887013943620325,0.010763209393346379,0.8127516287241051,-3.77601957321167,5.635900020599365,3.9744038581848145,v6,strict,v6 adds strict raw/depth support-gated selection for v9; aligned metrics remain evaluation-only.,248_seq534,,,,,,
248_seq534,248,534,p29_raw_shift_dx2p5_dy2p0_fill,True,phase21_fixed_rgb_canvas,phase23_crop_plus_board_residual_transform,,"[296, 103]","[280, 115]","Phase29 candidate generated from calibration files, raw RGB/LWIR/depth, Phase24 board-affine geometry, Phase25 depth projection support, and raw-only scene reliability scoring. MM5 aligned images are evaluation-only.",1.0,0.9321451822916667,0.9321451822916667,0.8371677398681641,0.7024272084236145,1.0,0.9731288273020031,0.9345043378958715,0.8860116600990295,3.109818935394287,0.9321451822916667,1.0834005369758943,1.440318603261538,-0.4026431441307068,1.015602707862854,0.9321451822916667,-0.34179924708239734,0.44625008863657745,p29_raw_shift_dx2p5_dy2p0_fill,board_all_median_floor,affine,affine_lmeds,1496,5.984659671783447,7.825484275817871,"[[0.964242690293037, 0.13137386244365368, -26.99199754875218], [-0.06631033534806513, 0.9894192701549352, 24.920322865264623]]",2.5,2.0,9,True,False,3.0,2,0.1,calibration/def_stereocalib_THERM.yml,calibration/def_thermalcam_ori.yml,640x480,broad_generalization_raw_only_selection,broad,raw_shift_local,False,v6,v9,support-v9,strict-selected,research,full,strict,all,19.008955941163464,7.722663879394531,3.362086296081543,12.08324146270752,4.938880920410156,9.891766548156738,7.8266154527664185,3.3239500522613525,12.329280853271484,5.805074691772461,10.693474769592285,9.918649792671204,16.94597578048706,876,7416,5366,2.8404455184936523,19.98125123977661,1040,9158,6619,13661,0.04446940104166667,0.9096698631139741,0.12240924506971486,1.0,1.0,81.06186211208951,15922,2261,3668,0.8555934926692107,0.32218458933107536,6619,0.0,0.0,0.22,1.6803398895263673,0.49172936816982793,0.9230769230769231,reflection_background,False,,False,raw improvement 0.3149 is below 0.6000,19.058955941163465,generic_block,-1.0,0.0,1.0,0.31492294571302537,1.0176125244618395,1.0,0.3973649740219116,0.6899242401123047,-0.3029322624206543,v6,strict,v6 adds strict raw/depth support-gated selection for v9; aligned metrics remain evaluation-only.,248_seq534,,,,,,
248_seq534,248,534,p29_raw_shift_dx4p5_dy2p0_fill,True,phase21_fixed_rgb_canvas,phase23_crop_plus_board_residual_transform,,"[296, 103]","[280, 115]","Phase29 candidate generated from calibration files, raw RGB/LWIR/depth, Phase24 board-affine geometry, Phase25 depth projection support, and raw-only scene reliability scoring. MM5 aligned images are evaluation-only.",1.0,0.9313444010416667,0.9313444010416667,0.8371677398681641,0.7024272084236145,1.0,0.9731288273020031,0.9345043378958715,0.8957154154777527,3.0135748386383057,0.9313444010416667,1.0995818567622277,1.4796526021086989,-0.40233033895492554,1.0025622844696045,0.9313444010416667,-0.3411542987825195,0.4479427591948245,p29_raw_shift_dx4p5_dy2p0_fill,board_all_median_floor,affine,affine_lmeds,1496,5.984659671783447,7.825484275817871,"[[0.964242690293037, 0.13137386244365368, -26.99199754875218], [-0.06631033534806513, 0.9894192701549352, 24.920322865264623]]",4.5,2.0,9,True,False,3.0,2,0.1,calibration/def_stereocalib_THERM.yml,calibration/def_thermalcam_ori.yml,640x480,broad_generalization_raw_only_selection,broad,raw_shift_local,False,v6,v9,support-v9,strict-selected,research,full,strict,all,35.18913093657636,26.307114601135254,4.85841178894043,47.75581741333008,39.03927993774414,64.59142303466797,25.653162837028503,3.1793954372406006,48.126930236816406,29.908891677856445,57.495567321777344,33.97342085838318,40.89189291000366,22,4359,1777,9.376924991607666,73.00415420532227,33,4373,3000,11040,0.0359375,1.0,1.0,1.0,0.5367169715875558,160.53444647007072,4350,1471,1656,0.9929449248975876,0.04593510754648195,3000,0.0,0.0,0.0,3.12,0.0,0.9230769230769231,reflection_background,False,,False,LWIR edge retain ratio 0.032 is below 0.550,35.23913093657636,edge_growth_block,1.0,0.0,1.0,-15.865252049699873,0.03228962818003914,0.808139960471415,-17.429182410240173,-23.255992889404297,18.28151845932007,v6,strict,v6 adds strict raw/depth support-gated selection for v9; aligned metrics remain evaluation-only.,248_seq534,,,,,,
248_seq534,248,534,p29_raw_shift_dx2p5_dy3p0_fill,True,phase21_fixed_rgb_canvas,phase23_crop_plus_board_residual_transform,,"[296, 103]","[280, 115]","Phase29 candidate generated from calibration files, raw RGB/LWIR/depth, Phase24 board-affine geometry, Phase25 depth projection support, and raw-only scene reliability scoring. MM5 aligned images are evaluation-only.",1.0,0.9310774739583333,0.9310774739583333,0.8371677398681641,0.7024272084236145,1.0,0.9731288273020031,0.9345043378958715,0.9009016156196594,2.7733404636383057,0.9310774739583333,1.1035705183530298,1.4620596367680008,-0.40305379033088684,1.013763189315796,0.9310774739583333,-0.34214487216090267,0.4466099820391929,p29_raw_shift_dx2p5_dy3p0_fill,board_all_median_floor,affine,affine_lmeds,1496,5.984659671783447,7.825484275817871,"[[0.964242690293037, 0.13137386244365368, -26.99199754875218], [-0.06631033534806513, 0.9894192701549352, 24.920322865264623]]",2.5,3.0,9,True,False,3.0,2,0.1,calibration/def_stereocalib_THERM.yml,calibration/def_thermalcam_ori.yml,640x480,broad_generalization_raw_only_selection,broad,raw_shift_local,False,v6,v9,support-v9,strict-selected,research,full,strict,all,19.264968267399468,7.979909420013428,3.545473098754883,12.414345741271973,5.169371128082275,10.017894744873047,8.107370734214783,3.5237348079681396,12.691006660461426,6.221850872039795,10.856546401977539,10.062600255012512,18.08179998397827,908,7354,5363,3.147911310195923,20.423649787902832,1066,9112,6587,13661,0.04446940104166667,0.9096698631139741,0.12046225348574299,1.0,1.0,81.72916488828533,15922,2261,3614,0.8503072428729727,0.3240897544453853,6587,0.0,0.0,0.22,1.7319183826446534,0.49396840849139556,0.9230769230769231,reflection_background,False,,False,raw improvement 0.0589 is below 0.6000,19.36496826739947,generic_block,-1.0,1.0,2.0,0.0589106194770217,1.0430528375733856,1.0,0.11660969257354736,-0.44589996337890625,-0.04568672180175781,v6,strict,v6 adds strict raw/depth support-gated selection for v9; aligned metrics remain evaluation-only.,248_seq534,,,,,,
248_seq534,248,534,p29_raw_shift_dx3p5_dy3p0_fill,True,phase21_fixed_rgb_canvas,phase23_crop_plus_board_residual_transform,,"[296, 103]","[280, 115]","Phase29 candidate generated from calibration files, raw RGB/LWIR/depth, Phase24 board-affine geometry, Phase25 depth projection support, and raw-only scene reliability scoring. MM5 aligned images are evaluation-only.",1.0,0.9306901041666666,0.9306901041666666,0.8371677398681641,0.7024272084236145,1.0,0.9731288273020031,0.9345043378958715,0.9073164463043213,2.692016839981079,0.9306901041666666,1.1139959596568552,1.4855440959494692,-0.4027298092842102,1.0517749786376953,0.9306901041666666,-0.34202477767255174,0.4467712098898976,p29_raw_shift_dx3p5_dy3p0_fill,board_all_median_floor,affine,affine_lmeds,1496,5.984659671783447,7.825484275817871,"[[0.964242690293037, 0.13137386244365368, -26.99199754875218], [-0.06631033534806513, 0.9894192701549352, 24.920322865264623]]",3.5,3.0,9,True,False,3.0,2,0.1,calibration/def_stereocalib_THERM.yml,calibration/def_thermalcam_ori.yml,640x480,broad_generalization_raw_only_selection,broad,raw_shift_local,False,v6,v9,support-v9,strict-selected,research,full,strict,all,19.53898801746497,8.226504683494568,3.601722478866577,12.851286888122559,4.933113098144531,10.10066032409668,8.468919515609741,3.6225314140319824,13.3153076171875,6.189582824707031,11.201430320739746,10.6489497423172,18.134453296661377,851,7370,5383,3.2760281562805176,21.04509925842285,1019,9113,6650,13661,0.04446940104166667,0.9096698631139741,0.12240924506971486,1.0,1.0,81.60405057183397,15922,2261,3645,0.8597253080185822,0.3257832345469941,6650,0.0,0.0,0.22,1.69601318359375,0.49172936816982793,0.9230769230769231,reflection_background,False,,False,raw improvement -0.2151 is below 0.6000,19.58898801746497,generic_block,0.0,1.0,1.0,-0.21510913058848047,0.99706457925636,1.0,-0.24493908882141113,-0.4985532760620117,0.20090854167938232,v6,strict,v6 adds strict raw/depth support-gated selection for v9; aligned metrics remain evaluation-only.,248_seq534,,,,,,
248_seq534,248,534,p29_raw_shift_dx4p5_dy3p0_fill,True,phase21_fixed_rgb_canvas,phase23_crop_plus_board_residual_transform,,"[296, 103]","[280, 115]","Phase29 candidate generated from calibration files, raw RGB/LWIR/depth, Phase24 board-affine geometry, Phase25 depth projection support, and raw-only scene reliability scoring. MM5 aligned images are evaluation-only.",1.0,0.9302766927083334,0.9302766927083334,0.8371677398681641,0.7024272084236145,1.0,0.9731288273020031,0.9345043378958715,0.9111121892929077,2.689805746078491,0.9302766927083334,1.1207416731631614,1.5051221223114981,-0.4024806618690491,1.0698736906051636,0.9302766927083334,-0.3418426833785952,0.44704813756056583,p29_raw_shift_dx4p5_dy3p0_fill,board_all_median_floor,affine,affine_lmeds,1496,5.984659671783447,7.825484275817871,"[[0.964242690293037, 0.13137386244365368, -26.99199754875218], [-0.06631033534806513, 0.9894192701549352, 24.920322865264623]]",4.5,3.0,9,True,False,3.0,2,0.1,calibration/def_stereocalib_THERM.yml,calibration/def_thermalcam_ori.yml,640x480,broad_generalization_raw_only_selection,broad,raw_shift_local,False,v6,v9,support-v9,strict-selected,research,full,strict,all,37.059341289871135,28.154858231544495,2.091904878616333,54.217811584472656,31.03451919555664,67.02566528320312,12.0,12.0,12.0,12.0,12.0,12.0,12.0,17,4312,1777,17.654858231544495,12.0,21,4319,3000,10924,0.035559895833333334,1.0,1.0,1.0,0.5960343800527614,168.88101575521105,4973,1456,1663,0.9939967674901871,0.040950639853747715,3000,0.0,0.0,0.0,3.12,0.0,0.9230769230769231,reflection_background,False,,False,LWIR edge retain ratio 0.021 is below 0.550,37.159341289871136,edge_growth_block,1.0,1.0,2.0,-17.735462402994646,0.02054794520547945,0.7996486347997951,-3.77601957321167,5.635900020599365,20.12926208972931,v6,strict,v6 adds strict raw/depth support-gated selection for v9; aligned metrics remain evaluation-only.,248_seq534,,,,,,
248_seq534,248,534,p29_raw_shift_dx3p0_dy2p0_fill,True,phase21_fixed_rgb_canvas,phase23_crop_plus_board_residual_transform,,"[296, 103]","[280, 115]","Phase29 candidate generated from calibration files, raw RGB/LWIR/depth, Phase24 board-affine geometry, Phase25 depth projection support, and raw-only scene reliability scoring. MM5 aligned images are evaluation-only.",1.0,0.9317578125,0.9317578125,0.8371677398681641,0.7024272084236145,1.0,0.9731288273020031,0.9345043378958715,0.8889186978340149,3.0273661613464355,0.9317578125,1.0870371777399392,1.4418845124933524,-0.4020029902458191,1.0109899044036865,0.9317578125,-0.34123779087667366,0.44554092530378403,p29_raw_shift_dx3p0_dy2p0_fill,board_all_median_floor,affine,affine_lmeds,1496,5.984659671783447,7.825484275817871,"[[0.964242690293037, 0.13137386244365368, -26.99199754875218], [-0.06631033534806513, 0.9894192701549352, 24.920322865264623]]",3.0,2.0,9,True,False,3.0,2,0.1,calibration/def_stereocalib_THERM.yml,calibration/def_thermalcam_ori.yml,640x480,broad_generalization_raw_only_selection,broad,raw_shift_local,False,v6,v9,support-v9,strict-selected,research,full,strict,all,19.268586068498394,7.901171565055847,3.42179274559021,12.380550384521484,4.918831825256348,10.000763893127441,8.03002941608429,3.3440115451812744,12.716047286987305,5.813250541687012,10.912249565124512,10.10824978351593,17.702600955963135,896,7453,5442,3.054508090019226,20.248099327087402,1051,9192,6686,13832,0.04502604166666667,0.90334008097166,0.12122705433041764,0.9938400887027227,1.0,81.44142022778969,16234,2302,3737,0.8530207394048692,0.31819128985205253,6686,0.0,0.0,0.22,1.6854508399963377,0.4930888875200197,0.9230769230769231,reflection_background,False,,False,raw improvement 0.0553 is below 0.6000,19.293586068498392,generic_block,-0.5,0.0,0.5,0.05529281837809563,1.028375733855186,1.0125173852573017,0.19395101070404053,-0.06670093536376953,-0.12442457675933838,v6,strict,v6 adds strict raw/depth support-gated selection for v9; aligned metrics remain evaluation-only.,248_seq534,,,,,,
248_seq534,248,534,p29_raw_shift_dx4p0_dy2p0_fill,True,phase21_fixed_rgb_canvas,phase23_crop_plus_board_residual_transform,,"[296, 103]","[280, 115]","Phase29 candidate generated from calibration files, raw RGB/LWIR/depth, Phase24 board-affine geometry, Phase25 depth projection support, and raw-only scene reliability scoring. MM5 aligned images are evaluation-only.",1.0,0.9313444010416667,0.9313444010416667,0.8371677398681641,0.7024272084236145,1.0,0.9731288273020031,0.9345043378958715,0.8943913578987122,3.2419421672821045,0.9313444010416667,1.094341165621006,1.4626764048399101,-0.4032750427722931,0.9931333065032959,0.9313444010416667,-0.3422938848121637,0.446266385327661,p29_raw_shift_dx4p0_dy2p0_fill,board_all_median_floor,affine,affine_lmeds,1496,5.984659671783447,7.825484275817871,"[[0.964242690293037, 0.13137386244365368, -26.99199754875218], [-0.06631033534806513, 0.9894192701549352, 24.920322865264623]]",4.0,2.0,9,True,False,3.0,2,0.1,calibration/def_stereocalib_THERM.yml,calibration/def_thermalcam_ori.yml,640x480,broad_generalization_raw_only_selection,broad,raw_shift_local,False,v6,v9,support-v9,strict-selected,research,full,strict,all,38.75373043989351,29.840327262878418,5.081022262573242,54.599632263183594,35.67390060424805,64.87781524658203,12.0,12.0,12.0,12.0,12.0,12.0,12.0,16,4359,1777,19.340327262878418,12.0,31,4373,3000,11040,0.0359375,1.0,1.0,1.0,0.6132703819239524,169.5907960690235,5215,1471,1653,0.9929417122040073,0.04593510754648195,3000,0.0,0.0,0.0,3.12,0.0,0.9230769230769231,reflection_background,False,,False,LWIR edge retain ratio 0.030 is below 0.550,38.77873043989351,edge_growth_block,0.5,0.0,0.5,-19.42985155301702,0.030332681017612523,0.808139960471415,-3.77601957321167,5.635900020599365,21.814731121063232,v6,strict,v6 adds strict raw/depth support-gated selection for v9; aligned metrics remain evaluation-only.,248_seq534,,,,,,
248_seq534,248,534,p29_raw_shift_dx3p5_dy1p5_fill,True,phase21_fixed_rgb_canvas,phase23_crop_plus_board_residual_transform,,"[296, 103]","[280, 115]","Phase29 candidate generated from calibration files, raw RGB/LWIR/depth, Phase24 board-affine geometry, Phase25 depth projection support, and raw-only scene reliability scoring. MM5 aligned images are evaluation-only.",1.0,0.9327799479166666,0.9327799479166666,0.8371677398681641,0.7024272084236145,1.0,0.9731288273020031,0.9345043378958715,0.8844506740570068,2.9244236946105957,0.9327799479166666,1.0854852801036232,1.4572076547618653,-0.4031345844268799,0.9522089958190918,0.9327799479166666,-0.34211787578938885,0.44486641741603716,p29_raw_shift_dx3p5_dy1p5_fill,board_all_median_floor,affine,affine_lmeds,1496,5.984659671783447,7.825484275817871,"[[0.964242690293037, 0.13137386244365368, -26.99199754875218], [-0.06631033534806513, 0.9894192701549352, 24.920322865264623]]",3.5,1.5,9,True,False,3.0,2,0.1,calibration/def_stereocalib_THERM.yml,calibration/def_thermalcam_ori.yml,640x480,broad_generalization_raw_only_selection,broad,raw_shift_local,False,v6,v9,support-v9,strict-selected,research,full,strict,all,17.65634597098378,11.025223135948181,0.9524638652801514,21.09798240661621,4.054261207580566,10.39183521270752,11.642971485853195,0.7651700377464294,22.52077293395996,12.0,12.0,14.855154067277908,19.399122834205627,30,793,13,3.967529058456421,12.0,72,1524,580,690,0.00224609375,1.0,1.0,1.0,0.20672097759674135,99.94376018622184,12,292,577,0.9088591459528362,0.3894899536321484,580,0.976015625,0.0,0.0,1.5611138343811035,0.0,0.9230769230769231,reflection_background,False,,False,support retain ratio 0.051 is below 0.650,17.681345970983777,support_block,0.0,-0.5,0.5,1.6675329158927106,0.07045009784735812,0.05050874752946344,-3.418991059064865,-1.7632228136062622,2.9996269941329956,v6,strict,v6 adds strict raw/depth support-gated selection for v9; aligned metrics remain evaluation-only.,248_seq534,,,,,,
248_seq534,248,534,p29_raw_shift_dx3p5_dy2p5_fill,True,phase21_fixed_rgb_canvas,phase23_crop_plus_board_residual_transform,,"[296, 103]","[280, 115]","Phase29 candidate generated from calibration files, raw RGB/LWIR/depth, Phase24 board-affine geometry, Phase25 depth projection support, and raw-only scene reliability scoring. MM5 aligned images are evaluation-only.",1.0,0.9317578125,0.9317578125,0.8371677398681641,0.7024272084236145,1.0,0.9731288273020031,0.9345043378958715,0.9020254015922546,3.0721938610076904,0.9317578125,1.1055986345003759,1.4800426404944487,-0.403263658285141,1.0055220127105713,0.9317578125,-0.34252855082259337,0.4451215969254069,p29_raw_shift_dx3p5_dy2p5_fill,board_all_median_floor,affine,affine_lmeds,1496,5.984659671783447,7.825484275817871,"[[0.964242690293037, 0.13137386244365368, -26.99199754875218], [-0.06631033534806513, 0.9894192701549352, 24.920322865264623]]",3.5,2.5,9,True,False,3.0,2,0.1,calibration/def_stereocalib_THERM.yml,calibration/def_thermalcam_ori.yml,640x480,broad_generalization_raw_only_selection,broad,raw_shift_local,False,v6,v9,support-v9,strict-selected,research,full,strict,all,19.43560529971233,8.127626538276672,3.437238931655884,12.818014144897461,4.634034633636475,9.865095138549805,8.294503211975098,3.553058624267578,13.035947799682617,5.570249557495117,10.826173782348633,10.441800236701965,17.972949981689453,822,7441,5450,3.1601141691207886,20.539161205291748,970,9177,6684,13918,0.04530598958333333,0.9008478229630694,0.12102146558105108,1.0,1.0,80.34448229758499,16212,2294,3711,0.8629113668483748,0.31713928273561304,6684,0.0,0.0,0.22,1.62333384513855,0.49332531458179124,0.9230769230769231,reflection_background,False,,False,raw improvement -0.1117 is below 0.6000,19.460605299712327,generic_block,0.0,0.5,0.5,-0.11172641283583928,0.949119373776908,1.0188126784276408,-0.07052278518676758,-0.3370499610900879,0.10203039646148682,v6,strict,v6 adds strict raw/depth support-gated selection for v9; aligned metrics remain evaluation-only.,248_seq534,,,,,,
262_seq548,262,548,p29_baseline,True,phase21_fixed_rgb_canvas,phase24_affine_lwir_subpixel_shift_depth_fill_then_morph_close,,"[296, 103]","[280, 115]","Phase29 candidate generated from calibration files, raw RGB/LWIR/depth, Phase24 board-affine geometry, Phase25 depth projection support, and raw-only scene reliability scoring. MM5 aligned images are evaluation-only.",1.0,0.9317578125,0.9317578125,0.8419756293296814,0.8692739605903625,1.0,0.99230518900372,1.0369680229172054,0.9742740988731384,1.3864970207214355,0.9317578125,1.1923372041496223,1.5092139160054163,-0.2818191647529602,1.383805274963379,0.9317578125,-0.2369087916707015,0.3547546982135931,p29_baseline,board_all_median_floor,affine,affine_lmeds,1496,5.984659671783447,7.825484275817871,"[[0.964242690293037, 0.13137386244365368, -26.99199754875218], [-0.06631033534806513, 0.9894192701549352, 24.920322865264623]]",3.5,2.0,9,True,False,3.0,2,0.1,calibration/def_stereocalib_THERM.yml,calibration/def_thermalcam_ori.yml,640x480,broad_generalization_raw_only_selection,broad,baseline,False,v6,v9,support-v9,strict-selected,research,full,strict,all,17.655578476466964,7.229143261909485,2.3287651538848877,12.129521369934082,9.665563583374023,10.84399700164795,7.6442296504974365,2.481213092803955,12.807246208190918,7.998411655426025,11.937970161437988,9.837900280952454,17.720153093338013,894,6439,4705,3.345124661922455,21.97341537475586,1219,9347,5102,17247,0.056142578125,0.5341798573664985,1.0,1.0,0.3875968992248062,133.5028844062606,5815,1788,3177,0.8130353450822093,0.36356382978723406,5102,0.0,0.06328057053400604,0.22,2.60732120513916,0.0,0.9230769230769231,depth_tearing,True,selector v6 retained baseline; best raw improvement 0.2081; safety filters rejected candidates (p29_depth_conservative: depth/reflection/edge guard candidates are diagnostic-only by default; p29_reflection_guard: depth/reflection/edge guard candidates are diagnostic-only by default; p29_small_target_guard: small-target guard is blocked in depth-tearing scenes so local depth correction can be tested; +18 more rejected),True,,17.655578476466964,v6_baseline,0.0,0.0,0.0,0.0,1.0,1.0,0.0,0.0,0.0,v6,strict,v6 baseline row; aligned metrics are not used for selection.,262_seq548,,,,,,
262_seq548,262,548,p29_depth_conservative,True,phase21_fixed_rgb_canvas,phase23_crop_plus_board_residual_transform,,"[296, 103]","[280, 115]","Phase29 candidate generated from calibration files, raw RGB/LWIR/depth, Phase24 board-affine geometry, Phase25 depth projection support, and raw-only scene reliability scoring. MM5 aligned images are evaluation-only.",1.0,0.9317578125,0.9317578125,0.8419756293296814,0.8692739605903625,1.0,0.99230518900372,1.0369680229172054,0.9744072556495667,1.8182586431503296,0.9317578125,1.1901192810937837,1.5108105153541276,-0.27326515316963196,1.3239392042160034,0.9317578125,-0.22779724206400553,0.35607697553948287,p29_depth_conservative,board_all_median_floor,affine,affine_lmeds,1496,5.984659671783447,7.825484275817871,"[[0.964242690293037, 0.13137386244365368, -26.99199754875218], [-0.06631033534806513, 0.9894192701549352, 24.920322865264623]]",3.5,2.0,9,False,False,4.0,3,0.075,calibration/def_stereocalib_THERM.yml,calibration/def_thermalcam_ori.yml,640x480,broad_generalization_raw_only_selection,broad,depth_conservative,False,v6,v9,support-v9,strict-selected,research,full,strict,all,17.900261004151936,7.4993956089019775,2.3933520317077637,12.605439186096191,9.638249397277832,11.534836769104004,7.988111257553101,2.5380702018737793,13.438152313232422,7.855232238769531,12.404778480529785,10.189000248908997,18.35214924812317,723,5990,4608,3.5767529606819153,21.78557300567627,1051,9008,5008,16377,0.053310546875,0.5345911949685535,1.0,1.0,0.3875968992248062,133.5028844062606,5815,2658,3203,0.8251676121712223,0.3646437994722955,5008,0.0,0.06163522012578637,0.0,2.65767183303833,0.0,0.9230769230769231,depth_tearing,False,,False,depth/reflection/edge guard candidates are diagnostic-only by default,17.900261004151936,diagnostic_guard_block,0.0,0.0,0.0,-0.24468252768497223,0.8621821164889254,0.9495564445990607,-0.34388160705566406,-0.6319961547851562,0.2702523469924927,v6,strict,v6 adds strict raw/depth support-gated selection for v9; aligned metrics remain evaluation-only.,262_seq548,,,,,,
262_seq548,262,548,p29_reflection_guard,True,phase21_fixed_rgb_canvas,phase23_crop_plus_board_residual_transform,,"[296, 103]","[280, 115]","Phase29 candidate generated from calibration files, raw RGB/LWIR/depth, Phase24 board-affine geometry, Phase25 depth projection support, and raw-only scene reliability scoring. MM5 aligned images are evaluation-only.",1.0,0.9317578125,0.9317578125,0.8419756293296814,0.8692739605903625,1.0,0.99230518900372,1.0369680229172054,0.9744072556495667,1.8182586431503296,0.9317578125,1.1901192810937837,1.5108105153541276,-0.27326515316963196,1.3239392042160034,0.9317578125,-0.22779724206400553,0.35607697553948287,p29_reflection_guard,board_all_median_floor,affine,affine_lmeds,1496,5.984659671783447,7.825484275817871,"[[0.964242690293037, 0.13137386244365368, -26.99199754875218], [-0.06631033534806513, 0.9894192701549352, 24.920322865264623]]",3.5,2.0,9,False,False,4.5,3,0.055,calibration/def_stereocalib_THERM.yml,calibration/def_thermalcam_ori.yml,640x480,broad_generalization_raw_only_selection,broad,reflection_guard,False,v6,v9,support-v9,strict-selected,research,full,strict,all,17.981846394575975,7.4993956089019775,2.3933520317077637,12.605439186096191,9.638249397277832,11.534836769104004,7.988111257553101,2.5380702018737793,13.438152313232422,7.855232238769531,12.404778480529785,10.189000248908997,18.35214924812317,723,5990,4608,3.5767529606819153,21.78557300567627,1051,9008,5008,16377,0.053310546875,0.5345911949685535,1.0,1.0,0.3875968992248062,133.5028844062606,5815,2658,3277,0.8251676121712223,0.39408995815899583,5008,0.0,0.06163522012578637,0.0,2.65767183303833,0.0,0.9230769230769231,depth_tearing,False,,False,depth/reflection/edge guard candidates are diagnostic-only by default,17.981846394575975,diagnostic_guard_block,0.0,0.0,0.0,-0.3262679181090107,0.8621821164889254,0.9495564445990607,-0.34388160705566406,-0.6319961547851562,0.2702523469924927,v6,strict,v6 adds strict raw/depth support-gated selection for v9; aligned metrics remain evaluation-only.,262_seq548,,,,,,
262_seq548,262,548,p29_small_target_guard,True,phase21_fixed_rgb_canvas,phase23_crop_plus_board_residual_transform,,"[296, 103]","[280, 115]","Phase29 candidate generated from calibration files, raw RGB/LWIR/depth, Phase24 board-affine geometry, Phase25 depth projection support, and raw-only scene reliability scoring. MM5 aligned images are evaluation-only.",1.0,0.9317578125,0.9317578125,0.8419756293296814,0.8692739605903625,1.0,0.99230518900372,1.0369680229172054,0.9747007489204407,1.5082125663757324,0.9317578125,1.1922271359775254,1.5105044163689274,-0.2806093096733093,1.3712095022201538,0.9317578125,-0.2356425479583434,0.3546267915219123,p29_small_target_guard,board_all_median_floor,affine,affine_lmeds,1496,5.984659671783447,7.825484275817871,"[[0.964242690293037, 0.13137386244365368, -26.99199754875218], [-0.06631033534806513, 0.9894192701549352, 24.920322865264623]]",3.5,2.0,5,True,False,3.0,2,0.065,calibration/def_stereocalib_THERM.yml,calibration/def_thermalcam_ori.yml,640x480,broad_generalization_raw_only_selection,broad,small_target_guard,False,v6,v9,support-v9,strict-selected,research,full,strict,all,17.489596662655988,7.0821579694747925,2.261896848678589,11.902419090270996,9.93510627746582,10.178269386291504,7.432237982749939,2.3939473628997803,12.470528602600098,8.046399116516113,11.196640014648438,9.377950310707092,17.558650255203247,954,6439,4705,3.2397425770759583,21.893370628356934,1299,9347,5102,17247,0.056142578125,0.5341798573664985,1.0,1.0,0.39012919896640824,133.50157371261616,5879,1788,3185,0.802760375880971,0.3651595744680851,5102,0.0,0.06328057053400604,0.22,2.602580680847168,0.0,0.9230769230769231,depth_tearing,False,,False,small-target guard is blocked in depth-tearing scenes so local depth correction can be tested,17.709596662655986,small_target_depth_block,0.0,0.0,0.0,0.16598181381097632,1.0656275635767023,1.0,0.21199166774749756,0.16150283813476562,-0.14698529243469238,v6,strict,v6 adds strict raw/depth support-gated selection for v9; aligned metrics remain evaluation-only.,262_seq548,,,,,,
262_seq548,262,548,p29_edge_contamination_guard,True,phase21_fixed_rgb_canvas,phase23_crop_plus_board_residual_transform,,"[296, 103]","[280, 115]","Phase29 candidate generated from calibration files, raw RGB/LWIR/depth, Phase24 board-affine geometry, Phase25 depth projection support, and raw-only scene reliability scoring. MM5 aligned images are evaluation-only.",1.0,0.9317578125,0.9317578125,0.8419756293296814,0.8692739605903625,1.0,0.99230518900372,1.0369680229172054,0.9744072556495667,1.8182586431503296,0.9317578125,1.1901192810937837,1.5108105153541276,-0.27326515316963196,1.3239392042160034,0.9317578125,-0.22779724206400553,0.35607697553948287,p29_edge_contamination_guard,board_all_median_floor,affine,affine_lmeds,1496,5.984659671783447,7.825484275817871,"[[0.964242690293037, 0.13137386244365368, -26.99199754875218], [-0.06631033534806513, 0.9894192701549352, 24.920322865264623]]",3.5,2.0,9,False,False,4.0,3,0.08,calibration/def_stereocalib_THERM.yml,calibration/def_thermalcam_ori.yml,640x480,broad_generalization_raw_only_selection,broad,edge_contamination_guard,False,v6,v9,support-v9,strict-selected,research,full,strict,all,17.900261004151936,7.4993956089019775,2.3933520317077637,12.605439186096191,9.638249397277832,11.534836769104004,7.988111257553101,2.5380702018737793,13.438152313232422,7.855232238769531,12.404778480529785,10.189000248908997,18.35214924812317,723,5990,4608,3.5767529606819153,21.78557300567627,1051,9008,5008,16377,0.053310546875,0.5345911949685535,1.0,1.0,0.3875968992248062,133.5028844062606,5815,2658,3203,0.8251676121712223,0.3646437994722955,5008,0.0,0.06163522012578637,0.0,2.65767183303833,0.0,0.9230769230769231,depth_tearing,False,,False,depth/reflection/edge guard candidates are diagnostic-only by default,17.900261004151936,diagnostic_guard_block,0.0,0.0,0.0,-0.24468252768497223,0.8621821164889254,0.9495564445990607,-0.34388160705566406,-0.6319961547851562,0.2702523469924927,v6,strict,v6 adds strict raw/depth support-gated selection for v9; aligned metrics remain evaluation-only.,262_seq548,,,,,,
262_seq548,262,548,p29_v9_support_gated,True,phase21_fixed_rgb_canvas,phase23_crop_plus_board_residual_transform,,"[296, 103]","[280, 115]","Phase29 candidate generated from calibration files, raw RGB/LWIR/depth, Phase24 board-affine geometry, Phase25 depth projection support, and raw-only scene reliability scoring. MM5 aligned images are evaluation-only.",1.0,0.9317578125,0.9317578125,0.8419756293296814,0.8692739605903625,1.0,0.99230518900372,1.0369680229172054,0.9469241499900818,1.1800005435943604,0.9317578125,1.1084650313173727,1.1241392305923799,-0.18848425149917603,1.3596696853637695,0.9317578125,-0.15426748536753718,0.2824985616254763,p29_v9_support_gated,board_all_median_floor,affine,affine_lmeds,1496,5.984659671783447,7.825484275817871,"[[0.964242690293037, 0.13137386244365368, -26.99199754875218], [-0.06631033534806513, 0.9894192701549352, 24.920322865264623]]",3.5,2.0,5,True,False,7.0,3,0.075,calibration/def_stereocalib_THERM.yml,calibration/def_thermalcam_ori.yml,640x480,broad_generalization_raw_only_selection,broad,v9_support_gated,False,v6,v9,support-v9,strict-selected,research,full,strict,all,18.105284535824655,7.601525664329529,2.3240039348602295,12.879047393798828,8.867460250854492,9.543045043945312,5.939005732536316,2.2596099376678467,9.618401527404785,6.64414644241333,8.502025604248047,8.02233612537384,15.07634949684143,1266,5990,4608,3.9316073060035706,16.896824836730957,1468,9008,5008,16377,0.053310546875,0.5345911949685535,1.0,1.0,0.3965374677002584,133.57443874554406,5891,2658,3467,0.7799019117205485,0.4622828784119107,5008,0.0,0.06163522012578637,0.22,2.3595864486694333,0.0,0.9230769230769231,depth_tearing,False,,False,v9 gate pixels 22399 exceed 22000,12.719990000000001,v9_gate_block,0.0,0.0,0.0,-0.44970605935769115,1.2042657916324857,0.9495564445990607,1.7052239179611206,2.643803596496582,0.37238240242004395,v6,strict,v6 adds strict raw/depth support-gated selection for v9; aligned metrics remain evaluation-only.,262_seq548,True,v9_support_gated,22399,11,,0.9317578125
262_seq548,262,548,p29_v9_support_gated_tight,True,phase21_fixed_rgb_canvas,phase23_crop_plus_board_residual_transform,,"[296, 103]","[280, 115]","Phase29 candidate generated from calibration files, raw RGB/LWIR/depth, Phase24 board-affine geometry, Phase25 depth projection support, and raw-only scene reliability scoring. MM5 aligned images are evaluation-only.",1.0,0.9317578125,0.9317578125,0.8419756293296814,0.8692739605903625,1.0,0.99230518900372,1.0369680229172054,0.9482011198997498,1.0875802040100098,0.9317578125,1.1107975210706547,1.1274792159664324,-0.18733550608158112,1.376033902168274,0.9317578125,-0.153091804704339,0.2833326986016784,p29_v9_support_gated_tight,board_all_median_floor,affine,affine_lmeds,1496,5.984659671783447,7.825484275817871,"[[0.964242690293037, 0.13137386244365368, -26.99199754875218], [-0.06631033534806513, 0.9894192701549352, 24.920322865264623]]",3.5,2.0,5,True,False,8.0,4,0.055,calibration/def_stereocalib_THERM.yml,calibration/def_thermalcam_ori.yml,640x480,broad_generalization_raw_only_selection,broad,v9_support_gated_tight,False,v6,v9,support-v9,strict-selected,research,full,strict,all,17.643540363245613,7.208834290504456,2.576792001724243,11.840876579284668,8.410711288452148,8.063597679138184,5.501012325286865,2.591279983520508,8.410744667053223,6.692270755767822,7.034599304199219,6.828950047492981,14.261799573898315,1341,5554,4502,3.773271858692169,16.810800552368164,1555,8645,4952,15525,0.050537109375,0.5350724637681159,1.0,1.0,0.4002067183462532,133.34324019914598,5856,3510,3523,0.772199979468227,0.4676383399209486,4952,0.0,0.05971014492753657,0.22,2.159015846252441,0.0,0.9230769230769231,depth_tearing,False,,False,v9 support candidate mode is diagnostic-only unless a dedicated raw/depth gate allows it,12.86816,v9_mode_block,0.0,0.0,0.0,0.012038113221350955,1.2756357670221492,0.9001565489650374,2.1432173252105713,3.4583535194396973,-0.020308971405029297,v6,strict,v6 adds strict raw/depth support-gated selection for v9; aligned metrics remain evaluation-only.,262_seq548,True,v9_support_gated_tight,19816,11,,0.9317578125
262_seq548,262,548,p29_v9_target_only,True,phase21_fixed_rgb_canvas,phase23_crop_plus_board_residual_transform,,"[296, 103]","[280, 115]","Phase29 candidate generated from calibration files, raw RGB/LWIR/depth, Phase24 board-affine geometry, Phase25 depth projection support, and raw-only scene reliability scoring. MM5 aligned images are evaluation-only.",1.0,0.9317578125,0.9317578125,0.8419756293296814,0.8692739605903625,1.0,0.99230518900372,1.0369680229172054,0.9599898457527161,1.0456020832061768,0.9317578125,1.1396435733665577,1.2395156007538586,-0.18951387703418732,1.4848307371139526,0.9317578125,-0.1554540279470134,0.2864588900657175,p29_v9_target_only,board_all_median_floor,affine,affine_lmeds,1496,5.984659671783447,7.825484275817871,"[[0.964242690293037, 0.13137386244365368, -26.99199754875218], [-0.06631033534806513, 0.9894192701549352, 24.920322865264623]]",3.5,2.0,5,True,False,8.0,4,0.045,calibration/def_stereocalib_THERM.yml,calibration/def_thermalcam_ori.yml,640x480,broad_generalization_raw_only_selection,broad,v9_target_only,False,v6,v9,support-v9,strict-selected,research,full,strict,all,33.789163309828105,22.275449991226196,2.4667325019836426,42.08416748046875,11.62600040435791,36.37973403930664,20.358805775642395,2.502535104751587,38.2150764465332,9.472265243530273,35.701438903808594,35.81249725818634,49.58098340034485,691,5554,4502,12.811890065670013,58.70440101623535,896,8645,4952,15525,0.050537109375,0.5350724637681159,1.0,1.0,0.38651162790697674,133.57573982230463,5843,3510,3523,0.8548057259713702,0.4641798418972332,4952,0.0,0.05971014492753657,0.22,3.052680072784424,0.0,0.9230769230769231,depth_tearing,False,,False,v9 target-only mode is reserved for general weak-target scenes,11.42717,v9_target_only_block,0.0,0.0,0.0,-16.13358483336114,0.7350287120590648,0.9001565489650374,-12.714576125144958,-31.860830307006836,15.046306729316711,v6,strict,v6 adds strict raw/depth support-gated selection for v9; aligned metrics remain evaluation-only.,262_seq548,True,v9_target_only,7517,26,,0.9317578125
262_seq548,262,548,p29_v9_depth_thermal,True,phase21_fixed_rgb_canvas,phase23_crop_plus_board_residual_transform,,"[296, 103]","[280, 115]","Phase29 candidate generated from calibration files, raw RGB/LWIR/depth, Phase24 board-affine geometry, Phase25 depth projection support, and raw-only scene reliability scoring. MM5 aligned images are evaluation-only.",1.0,0.9317578125,0.9317578125,0.8419756293296814,0.8692739605903625,1.0,0.99230518900372,1.0369680229172054,0.9464142322540283,1.1167758703231812,0.9317578125,1.1082417576355426,1.123521204023023,-0.18717913329601288,1.3461326360702515,0.9317578125,-0.15271704262383906,0.2835925765906356,p29_v9_depth_thermal,board_all_median_floor,affine,affine_lmeds,1496,5.984659671783447,7.825484275817871,"[[0.964242690293037, 0.13137386244365368, -26.99199754875218], [-0.06631033534806513, 0.9894192701549352, 24.920322865264623]]",3.5,2.0,5,True,False,7.0,3,0.065,calibration/def_stereocalib_THERM.yml,calibration/def_thermalcam_ori.yml,640x480,broad_generalization_raw_only_selection,broad,v9_depth_thermal,False,v6,v9,support-v9,strict-selected,research,full,strict,all,17.992939009813437,7.6312495470047,2.8787434101104736,12.383755683898926,8.788599014282227,8.382844924926758,5.9645891189575195,2.911762237548828,9.017416000366211,6.958096504211426,7.401798725128174,7.53043258190155,15.93655252456665,1439,5990,4608,4.150798559188843,16.747600555419922,1639,9008,5008,16377,0.053310546875,0.5345911949685535,1.0,1.0,0.3991731266149871,133.62397163572976,5875,2658,3443,0.7713189731484213,0.46253101736972707,5008,0.0,0.06163522012578637,0.22,2.2525754165649414,0.0,0.9230769230769231,depth_tearing,False,,False,v9 depth-thermal mode is reserved for double-edge mismatch scenes,13.052430000000001,v9_depth_thermal_block,0.0,0.0,0.0,-0.3373605333464731,1.3445447087776867,0.9495564445990607,1.679640531539917,1.7836005687713623,0.40210628509521484,v6,strict,v6 adds strict raw/depth support-gated selection for v9; aligned metrics remain evaluation-only.,262_seq548,True,v9_depth_thermal,21443,11,,0.9317578125
262_seq548,262,548,p29_v9_target_silhouette,True,phase21_fixed_rgb_canvas,phase23_crop_plus_board_residual_transform,,"[296, 103]","[280, 115]","Phase29 candidate generated from calibration files, raw RGB/LWIR/depth, Phase24 board-affine geometry, Phase25 depth projection support, and raw-only scene reliability scoring. MM5 aligned images are evaluation-only.",1.0,0.9317578125,0.9317578125,0.8419756293296814,0.8692739605903625,1.0,0.99230518900372,1.0369680229172054,0.9403717517852783,0.754399299621582,0.9317578125,1.1172827774494032,1.2095828097456964,-0.1854928433895111,1.4013478755950928,0.9317578125,-0.14995021045265847,0.2930048012694881,p29_v9_target_silhouette,board_all_median_floor,affine,affine_lmeds,1496,5.984659671783447,7.825484275817871,"[[0.964242690293037, 0.13137386244365368, -26.99199754875218], [-0.06631033534806513, 0.9894192701549352, 24.920322865264623]]",3.5,2.0,5,True,False,7.0,3,0.045,calibration/def_stereocalib_THERM.yml,calibration/def_thermalcam_ori.yml,640x480,broad_generalization_raw_only_selection,broad,v9_target_silhouette,False,v6,v9,support-v9,strict-selected,research,full,strict,all,33.94798443014918,22.64979588985443,2.0500648021698,43.24952697753906,10.45510196685791,38.48921585083008,21.02127695083618,2.0166025161743164,40.02595138549805,9.707586288452148,38.27846908569336,35.91816580295563,49.41281604766846,425,5990,4608,12.481722950935364,59.24052619934082,542,9008,5008,16377,0.053310546875,0.5345911949685535,1.0,1.0,0.38573643410852715,133.54493505005667,5827,2658,3521,0.9012161297205035,0.4637717121588089,5008,0.0,0.06163522012578637,0.22,2.8419183540344237,0.0,0.9230769230769231,depth_tearing,False,,False,v9 silhouette mode is reserved for general target-contamination scenes,10.71917,v9_silhouette_block,0.0,0.0,0.0,-16.292405953682213,0.4446267432321575,0.9495564445990607,-13.377047300338745,-31.692662954330444,15.420652627944946,v6,strict,v6 adds strict raw/depth support-gated selection for v9; aligned metrics remain evaluation-only.,262_seq548,True,v9_target_silhouette,7517,26,255.0,0.9317578125
262_seq548,262,548,p29_raw_shift_dx2p5_dy1p0_fill,True,phase21_fixed_rgb_canvas,phase23_crop_plus_board_residual_transform,,"[296, 103]","[280, 115]","Phase29 candidate generated from calibration files, raw RGB/LWIR/depth, Phase24 board-affine geometry, Phase25 depth projection support, and raw-only scene reliability scoring. MM5 aligned images are evaluation-only.",1.0,0.9331673177083334,0.9331673177083334,0.8419756293296814,0.8692739605903625,1.0,0.99230518900372,1.0369680229172054,0.9705598950386047,1.3325998783111572,0.9331673177083334,1.1935805529525472,1.5401083812253964,-0.27766600251197815,1.4064781665802002,0.9331673177083334,-0.2330190550744997,0.35390544291306447,p29_raw_shift_dx2p5_dy1p0_fill,board_all_median_floor,affine,affine_lmeds,1496,5.984659671783447,7.825484275817871,"[[0.964242690293037, 0.13137386244365368, -26.99199754875218], [-0.06631033534806513, 0.9894192701549352, 24.920322865264623]]",2.5,1.0,9,True,False,3.0,2,0.1,calibration/def_stereocalib_THERM.yml,calibration/def_thermalcam_ori.yml,640x480,broad_generalization_raw_only_selection,broad,raw_shift_local,False,v6,v9,support-v9,strict-selected,research,full,strict,all,18.135061810340947,7.567404389381409,2.3860294818878174,12.748779296875,10.3348388671875,11.281196594238281,8.079505801200867,2.5838563442230225,13.575155258178711,8.19758129119873,12.495503425598145,10.45935070514679,18.517154932022095,835,6439,4705,3.6413901448249817,22.262727737426758,1204,9347,5102,17247,0.056142578125,0.5341798573664985,1.0,1.0,0.38785529715762274,133.95104602038447,5809,1788,3155,0.8150112977699184,0.3595744680851064,5102,0.0,0.06328057053400604,0.22,2.7627667236328124,0.0,0.9230769230769231,depth_tearing,False,,False,raw improvement -0.4795 is below 0.6000,18.235061810340948,generic_block,-1.0,-1.0,2.0,-0.4794833338739828,0.9876948318293683,1.0,-0.4352761507034302,-0.797001838684082,0.33826112747192383,v6,strict,v6 adds strict raw/depth support-gated selection for v9; aligned metrics remain evaluation-only.,262_seq548,,,,,,
262_seq548,262,548,p29_raw_shift_dx3p5_dy1p0_fill,True,phase21_fixed_rgb_canvas,phase23_crop_plus_board_residual_transform,,"[296, 103]","[280, 115]","Phase29 candidate generated from calibration files, raw RGB/LWIR/depth, Phase24 board-affine geometry, Phase25 depth projection support, and raw-only scene reliability scoring. MM5 aligned images are evaluation-only.",1.0,0.9327799479166666,0.9327799479166666,0.8419756293296814,0.8692739605903625,1.0,0.99230518900372,1.0369680229172054,0.9710876941680908,1.4562177658081055,0.9327799479166666,1.1879202974472225,1.5037993991598695,-0.277271568775177,1.379300594329834,0.9327799479166666,-0.23245134029378997,0.3539735469824403,p29_raw_shift_dx3p5_dy1p0_fill,board_all_median_floor,affine,affine_lmeds,1496,5.984659671783447,7.825484275817871,"[[0.964242690293037, 0.13137386244365368, -26.99199754875218], [-0.06631033534806513, 0.9894192701549352, 24.920322865264623]]",3.5,1.0,9,True,False,3.0,2,0.1,calibration/def_stereocalib_THERM.yml,calibration/def_thermalcam_ori.yml,640x480,broad_generalization_raw_only_selection,broad,raw_shift_local,False,v6,v9,support-v9,strict-selected,research,full,strict,all,18.059789636138895,7.571952819824219,2.4799699783325195,12.663935661315918,9.560582160949707,11.156755447387695,7.992175459861755,2.6299235820770264,13.354427337646484,8.17069149017334,12.285208702087402,10.234650731086731,18.47361445426941,881,6439,4705,3.538626253604889,21.873703002929688,1186,9347,5102,17247,0.056142578125,0.5341798573664985,1.0,1.0,0.3910077519379845,134.06439651812968,5848,1788,3221,0.8209529446581829,0.3704787234042553,5102,0.0,0.06328057053400604,0.22,2.613445224761963,0.0,0.9230769230769231,depth_tearing,False,,False,raw improvement -0.4042 is below 0.6000,18.109789636138895,generic_block,0.0,-1.0,1.0,-0.4042111596719309,0.9729286300246104,1.0,-0.34794580936431885,-0.7534613609313965,0.3428095579147339,v6,strict,v6 adds strict raw/depth support-gated selection for v9; aligned metrics remain evaluation-only.,262_seq548,,,,,,
262_seq548,262,548,p29_raw_shift_dx4p5_dy1p0_fill,True,phase21_fixed_rgb_canvas,phase23_crop_plus_board_residual_transform,,"[296, 103]","[280, 115]","Phase29 candidate generated from calibration files, raw RGB/LWIR/depth, Phase24 board-affine geometry, Phase25 depth projection support, and raw-only scene reliability scoring. MM5 aligned images are evaluation-only.",1.0,0.9323665364583333,0.9323665364583333,0.8419756293296814,0.8692739605903625,1.0,0.99230518900372,1.0369680229172054,0.9694337844848633,1.4898066520690918,0.9323665364583333,1.1791075495995944,1.457417366847638,-0.2772535979747772,1.3583221435546875,0.9323665364583333,-0.23230357917514577,0.35399967773973046,p29_raw_shift_dx4p5_dy1p0_fill,board_all_median_floor,affine,affine_lmeds,1496,5.984659671783447,7.825484275817871,"[[0.964242690293037, 0.13137386244365368, -26.99199754875218], [-0.06631033534806513, 0.9894192701549352, 24.920322865264623]]",4.5,1.0,9,True,False,3.0,2,0.1,calibration/def_stereocalib_THERM.yml,calibration/def_thermalcam_ori.yml,640x480,broad_generalization_raw_only_selection,broad,raw_shift_local,False,v6,v9,support-v9,strict-selected,research,full,strict,all,17.90776477882944,7.325018286705017,2.2408711910247803,12.409165382385254,10.38117790222168,10.744991302490234,7.72536838054657,2.494919538497925,12.955817222595215,7.603353977203369,11.811015129089355,9.901100277900696,18.54033660888672,894,6439,4705,3.5354342460632324,21.010687828063965,1236,9347,5102,17247,0.056142578125,0.5341798573664985,1.0,1.0,0.3910594315245478,134.2225911201529,5818,1788,3257,0.8026224982746721,0.37127659574468086,5102,0.0,0.06328057053400604,0.22,2.728211326599121,0.0,0.9230769230769231,depth_tearing,False,,False,raw improvement -0.2522 is below 0.6000,18.00776477882944,generic_block,1.0,-1.0,2.0,-0.25218630236247463,1.0139458572600493,1.0,-0.0811387300491333,-0.820183515548706,0.09587502479553223,v6,strict,v6 adds strict raw/depth support-gated selection for v9; aligned metrics remain evaluation-only.,262_seq548,,,,,,
262_seq548,262,548,p29_raw_shift_dx2p5_dy2p0_fill,True,phase21_fixed_rgb_canvas,phase23_crop_plus_board_residual_transform,,"[296, 103]","[280, 115]","Phase29 candidate generated from calibration files, raw RGB/LWIR/depth, Phase24 board-affine geometry, Phase25 depth projection support, and raw-only scene reliability scoring. MM5 aligned images are evaluation-only.",1.0,0.9321451822916667,0.9321451822916667,0.8419756293296814,0.8692739605903625,1.0,0.99230518900372,1.0369680229172054,0.9737000465393066,1.2163476943969727,0.9321451822916667,1.1980808945773973,1.5445262280298167,-0.2823992371559143,1.3904778957366943,0.9321451822916667,-0.23756394170180517,0.3545210855235287,p29_raw_shift_dx2p5_dy2p0_fill,board_all_median_floor,affine,affine_lmeds,1496,5.984659671783447,7.825484275817871,"[[0.964242690293037, 0.13137386244365368, -26.99199754875218], [-0.06631033534806513, 0.9894192701549352, 24.920322865264623]]",2.5,2.0,9,True,False,3.0,2,0.1,calibration/def_stereocalib_THERM.yml,calibration/def_thermalcam_ori.yml,640x480,broad_generalization_raw_only_selection,broad,raw_shift_local,False,v6,v9,support-v9,strict-selected,research,full,strict,all,18.0901287941271,7.517674922943115,2.4734954833984375,12.561854362487793,10.457090377807617,11.493380546569824,8.255082726478577,2.722900629043579,13.787264823913574,8.472885131835938,13.001530647277832,10.666500210762024,19.075406312942505,788,6439,4705,4.006259381771088,22.670347213745117,1180,9347,5102,17247,0.056142578125,0.5341798573664985,1.0,1.0,0.38583979328165374,133.28121056994664,5806,1788,3118,0.8117797695262484,0.35664893617021276,5102,0.0,0.06328057053400604,0.22,2.801746711730957,0.0,0.9230769230769231,depth_tearing,False,,False,raw improvement -0.4346 is below 0.6000,18.1401287941271,generic_block,-1.0,0.0,1.0,-0.4345503176601362,0.9680065627563577,1.0,-0.6108530759811401,-1.3552532196044922,0.28853166103363037,v6,strict,v6 adds strict raw/depth support-gated selection for v9; aligned metrics remain evaluation-only.,262_seq548,,,,,,
262_seq548,262,548,p29_raw_shift_dx4p5_dy2p0_fill,True,phase21_fixed_rgb_canvas,phase23_crop_plus_board_residual_transform,,"[296, 103]","[280, 115]","Phase29 candidate generated from calibration files, raw RGB/LWIR/depth, Phase24 board-affine geometry, Phase25 depth projection support, and raw-only scene reliability scoring. MM5 aligned images are evaluation-only.",1.0,0.9313444010416667,0.9313444010416667,0.8419756293296814,0.8692739605903625,1.0,0.99230518900372,1.0369680229172054,0.9729534387588501,1.4031388759613037,0.9313444010416667,1.1842447379682683,1.4647342164345738,-0.281573086977005,1.3088871240615845,0.9313444010416667,-0.23624297455540097,0.35455623443982365,p29_raw_shift_dx4p5_dy2p0_fill,board_all_median_floor,affine,affine_lmeds,1496,5.984659671783447,7.825484275817871,"[[0.964242690293037, 0.13137386244365368, -26.99199754875218], [-0.06631033534806513, 0.9894192701549352, 24.920322865264623]]",4.5,2.0,9,True,False,3.0,2,0.1,calibration/def_stereocalib_THERM.yml,calibration/def_thermalcam_ori.yml,640x480,broad_generalization_raw_only_selection,broad,raw_shift_local,False,v6,v9,support-v9,strict-selected,research,full,strict,all,17.447514161196032,7.087722301483154,2.272623062133789,11.90282154083252,9.413697242736816,10.319197654724121,7.423124432563782,2.484682321548462,12.361566543579102,7.5627312660217285,11.301859855651855,9.48680031299591,17.642553329467773,942,6439,4705,3.246040463447571,21.57280731201172,1244,9347,5102,17247,0.056142578125,0.5341798573664985,1.0,1.0,0.38919896640826873,133.54658105074213,5828,1788,3239,0.8019071962249312,0.3694148936170213,5102,0.0,0.06328057053400604,0.22,2.5200013160705566,0.0,0.9230769230769231,depth_tearing,False,,False,raw improvement 0.2081 is below 0.6000,17.497514161196033,generic_block,1.0,0.0,1.0,0.2080643152709314,1.0205086136177195,1.0,0.22110521793365479,0.07759976387023926,-0.14142096042633057,v6,strict,v6 adds strict raw/depth support-gated selection for v9; aligned metrics remain evaluation-only.,262_seq548,,,,,,
262_seq548,262,548,p29_raw_shift_dx2p5_dy3p0_fill,True,phase21_fixed_rgb_canvas,phase23_crop_plus_board_residual_transform,,"[296, 103]","[280, 115]","Phase29 candidate generated from calibration files, raw RGB/LWIR/depth, Phase24 board-affine geometry, Phase25 depth projection support, and raw-only scene reliability scoring. MM5 aligned images are evaluation-only.",1.0,0.9310774739583333,0.9310774739583333,0.8419756293296814,0.8692739605903625,1.0,0.99230518900372,1.0369680229172054,0.975499153137207,1.394782304763794,0.9310774739583333,1.1976387380380935,1.5367218581964617,-0.28620707988739014,1.3063111305236816,0.9310774739583333,-0.2406901223143087,0.3556988290414902,p29_raw_shift_dx2p5_dy3p0_fill,board_all_median_floor,affine,affine_lmeds,1496,5.984659671783447,7.825484275817871,"[[0.964242690293037, 0.13137386244365368, -26.99199754875218], [-0.06631033534806513, 0.9894192701549352, 24.920322865264623]]",2.5,3.0,9,True,False,3.0,2,0.1,calibration/def_stereocalib_THERM.yml,calibration/def_thermalcam_ori.yml,640x480,broad_generalization_raw_only_selection,broad,raw_shift_local,False,v6,v9,support-v9,strict-selected,research,full,strict,all,17.796738446843413,7.3434975147247314,2.452026844024658,12.234968185424805,10.015695571899414,11.30989933013916,8.394529581069946,2.7059502601623535,14.083108901977539,8.493449211120605,13.273871421813965,10.666500210762024,19.566954612731934,757,6439,4705,4.442770719528198,23.141878128051758,1136,9347,5102,17247,0.056142578125,0.5341798573664985,1.0,1.0,0.384702842377261,132.8568347674128,5804,1788,3087,0.8116902383542677,0.35212765957446807,5102,0.0,0.06328057053400604,0.22,2.707617149353027,0.0,0.9230769230769231,depth_tearing,False,,False,raw improvement -0.1412 is below 0.6000,17.896738446843415,generic_block,-1.0,1.0,2.0,-0.14115997037644945,0.9319114027891715,1.0,-0.7502999305725098,-1.846801519393921,0.11435425281524658,v6,strict,v6 adds strict raw/depth support-gated selection for v9; aligned metrics remain evaluation-only.,262_seq548,,,,,,
262_seq548,262,548,p29_raw_shift_dx3p5_dy3p0_fill,True,phase21_fixed_rgb_canvas,phase23_crop_plus_board_residual_transform,,"[296, 103]","[280, 115]","Phase29 candidate generated from calibration files, raw RGB/LWIR/depth, Phase24 board-affine geometry, Phase25 depth projection support, and raw-only scene reliability scoring. MM5 aligned images are evaluation-only.",1.0,0.9306901041666666,0.9306901041666666,0.8419756293296814,0.8692739605903625,1.0,0.99230518900372,1.0369680229172054,0.9763857126235962,1.2578531503677368,0.9306901041666666,1.1943494274723074,1.5034055583394519,-0.28592097759246826,1.3756132125854492,0.9306901041666666,-0.24080159473567603,0.35582041421536614,p29_raw_shift_dx3p5_dy3p0_fill,board_all_median_floor,affine,affine_lmeds,1496,5.984659671783447,7.825484275817871,"[[0.964242690293037, 0.13137386244365368, -26.99199754875218], [-0.06631033534806513, 0.9894192701549352, 24.920322865264623]]",3.5,3.0,9,True,False,3.0,2,0.1,calibration/def_stereocalib_THERM.yml,calibration/def_thermalcam_ori.yml,640x480,broad_generalization_raw_only_selection,broad,raw_shift_local,False,v6,v9,support-v9,strict-selected,research,full,strict,all,17.699822899526296,7.285859823226929,2.442553997039795,12.129165649414062,9.627889633178711,10.981350898742676,8.215590238571167,2.639007091522217,13.792173385620117,8.311673164367676,12.821629524230957,10.441800236701965,19.22146439552307,797,6439,4705,4.235096514225006,22.580121994018555,1133,9347,5102,17247,0.056142578125,0.5341798573664985,1.0,1.0,0.38521963824289407,132.80584248675893,5818,1788,3150,0.8139028972609512,0.36196808510638295,5102,0.0,0.06328057053400604,0.22,2.611528205871582,0.0,0.9230769230769231,depth_tearing,False,,False,raw improvement -0.0442 is below 0.6000,17.749822899526297,generic_block,0.0,1.0,1.0,-0.044244423059332405,0.9294503691550451,1.0,-0.5713605880737305,-1.5013113021850586,0.05671656131744385,v6,strict,v6 adds strict raw/depth support-gated selection for v9; aligned metrics remain evaluation-only.,262_seq548,,,,,,
262_seq548,262,548,p29_raw_shift_dx4p5_dy3p0_fill,True,phase21_fixed_rgb_canvas,phase23_crop_plus_board_residual_transform,,"[296, 103]","[280, 115]","Phase29 candidate generated from calibration files, raw RGB/LWIR/depth, Phase24 board-affine geometry, Phase25 depth projection support, and raw-only scene reliability scoring. MM5 aligned images are evaluation-only.",1.0,0.9302766927083334,0.9302766927083334,0.8419756293296814,0.8692739605903625,1.0,0.99230518900372,1.0369680229172054,0.9754314422607422,1.3198250532150269,0.9302766927083334,1.1867601088333708,1.4616507792794584,-0.28525403141975403,1.2886971235275269,0.9302766927083334,-0.23969414325326988,0.355280472717662,p29_raw_shift_dx4p5_dy3p0_fill,board_all_median_floor,affine,affine_lmeds,1496,5.984659671783447,7.825484275817871,"[[0.964242690293037, 0.13137386244365368, -26.99199754875218], [-0.06631033534806513, 0.9894192701549352, 24.920322865264623]]",4.5,3.0,9,True,False,3.0,2,0.1,calibration/def_stereocalib_THERM.yml,calibration/def_thermalcam_ori.yml,640x480,broad_generalization_raw_only_selection,broad,raw_shift_local,False,v6,v9,support-v9,strict-selected,research,full,strict,all,17.678971939363212,7.269412398338318,2.353332281112671,12.185492515563965,9.58938217163086,10.780543327331543,8.079777717590332,2.536579132080078,13.622976303100586,7.930561065673828,12.502202987670898,10.06260073184967,19.09999966621399,834,6439,4705,4.0853652358055115,22.913320541381836,1176,9347,5102,17247,0.056142578125,0.5341798573664985,1.0,1.0,0.3875968992248062,133.00171995253456,5826,1788,3181,0.8105148944565003,0.3675531914893617,5102,0.0,0.06328057053400604,0.22,2.588532257080078,0.0,0.9230769230769231,depth_tearing,False,,False,raw improvement -0.0234 is below 0.6000,17.778971939363213,generic_block,1.0,1.0,2.0,-0.023393462896247996,0.9647251845775225,1.0,-0.4355480670928955,-1.3798465728759766,0.04026913642883301,v6,strict,v6 adds strict raw/depth support-gated selection for v9; aligned metrics remain evaluation-only.,262_seq548,,,,,,
262_seq548,262,548,p29_raw_shift_dx3p0_dy2p0_fill,True,phase21_fixed_rgb_canvas,phase23_crop_plus_board_residual_transform,,"[296, 103]","[280, 115]","Phase29 candidate generated from calibration files, raw RGB/LWIR/depth, Phase24 board-affine geometry, Phase25 depth projection support, and raw-only scene reliability scoring. MM5 aligned images are evaluation-only.",1.0,0.9317578125,0.9317578125,0.8419756293296814,0.8692739605903625,1.0,0.99230518900372,1.0369680229172054,0.9742509722709656,1.3685407638549805,0.9317578125,1.1955695110576252,1.5301985557985978,-0.2793963849544525,1.36072838306427,0.9317578125,-0.2344464600249356,0.3540953015193502,p29_raw_shift_dx3p0_dy2p0_fill,board_all_median_floor,affine,affine_lmeds,1496,5.984659671783447,7.825484275817871,"[[0.964242690293037, 0.13137386244365368, -26.99199754875218], [-0.06631033534806513, 0.9894192701549352, 24.920322865264623]]",3.0,2.0,9,True,False,3.0,2,0.1,calibration/def_stereocalib_THERM.yml,calibration/def_thermalcam_ori.yml,640x480,broad_generalization_raw_only_selection,broad,raw_shift_local,False,v6,v9,support-v9,strict-selected,research,full,strict,all,17.7447269489662,7.273106098175049,2.305347442626953,12.240864753723145,9.8967924118042,11.1013822555542,7.749942421913147,2.4484426975250244,13.05144214630127,7.716107368469238,12.287032127380371,9.757150292396545,17.9132559299469,875,6439,4705,3.455150306224823,22.42844581604004,1233,9347,5102,17247,0.056142578125,0.5341798573664985,1.0,1.0,0.38733850129198966,133.63566502392027,5808,1788,3171,0.808351388615324,0.3617021276595745,5102,0.0,0.06328057053400604,0.22,2.6695332145690918,0.0,0.9230769230769231,depth_tearing,False,,False,raw improvement -0.0891 is below 0.6000,17.7697269489662,generic_block,-0.5,0.0,0.5,-0.08914847249923596,1.0114848236259228,1.0,-0.10571277141571045,-0.19310283660888672,0.043962836265563965,v6,strict,v6 adds strict raw/depth support-gated selection for v9; aligned metrics remain evaluation-only.,262_seq548,,,,,,
262_seq548,262,548,p29_raw_shift_dx4p0_dy2p0_fill,True,phase21_fixed_rgb_canvas,phase23_crop_plus_board_residual_transform,,"[296, 103]","[280, 115]","Phase29 candidate generated from calibration files, raw RGB/LWIR/depth, Phase24 board-affine geometry, Phase25 depth projection support, and raw-only scene reliability scoring. MM5 aligned images are evaluation-only.",1.0,0.9313444010416667,0.9313444010416667,0.8419756293296814,0.8692739605903625,1.0,0.99230518900372,1.0369680229172054,0.9738096594810486,1.3173388242721558,0.9313444010416667,1.1889014938476108,1.486639115414635,-0.2797333896160126,1.3370689153671265,0.9313444010416667,-0.23473017989766395,0.35350415473700914,p29_raw_shift_dx4p0_dy2p0_fill,board_all_median_floor,affine,affine_lmeds,1496,5.984659671783447,7.825484275817871,"[[0.964242690293037, 0.13137386244365368, -26.99199754875218], [-0.06631033534806513, 0.9894192701549352, 24.920322865264623]]",4.0,2.0,9,True,False,3.0,2,0.1,calibration/def_stereocalib_THERM.yml,calibration/def_thermalcam_ori.yml,640x480,broad_generalization_raw_only_selection,broad,raw_shift_local,False,v6,v9,support-v9,strict-selected,research,full,strict,all,17.839996655406054,7.2987436056137085,2.3434083461761475,12.25407886505127,10.033866882324219,10.726932525634766,7.6634029150009155,2.4977853298187256,12.829020500183105,7.487422943115234,11.759794235229492,9.837900280952454,17.72015404701233,907,6439,4705,3.2946978211402893,21.961472511291504,1262,9347,5102,17247,0.056142578125,0.5341798573664985,1.0,1.0,0.38795865633074933,133.67958888881748,5818,1788,3260,0.8137958140905964,0.3670212765957447,5102,0.0,0.06328057053400604,0.22,2.664250640869141,0.0,0.9230769230769231,depth_tearing,False,,False,raw improvement -0.1844 is below 0.6000,17.864996655406053,generic_block,0.5,0.0,0.5,-0.18441817893909018,1.0352748154224773,1.0,-0.019173264503479004,-9.5367431640625e-07,0.06960034370422363,v6,strict,v6 adds strict raw/depth support-gated selection for v9; aligned metrics remain evaluation-only.,262_seq548,,,,,,
262_seq548,262,548,p29_raw_shift_dx3p5_dy1p5_fill,True,phase21_fixed_rgb_canvas,phase23_crop_plus_board_residual_transform,,"[296, 103]","[280, 115]","Phase29 candidate generated from calibration files, raw RGB/LWIR/depth, Phase24 board-affine geometry, Phase25 depth projection support, and raw-only scene reliability scoring. MM5 aligned images are evaluation-only.",1.0,0.9327799479166666,0.9327799479166666,0.8419756293296814,0.8692739605903625,1.0,0.99230518900372,1.0369680229172054,0.9730532765388489,1.3914462327957153,0.9327799479166666,1.190540208483936,1.5055707289457427,-0.2792624533176422,1.3901110887527466,0.9327799479166666,-0.23454918052632695,0.3536929288255448,p29_raw_shift_dx3p5_dy1p5_fill,board_all_median_floor,affine,affine_lmeds,1496,5.984659671783447,7.825484275817871,"[[0.964242690293037, 0.13137386244365368, -26.99199754875218], [-0.06631033534806513, 0.9894192701549352, 24.920322865264623]]",3.5,1.5,9,True,False,3.0,2,0.1,calibration/def_stereocalib_THERM.yml,calibration/def_thermalcam_ori.yml,640x480,broad_generalization_raw_only_selection,broad,raw_shift_local,False,v6,v9,support-v9,strict-selected,research,full,strict,all,18.036943704799267,7.492454171180725,2.3970959186553955,12.587812423706055,9.98672866821289,11.333221435546875,8.097904443740845,2.5755362510681152,13.620272636413574,8.140687942504883,12.650232315063477,10.26273262500763,18.55929970741272,892,6439,4705,3.7452751994132996,21.875459671020508,1219,9347,5102,17247,0.056142578125,0.5341798573664985,1.0,1.0,0.3882687338501292,133.78973202401147,5814,1788,3187,0.8159037095501184,0.3704787234042553,5102,0.0,0.06328057053400604,0.22,2.7042688751220703,0.0,0.9230769230769231,depth_tearing,False,,False,raw improvement -0.3814 is below 0.6000,18.061943704799265,generic_block,0.0,-0.5,0.5,-0.381365228332303,1.0,1.0,-0.4536747932434082,-0.839146614074707,0.26331090927124023,v6,strict,v6 adds strict raw/depth support-gated selection for v9; aligned metrics remain evaluation-only.,262_seq548,,,,,,
262_seq548,262,548,p29_raw_shift_dx3p5_dy2p5_fill,True,phase21_fixed_rgb_canvas,phase23_crop_plus_board_residual_transform,,"[296, 103]","[280, 115]","Phase29 candidate generated from calibration files, raw RGB/LWIR/depth, Phase24 board-affine geometry, Phase25 depth projection support, and raw-only scene reliability scoring. MM5 aligned images are evaluation-only.",1.0,0.9317578125,0.9317578125,0.8419756293296814,0.8692739605903625,1.0,0.99230518900372,1.0369680229172054,0.9756808876991272,1.3927059173583984,0.9317578125,1.1928645978085382,1.5035996374237426,-0.2835531532764435,1.327647089958191,0.9317578125,-0.23834559261505003,0.3544896213409507,p29_raw_shift_dx3p5_dy2p5_fill,board_all_median_floor,affine,affine_lmeds,1496,5.984659671783447,7.825484275817871,"[[0.964242690293037, 0.13137386244365368, -26.99199754875218], [-0.06631033534806513, 0.9894192701549352, 24.920322865264623]]",3.5,2.5,9,True,False,3.0,2,0.1,calibration/def_stereocalib_THERM.yml,calibration/def_thermalcam_ori.yml,640x480,broad_generalization_raw_only_selection,broad,raw_shift_local,False,v6,v9,support-v9,strict-selected,research,full,strict,all,17.825040206702084,7.361957550048828,2.3389968872070312,12.384918212890625,9.817085266113281,11.289719581604004,8.215854287147522,2.4655239582061768,13.966184616088867,8.265381813049316,13.114779472351074,10.441800236701965,18.920222997665405,880,6439,4705,4.083952486515045,22.487433433532715,1206,9347,5102,17247,0.056142578125,0.5341798573664985,1.0,1.0,0.38656330749354006,133.22017906171243,5820,1788,3125,0.8141278610891871,0.36648936170212765,5102,0.0,0.06328057053400604,0.22,2.670252914428711,0.0,0.9230769230769231,depth_tearing,False,,False,raw improvement -0.1695 is below 0.6000,17.850040206702083,generic_block,0.0,0.5,0.5,-0.16946173023512046,0.9893355209187858,1.0,-0.5716246366500854,-1.2000699043273926,0.13281428813934326,v6,strict,v6 adds strict raw/depth support-gated selection for v9; aligned metrics remain evaluation-only.,262_seq548,,,,,,
266_seq552,266,552,p29_baseline,True,phase21_fixed_rgb_canvas,phase24_affine_lwir_subpixel_shift_depth_fill_then_morph_close,,"[296, 103]","[280, 115]","Phase29 candidate generated from calibration files, raw RGB/LWIR/depth, Phase24 board-affine geometry, Phase25 depth projection support, and raw-only scene reliability scoring. MM5 aligned images are evaluation-only.",1.0,0.9317578125,0.9317578125,0.8523050546646118,0.9044563174247742,1.0,1.005624332928148,1.0583067744538996,0.9828743934631348,1.7500410079956055,0.9317578125,1.2142556381476348,1.6125432715498258,-0.21142782270908356,1.3453906774520874,0.9317578125,-0.16122606094360442,0.3884940388679444,p29_baseline,board_all_median_floor,affine,affine_lmeds,1496,5.984659671783447,7.825484275817871,"[[0.964242690293037, 0.13137386244365368, -26.99199754875218], [-0.06631033534806513, 0.9894192701549352, 24.920322865264623]]",3.5,2.0,9,True,False,3.0,2,0.1,calibration/def_stereocalib_THERM.yml,calibration/def_thermalcam_ori.yml,640x480,broad_generalization_raw_only_selection,broad,baseline,False,v6,v9,support-v9,strict-selected,research,full,strict,all,16.097246376028604,6.569036602973938,2.817540407180786,10.32053279876709,11.059444427490234,6.715673923492432,6.168998122215271,2.8556058406829834,9.482390403747559,7.591307640075684,6.892090320587158,8.278999924659729,14.36010193824768,1146,4925,3994,2.490063965320587,18.476783752441406,1462,7023,4325,12773,0.04157877604166667,1.0,1.0,1.0,0.40393773544672684,128.86425416241497,4500,1452,2620,0.7728001974577317,0.4176117411607739,4325,0.0,0.0,0.22,2.5279539108276365,0.0,0.9230769230769231,depth_tearing,True,selector v6 retained baseline; best raw improvement 1.5931; safety filters rejected candidates (p29_depth_conservative: depth/reflection/edge guard candidates are diagnostic-only by default; p29_reflection_guard: depth/reflection/edge guard candidates are diagnostic-only by default; p29_small_target_guard: small-target guard is blocked in depth-tearing scenes so local depth correction can be tested; +18 more rejected),True,,16.097246376028604,v6_baseline,0.0,0.0,0.0,0.0,1.0,1.0,0.0,0.0,0.0,v6,strict,v6 baseline row; aligned metrics are not used for selection.,266_seq552,,,,,,
266_seq552,266,552,p29_depth_conservative,True,phase21_fixed_rgb_canvas,phase23_crop_plus_board_residual_transform,,"[296, 103]","[280, 115]","Phase29 candidate generated from calibration files, raw RGB/LWIR/depth, Phase24 board-affine geometry, Phase25 depth projection support, and raw-only scene reliability scoring. MM5 aligned images are evaluation-only.",1.0,0.9317578125,0.9317578125,0.8523050546646118,0.9044563174247742,1.0,1.005624332928148,1.0583067744538996,0.9827045798301697,2.1826012134552,0.9317578125,1.211582272530912,1.6131553332098225,-0.19742831587791443,1.2733399868011475,0.9317578125,-0.1469492444152091,0.38746074255674817,p29_depth_conservative,board_all_median_floor,affine,affine_lmeds,1496,5.984659671783447,7.825484275817871,"[[0.964242690293037, 0.13137386244365368, -26.99199754875218], [-0.06631033534806513, 0.9894192701549352, 24.920322865264623]]",3.5,2.0,9,False,False,4.0,3,0.075,calibration/def_stereocalib_THERM.yml,calibration/def_thermalcam_ori.yml,640x480,broad_generalization_raw_only_selection,broad,depth_conservative,False,v6,v9,support-v9,strict-selected,research,full,strict,all,15.91167137787494,6.628611326217651,2.8486275672912598,10.408595085144043,10.508102416992188,6.7217230796813965,5.911789059638977,2.8470242023468018,8.976553916931152,7.251048564910889,6.6761674880981445,7.991099953651428,13.928249597549438,1104,4608,3946,2.698884665966034,17.936437129974365,1406,6710,4256,12059,0.039254557291666665,1.0,1.0,1.0,0.40393773544672684,128.86425416241497,4500,2166,2584,0.7769904663746457,0.41866756848156916,4256,0.0,0.0,0.0,2.4291962814331054,0.0,0.9230769230769231,depth_tearing,False,,False,depth/reflection/edge guard candidates are diagnostic-only by default,15.91167137787494,diagnostic_guard_block,0.0,0.0,0.0,0.18557499815366363,0.9616963064295485,0.944100837704533,0.25720906257629395,0.4318523406982422,0.05957472324371338,v6,strict,v6 adds strict raw/depth support-gated selection for v9; aligned metrics remain evaluation-only.,266_seq552,,,,,,
266_seq552,266,552,p29_reflection_guard,True,phase21_fixed_rgb_canvas,phase23_crop_plus_board_residual_transform,,"[296, 103]","[280, 115]","Phase29 candidate generated from calibration files, raw RGB/LWIR/depth, Phase24 board-affine geometry, Phase25 depth projection support, and raw-only scene reliability scoring. MM5 aligned images are evaluation-only.",1.0,0.9317578125,0.9317578125,0.8523050546646118,0.9044563174247742,1.0,1.005624332928148,1.0583067744538996,0.9827045798301697,2.1826012134552,0.9317578125,1.211582272530912,1.6131553332098225,-0.19742831587791443,1.2733399868011475,0.9317578125,-0.1469492444152091,0.38746074255674817,p29_reflection_guard,board_all_median_floor,affine,affine_lmeds,1496,5.984659671783447,7.825484275817871,"[[0.964242690293037, 0.13137386244365368, -26.99199754875218], [-0.06631033534806513, 0.9894192701549352, 24.920322865264623]]",3.5,2.0,9,False,False,4.5,3,0.055,calibration/def_stereocalib_THERM.yml,calibration/def_thermalcam_ori.yml,640x480,broad_generalization_raw_only_selection,broad,reflection_guard,False,v6,v9,support-v9,strict-selected,research,full,strict,all,15.932445971372735,6.628611326217651,2.8486275672912598,10.408595085144043,10.508102416992188,6.7217230796813965,5.911789059638977,2.8470242023468018,8.976553916931152,7.251048564910889,6.6761674880981445,7.991099953651428,13.928249597549438,1104,4608,3946,2.698884665966034,17.936437129974365,1406,6710,4256,12059,0.039254557291666665,1.0,1.0,1.0,0.40393773544672684,128.86425416241497,4500,2166,2596,0.7769904663746457,0.4297297297297297,4256,0.0,0.0,0.0,2.4291962814331054,0.0,0.9230769230769231,depth_tearing,False,,False,depth/reflection/edge guard candidates are diagnostic-only by default,15.932445971372735,diagnostic_guard_block,0.0,0.0,0.0,0.16480040465586931,0.9616963064295485,0.944100837704533,0.25720906257629395,0.4318523406982422,0.05957472324371338,v6,strict,v6 adds strict raw/depth support-gated selection for v9; aligned metrics remain evaluation-only.,266_seq552,,,,,,
266_seq552,266,552,p29_small_target_guard,True,phase21_fixed_rgb_canvas,phase23_crop_plus_board_residual_transform,,"[296, 103]","[280, 115]","Phase29 candidate generated from calibration files, raw RGB/LWIR/depth, Phase24 board-affine geometry, Phase25 depth projection support, and raw-only scene reliability scoring. MM5 aligned images are evaluation-only.",1.0,0.9317578125,0.9317578125,0.8523050546646118,0.9044563174247742,1.0,1.005624332928148,1.0583067744538996,0.9837756752967834,1.9062618017196655,0.9317578125,1.2133332327931867,1.606634188711476,-0.21049630641937256,1.361425518989563,0.9317578125,-0.15763796934209368,0.40684593460810836,p29_small_target_guard,board_all_median_floor,affine,affine_lmeds,1496,5.984659671783447,7.825484275817871,"[[0.964242690293037, 0.13137386244365368, -26.99199754875218], [-0.06631033534806513, 0.9894192701549352, 24.920322865264623]]",3.5,2.0,5,True,False,3.0,2,0.065,calibration/def_stereocalib_THERM.yml,calibration/def_thermalcam_ori.yml,640x480,broad_generalization_raw_only_selection,broad,small_target_guard,False,v6,v9,support-v9,strict-selected,research,full,strict,all,14.761593997456737,5.683819890022278,2.6758501529693604,8.691789627075195,9.631977081298828,5.854716777801514,5.11069655418396,2.639751434326172,7.581641674041748,6.532436370849609,5.920953750610352,6.765750050544739,12.288600206375122,1321,4925,3994,2.1452733874320984,14.67609977722168,1636,7023,4325,12773,0.04157877604166667,1.0,1.0,1.0,0.3961902054161632,128.68764391572796,4481,1452,2555,0.7355563698546476,0.41961307538358905,4325,0.0,0.0,0.22,2.20213321685791,0.0,0.9230769230769231,depth_tearing,False,,False,small-target guard is blocked in depth-tearing scenes so local depth correction can be tested,14.981593997456738,small_target_depth_block,0.0,0.0,0.0,1.3356523785718668,1.119015047879617,1.0,1.058301568031311,2.0715017318725586,-0.8852167129516602,v6,strict,v6 adds strict raw/depth support-gated selection for v9; aligned metrics remain evaluation-only.,266_seq552,,,,,,
266_seq552,266,552,p29_edge_contamination_guard,True,phase21_fixed_rgb_canvas,phase23_crop_plus_board_residual_transform,,"[296, 103]","[280, 115]","Phase29 candidate generated from calibration files, raw RGB/LWIR/depth, Phase24 board-affine geometry, Phase25 depth projection support, and raw-only scene reliability scoring. MM5 aligned images are evaluation-only.",1.0,0.9317578125,0.9317578125,0.8523050546646118,0.9044563174247742,1.0,1.005624332928148,1.0583067744538996,0.9827045798301697,2.1826012134552,0.9317578125,1.211582272530912,1.6131553332098225,-0.19742831587791443,1.2733399868011475,0.9317578125,-0.1469492444152091,0.38746074255674817,p29_edge_contamination_guard,board_all_median_floor,affine,affine_lmeds,1496,5.984659671783447,7.825484275817871,"[[0.964242690293037, 0.13137386244365368, -26.99199754875218], [-0.06631033534806513, 0.9894192701549352, 24.920322865264623]]",3.5,2.0,9,False,False,4.0,3,0.08,calibration/def_stereocalib_THERM.yml,calibration/def_thermalcam_ori.yml,640x480,broad_generalization_raw_only_selection,broad,edge_contamination_guard,False,v6,v9,support-v9,strict-selected,research,full,strict,all,15.91167137787494,6.628611326217651,2.8486275672912598,10.408595085144043,10.508102416992188,6.7217230796813965,5.911789059638977,2.8470242023468018,8.976553916931152,7.251048564910889,6.6761674880981445,7.991099953651428,13.928249597549438,1104,4608,3946,2.698884665966034,17.936437129974365,1406,6710,4256,12059,0.039254557291666665,1.0,1.0,1.0,0.40393773544672684,128.86425416241497,4500,2166,2584,0.7769904663746457,0.41866756848156916,4256,0.0,0.0,0.0,2.4291962814331054,0.0,0.9230769230769231,depth_tearing,False,,False,depth/reflection/edge guard candidates are diagnostic-only by default,15.91167137787494,diagnostic_guard_block,0.0,0.0,0.0,0.18557499815366363,0.9616963064295485,0.944100837704533,0.25720906257629395,0.4318523406982422,0.05957472324371338,v6,strict,v6 adds strict raw/depth support-gated selection for v9; aligned metrics remain evaluation-only.,266_seq552,,,,,,
266_seq552,266,552,p29_v9_support_gated,True,phase21_fixed_rgb_canvas,phase23_crop_plus_board_residual_transform,,"[296, 103]","[280, 115]","Phase29 candidate generated from calibration files, raw RGB/LWIR/depth, Phase24 board-affine geometry, Phase25 depth projection support, and raw-only scene reliability scoring. MM5 aligned images are evaluation-only.",1.0,0.9317578125,0.9317578125,0.8523050546646118,0.9044563174247742,1.0,1.005624332928148,1.0583067744538996,0.9458256959915161,9.749710083007812,0.9317578125,1.0778638529168787,1.2702427828227303,-0.12234143912792206,1.5063966512680054,0.9317578125,-0.09550770541473791,0.23914742413861456,p29_v9_support_gated,board_all_median_floor,affine,affine_lmeds,1496,5.984659671783447,7.825484275817871,"[[0.964242690293037, 0.13137386244365368, -26.99199754875218], [-0.06631033534806513, 0.9894192701549352, 24.920322865264623]]",3.5,2.0,5,True,False,7.0,3,0.075,calibration/def_stereocalib_THERM.yml,calibration/def_thermalcam_ori.yml,640x480,broad_generalization_raw_only_selection,broad,v9_support_gated,False,v6,v9,support-v9,strict-selected,research,full,strict,all,14.504157837183708,5.557636022567749,2.588657855987549,8.52661418914795,7.732738018035889,6.559662818908691,4.607753872871399,2.5987040996551514,6.6168036460876465,6.2462029457092285,4.940246105194092,5.810750126838684,12.018249750137329,1617,4608,3946,2.4544445872306824,13.93526840209961,1834,6710,4256,12059,0.039254557291666665,1.0,1.0,1.0,0.3971853010164191,128.57426687259058,4499,2166,2667,0.6951189296333002,0.4957177115450497,4256,0.0,0.0,0.22,1.9166658687591553,0.0,0.9230769230769231,depth_tearing,False,,False,v9 support-gated mode is reserved for reflection/background scenes,13.40197,v9_reflection_block,0.0,0.0,0.0,1.5930885388448957,1.2544459644322845,0.944100837704533,1.561244249343872,2.3418521881103516,-1.011400580406189,v6,strict,v6 adds strict raw/depth support-gated selection for v9; aligned metrics remain evaluation-only.,266_seq552,True,v9_support_gated,17397,14,,0.9317578125
266_seq552,266,552,p29_v9_support_gated_tight,True,phase21_fixed_rgb_canvas,phase23_crop_plus_board_residual_transform,,"[296, 103]","[280, 115]","Phase29 candidate generated from calibration files, raw RGB/LWIR/depth, Phase24 board-affine geometry, Phase25 depth projection support, and raw-only scene reliability scoring. MM5 aligned images are evaluation-only.",1.0,0.9317578125,0.9317578125,0.8523050546646118,0.9044563174247742,1.0,1.005624332928148,1.0583067744538996,0.9440202713012695,5.123021125793457,0.9317578125,1.1032600979137992,1.2665196891152697,-0.11897680908441544,1.4539703130722046,0.9317578125,-0.0914630381110348,0.24158395234542573,p29_v9_support_gated_tight,board_all_median_floor,affine,affine_lmeds,1496,5.984659671783447,7.825484275817871,"[[0.964242690293037, 0.13137386244365368, -26.99199754875218], [-0.06631033534806513, 0.9894192701549352, 24.920322865264623]]",3.5,2.0,5,True,False,8.0,4,0.055,calibration/def_stereocalib_THERM.yml,calibration/def_thermalcam_ori.yml,640x480,broad_generalization_raw_only_selection,broad,v9_support_gated_tight,False,v6,v9,support-v9,strict-selected,research,full,strict,all,16.24128885282606,7.119821310043335,3.3727593421936035,10.866883277893066,8.421487808227539,6.315970420837402,5.494455814361572,3.423645496368408,7.565266132354736,6.71445369720459,4.6516523361206055,6.677268624305725,14.729111671447754,1554,4296,3903,3.807643413543701,16.522899627685547,1794,6412,4199,11353,0.036956380208333334,1.0,1.0,1.0,0.3971853010164191,128.57426687259058,4499,2872,2562,0.7303802330047369,0.46799431009957326,4199,0.0,0.0,0.22,2.021145439147949,0.0,0.9230769230769231,depth_tearing,False,,False,v9 support candidate mode is diagnostic-only unless a dedicated raw/depth gate allows it,13.3025,v9_mode_block,0.0,0.0,0.0,-0.14404247679745552,1.2270861833105335,0.8888279965552337,0.6745423078536987,-0.36900973320007324,0.550784707069397,v6,strict,v6 adds strict raw/depth support-gated selection for v9; aligned metrics remain evaluation-only.,266_seq552,True,v9_support_gated_tight,15450,14,,0.9317578125
266_seq552,266,552,p29_v9_target_only,True,phase21_fixed_rgb_canvas,phase23_crop_plus_board_residual_transform,,"[296, 103]","[280, 115]","Phase29 candidate generated from calibration files, raw RGB/LWIR/depth, Phase24 board-affine geometry, Phase25 depth projection support, and raw-only scene reliability scoring. MM5 aligned images are evaluation-only.",1.0,0.9317578125,0.9317578125,0.8523050546646118,0.9044563174247742,1.0,1.005624332928148,1.0583067744538996,0.9647426009178162,9.888354301452637,0.9317578125,1.0970623978683065,1.2776661517280408,-0.16528885066509247,1.3818469047546387,0.9317578125,-0.13724204943685417,0.24225255104510746,p29_v9_target_only,board_all_median_floor,affine,affine_lmeds,1496,5.984659671783447,7.825484275817871,"[[0.964242690293037, 0.13137386244365368, -26.99199754875218], [-0.06631033534806513, 0.9894192701549352, 24.920322865264623]]",3.5,2.0,5,True,False,8.0,4,0.045,calibration/def_stereocalib_THERM.yml,calibration/def_thermalcam_ori.yml,640x480,broad_generalization_raw_only_selection,broad,v9_target_only,False,v6,v9,support-v9,strict-selected,research,full,strict,all,14.652677714414269,3.5818039178848267,2.039128065109253,5.1244797706604,10.476318359375,4.997442245483398,3.252389669418335,2.1524734497070312,4.352305889129639,8.878684043884277,4.505346775054932,3.9007500410079956,8.05430006980896,1895,5565,4084,0.8429892659187317,17.632380962371826,2126,7751,4522,14107,0.04592122395833333,1.0,1.0,1.0,0.4042220484753714,128.6222949755291,4486,14291,2675,0.6504135829342621,0.40690341851974776,4522,0.0,0.0,0.22,2.2855326843261716,0.0,0.9230769230769231,depth_tearing,False,,False,v9 target-only mode is reserved for general weak-target scenes,13.8794,v9_target_only_block,0.0,0.0,0.0,1.4445686616143352,1.454172366621067,1.1044390511234636,2.916608452796936,6.305801868438721,-2.9872326850891113,v6,strict,v6 adds strict raw/depth support-gated selection for v9; aligned metrics remain evaluation-only.,266_seq552,True,v9_target_only,6740,14,,0.9317578125
266_seq552,266,552,p29_v9_depth_thermal,True,phase21_fixed_rgb_canvas,phase23_crop_plus_board_residual_transform,,"[296, 103]","[280, 115]","Phase29 candidate generated from calibration files, raw RGB/LWIR/depth, Phase24 board-affine geometry, Phase25 depth projection support, and raw-only scene reliability scoring. MM5 aligned images are evaluation-only.",1.0,0.9317578125,0.9317578125,0.8523050546646118,0.9044563174247742,1.0,1.005624332928148,1.0583067744538996,0.9450494647026062,9.337874412536621,0.9317578125,1.0792906967364924,1.2684565233940384,-0.1201426088809967,1.4748824834823608,0.9317578125,-0.09293755697106845,0.24036231207214948,p29_v9_depth_thermal,board_all_median_floor,affine,affine_lmeds,1496,5.984659671783447,7.825484275817871,"[[0.964242690293037, 0.13137386244365368, -26.99199754875218], [-0.06631033534806513, 0.9894192701549352, 24.920322865264623]]",3.5,2.0,5,True,False,7.0,3,0.065,calibration/def_stereocalib_THERM.yml,calibration/def_thermalcam_ori.yml,640x480,broad_generalization_raw_only_selection,broad,v9_depth_thermal,False,v6,v9,support-v9,strict-selected,research,full,strict,all,16.11641780156332,7.090139031410217,2.96193528175354,11.218342781066895,7.887378215789795,6.782657146453857,5.498867630958557,2.9931108951568604,8.004624366760254,6.2319231033325195,4.953005313873291,6.909700036048889,14.342549562454224,1597,4608,3946,3.676908791065216,14.484743118286133,1801,6710,4256,12059,0.039254557291666665,1.0,1.0,1.0,0.3971853010164191,128.57426687259058,4499,2166,2648,0.7231435643564357,0.4803014731072285,4256,0.0,0.0,0.22,1.9623406505584717,0.0,0.9230769230769231,depth_tearing,False,,False,v9 depth-thermal mode is reserved for double-edge mismatch scenes,13.32837,v9_depth_thermal_block,0.0,0.0,0.0,-0.01917142553471507,1.23187414500684,0.944100837704533,0.6701304912567139,0.01755237579345703,0.5211024284362793,v6,strict,v6 adds strict raw/depth support-gated selection for v9; aligned metrics remain evaluation-only.,266_seq552,True,v9_depth_thermal,16637,14,,0.9317578125
266_seq552,266,552,p29_v9_target_silhouette,True,phase21_fixed_rgb_canvas,phase23_crop_plus_board_residual_transform,,"[296, 103]","[280, 115]","Phase29 candidate generated from calibration files, raw RGB/LWIR/depth, Phase24 board-affine geometry, Phase25 depth projection support, and raw-only scene reliability scoring. MM5 aligned images are evaluation-only.",1.0,0.9317578125,0.9317578125,0.8523050546646118,0.9044563174247742,1.0,1.005624332928148,1.0583067744538996,0.9682826995849609,1.7316439151763916,0.9317578125,1.147200196801543,1.2620490713842698,-0.16793787479400635,1.4477633237838745,0.9317578125,-0.14172907873946586,0.23263583998162485,p29_v9_target_silhouette,board_all_median_floor,affine,affine_lmeds,1496,5.984659671783447,7.825484275817871,"[[0.964242690293037, 0.13137386244365368, -26.99199754875218], [-0.06631033534806513, 0.9894192701549352, 24.920322865264623]]",3.5,2.0,5,True,False,7.0,3,0.045,calibration/def_stereocalib_THERM.yml,calibration/def_thermalcam_ori.yml,640x480,broad_generalization_raw_only_selection,broad,v9_target_silhouette,False,v6,v9,support-v9,strict-selected,research,full,strict,all,29.394443483142656,17.095556020736694,2.550605297088623,31.640506744384766,15.213288307189941,22.352169036865234,15.322449564933777,2.682288885116577,27.962610244750977,12.929383277893066,18.59808921813965,23.446642994880676,34.56606364250183,1077,5565,4084,8.914622366428375,43.72002029418945,1212,7751,4522,14107,0.04592122395833333,1.0,1.0,1.0,0.40500390930414387,128.1743401174711,4595,14291,2629,0.8285615331332256,0.41387321606372385,4522,0.0,0.0,0.22,3.12,0.0,0.9230769230769231,depth_tearing,False,,False,v9 silhouette mode is reserved for general target-contamination scenes,12.0514,v9_silhouette_block,0.0,0.0,0.0,-13.297197107114052,0.8290013679890561,1.1044390511234636,-9.153451442718506,-20.20596170425415,10.526519417762756,v6,strict,v6 adds strict raw/depth support-gated selection for v9; aligned metrics remain evaluation-only.,266_seq552,True,v9_target_silhouette,6740,14,15.0,0.9317578125
266_seq552,266,552,p29_raw_shift_dx2p5_dy1p0_fill,True,phase21_fixed_rgb_canvas,phase23_crop_plus_board_residual_transform,,"[296, 103]","[280, 115]","Phase29 candidate generated from calibration files, raw RGB/LWIR/depth, Phase24 board-affine geometry, Phase25 depth projection support, and raw-only scene reliability scoring. MM5 aligned images are evaluation-only.",1.0,0.9331673177083334,0.9331673177083334,0.8523050546646118,0.9044563174247742,1.0,1.005624332928148,1.0583067744538996,0.9784865379333496,1.735129475593567,0.9331673177083334,1.2084726648493769,1.6026460251305923,-0.2076805830001831,1.4104379415512085,0.9331673177083334,-0.1576678646349755,0.3898356400967657,p29_raw_shift_dx2p5_dy1p0_fill,board_all_median_floor,affine,affine_lmeds,1496,5.984659671783447,7.825484275817871,"[[0.964242690293037, 0.13137386244365368, -26.99199754875218], [-0.06631033534806513, 0.9894192701549352, 24.920322865264623]]",2.5,1.0,9,True,False,3.0,2,0.1,calibration/def_stereocalib_THERM.yml,calibration/def_thermalcam_ori.yml,640x480,broad_generalization_raw_only_selection,broad,raw_shift_local,False,v6,v9,support-v9,strict-selected,research,full,strict,all,16.299460327170824,6.6204564571380615,2.7755885124206543,10.465324401855469,12.046889305114746,6.773777008056641,6.005379915237427,2.71763277053833,9.293127059936523,7.590442657470703,6.894196510314941,7.847149968147278,14.296901941299438,1161,4925,3994,2.6893020272254944,18.652334213256836,1512,7023,4325,12773,0.04157877604166667,1.0,1.0,1.0,0.3978250053308693,128.36906876862264,4457,1452,2601,0.7682672233820459,0.41827885256837893,4325,0.0,0.0,0.22,2.7019021606445315,0.0,0.9230769230769231,depth_tearing,False,,False,raw improvement -0.2022 is below 0.6000,16.399460327170825,generic_block,-1.0,-1.0,2.0,-0.20221395114221963,1.0341997264021887,1.0,0.16361820697784424,0.06319999694824219,0.051419854164123535,v6,strict,v6 adds strict raw/depth support-gated selection for v9; aligned metrics remain evaluation-only.,266_seq552,,,,,,
266_seq552,266,552,p29_raw_shift_dx3p5_dy1p0_fill,True,phase21_fixed_rgb_canvas,phase23_crop_plus_board_residual_transform,,"[296, 103]","[280, 115]","Phase29 candidate generated from calibration files, raw RGB/LWIR/depth, Phase24 board-affine geometry, Phase25 depth projection support, and raw-only scene reliability scoring. MM5 aligned images are evaluation-only.",1.0,0.9327799479166666,0.9327799479166666,0.8523050546646118,0.9044563174247742,1.0,1.005624332928148,1.0583067744538996,0.9801316261291504,1.9000972509384155,0.9327799479166666,1.2054892444751695,1.5783880123443306,-0.20682042837142944,1.3940156698226929,0.9327799479166666,-0.15676324906370165,0.389475155511093,p29_raw_shift_dx3p5_dy1p0_fill,board_all_median_floor,affine,affine_lmeds,1496,5.984659671783447,7.825484275817871,"[[0.964242690293037, 0.13137386244365368, -26.99199754875218], [-0.06631033534806513, 0.9894192701549352, 24.920322865264623]]",3.5,1.0,9,True,False,3.0,2,0.1,calibration/def_stereocalib_THERM.yml,calibration/def_thermalcam_ori.yml,640x480,broad_generalization_raw_only_selection,broad,raw_shift_local,False,v6,v9,support-v9,strict-selected,research,full,strict,all,16.541905120324,6.824544429779053,2.867342948913574,10.781745910644531,12.096771240234375,6.947935581207275,6.1429479122161865,2.794893741607666,9.491002082824707,7.454977989196777,7.086915969848633,8.117499947547913,14.198600053787231,1097,4925,3994,2.731246531009674,18.366188526153564,1432,7023,4325,12773,0.04157877604166667,1.0,1.0,1.0,0.39299168384391214,128.51076349142917,4392,1452,2607,0.7806053119209388,0.41394262841894597,4325,0.0,0.0,0.22,2.7158348464965822,0.0,0.9230769230769231,depth_tearing,False,,False,raw improvement -0.4447 is below 0.6000,16.591905120324,generic_block,0.0,-1.0,1.0,-0.44465874429539554,0.9794801641586868,1.0,0.026050209999084473,0.16150188446044922,0.25550782680511475,v6,strict,v6 adds strict raw/depth support-gated selection for v9; aligned metrics remain evaluation-only.,266_seq552,,,,,,
266_seq552,266,552,p29_raw_shift_dx4p5_dy1p0_fill,True,phase21_fixed_rgb_canvas,phase23_crop_plus_board_residual_transform,,"[296, 103]","[280, 115]","Phase29 candidate generated from calibration files, raw RGB/LWIR/depth, Phase24 board-affine geometry, Phase25 depth projection support, and raw-only scene reliability scoring. MM5 aligned images are evaluation-only.",1.0,0.9323665364583333,0.9323665364583333,0.8523050546646118,0.9044563174247742,1.0,1.005624332928148,1.0583067744538996,0.9803120493888855,2.0140068531036377,0.9323665364583333,1.2004117595750083,1.5478916753649652,-0.20437873899936676,1.3752771615982056,0.9323665364583333,-0.15436628059827642,0.38842747580453046,p29_raw_shift_dx4p5_dy1p0_fill,board_all_median_floor,affine,affine_lmeds,1496,5.984659671783447,7.825484275817871,"[[0.964242690293037, 0.13137386244365368, -26.99199754875218], [-0.06631033534806513, 0.9894192701549352, 24.920322865264623]]",4.5,1.0,9,True,False,3.0,2,0.1,calibration/def_stereocalib_THERM.yml,calibration/def_thermalcam_ori.yml,640x480,broad_generalization_raw_only_selection,broad,raw_shift_local,False,v6,v9,support-v9,strict-selected,research,full,strict,all,16.45859034025536,6.792862176895142,2.9358744621276855,10.649849891662598,11.649314880371094,6.762424945831299,6.045162200927734,2.761141777038574,9.329182624816895,7.059484481811523,6.872820854187012,7.864699959754944,14.009001016616821,1063,4925,3994,2.7499502301216125,16.642967700958252,1373,7023,4325,12773,0.04157877604166667,1.0,1.0,1.0,0.38830051887127726,128.62918739746516,4328,1452,2626,0.7843064336184455,0.4209472981987992,4325,0.0,0.0,0.22,2.6378706741333007,0.0,0.9230769230769231,depth_tearing,False,,False,raw improvement -0.3613 is below 0.6000,16.55859034025536,generic_block,1.0,-1.0,2.0,-0.3613439642267551,0.939124487004104,1.0,0.12383592128753662,0.3511009216308594,0.2238255739212036,v6,strict,v6 adds strict raw/depth support-gated selection for v9; aligned metrics remain evaluation-only.,266_seq552,,,,,,
266_seq552,266,552,p29_raw_shift_dx2p5_dy2p0_fill,True,phase21_fixed_rgb_canvas,phase23_crop_plus_board_residual_transform,,"[296, 103]","[280, 115]","Phase29 candidate generated from calibration files, raw RGB/LWIR/depth, Phase24 board-affine geometry, Phase25 depth projection support, and raw-only scene reliability scoring. MM5 aligned images are evaluation-only.",1.0,0.9321451822916667,0.9321451822916667,0.8523050546646118,0.9044563174247742,1.0,1.005624332928148,1.0583067744538996,0.9810987114906311,1.9103032350540161,0.9321451822916667,1.215419490200215,1.6385506541327206,-0.21242670714855194,1.4135724306106567,0.9321451822916667,-0.1625328978698248,0.38916829241594053,p29_raw_shift_dx2p5_dy2p0_fill,board_all_median_floor,affine,affine_lmeds,1496,5.984659671783447,7.825484275817871,"[[0.964242690293037, 0.13137386244365368, -26.99199754875218], [-0.06631033534806513, 0.9894192701549352, 24.920322865264623]]",2.5,2.0,9,True,False,3.0,2,0.1,calibration/def_stereocalib_THERM.yml,calibration/def_thermalcam_ori.yml,640x480,broad_generalization_raw_only_selection,broad,raw_shift_local,False,v6,v9,support-v9,strict-selected,research,full,strict,all,16.228597705119647,6.720267415046692,2.929790735244751,10.510744094848633,11.116936683654785,6.856059551239014,6.2878981828689575,2.845247507095337,9.730548858642578,7.3247785568237305,7.050265789031982,8.324649930000305,14.60762643814087,1106,4925,3994,2.5842758417129517,18.125675201416016,1415,7023,4325,12773,0.04157877604166667,1.0,1.0,1.0,0.3928495273295899,128.59726465448998,4406,1452,2547,0.7787938704893722,0.41260840560373585,4325,0.0,0.0,0.22,2.5495333671569824,0.0,0.9230769230769231,depth_tearing,False,,False,raw improvement -0.1314 is below 0.6000,16.278597705119648,generic_block,-1.0,0.0,1.0,-0.13135132909104286,0.9678522571819426,1.0,-0.11890006065368652,-0.24752449989318848,0.1512308120727539,v6,strict,v6 adds strict raw/depth support-gated selection for v9; aligned metrics remain evaluation-only.,266_seq552,,,,,,
266_seq552,266,552,p29_raw_shift_dx4p5_dy2p0_fill,True,phase21_fixed_rgb_canvas,phase23_crop_plus_board_residual_transform,,"[296, 103]","[280, 115]","Phase29 candidate generated from calibration files, raw RGB/LWIR/depth, Phase24 board-affine geometry, Phase25 depth projection support, and raw-only scene reliability scoring. MM5 aligned images are evaluation-only.",1.0,0.9313444010416667,0.9313444010416667,0.8523050546646118,0.9044563174247742,1.0,1.005624332928148,1.0583067744538996,0.9831445813179016,1.881524920463562,0.9313444010416667,1.2088051938204478,1.5796650801688508,-0.209481880068779,1.326582431793213,0.9313444010416667,-0.1593882289781538,0.38702097120922996,p29_raw_shift_dx4p5_dy2p0_fill,board_all_median_floor,affine,affine_lmeds,1496,5.984659671783447,7.825484275817871,"[[0.964242690293037, 0.13137386244365368, -26.99199754875218], [-0.06631033534806513, 0.9894192701549352, 24.920322865264623]]",4.5,2.0,9,True,False,3.0,2,0.1,calibration/def_stereocalib_THERM.yml,calibration/def_thermalcam_ori.yml,640x480,broad_generalization_raw_only_selection,broad,raw_shift_local,False,v6,v9,support-v9,strict-selected,research,full,strict,all,16.14625501493186,6.578177809715271,2.82112193107605,10.335233688354492,11.190046310424805,6.6915178298950195,6.0552661418914795,2.7559895515441895,9.35454273223877,7.448940277099609,6.850375175476074,8.05429995059967,14.180344820022583,1130,4925,3994,2.5679978728294373,17.685049533843994,1445,7023,4325,12773,0.04157877604166667,1.0,1.0,1.0,0.39995735304570335,129.00994350715501,4438,1452,2627,0.777103209019948,0.4229486324216144,4325,0.0,0.0,0.22,2.5495297622680666,0.0,0.9230769230769231,depth_tearing,False,,False,raw improvement -0.0490 is below 0.6000,16.19625501493186,generic_block,1.0,0.0,1.0,-0.04900863890325624,0.9883720930232558,1.0,0.1137319803237915,0.17975711822509766,0.009141206741333008,v6,strict,v6 adds strict raw/depth support-gated selection for v9; aligned metrics remain evaluation-only.,266_seq552,,,,,,
266_seq552,266,552,p29_raw_shift_dx2p5_dy3p0_fill,True,phase21_fixed_rgb_canvas,phase23_crop_plus_board_residual_transform,,"[296, 103]","[280, 115]","Phase29 candidate generated from calibration files, raw RGB/LWIR/depth, Phase24 board-affine geometry, Phase25 depth projection support, and raw-only scene reliability scoring. MM5 aligned images are evaluation-only.",1.0,0.9310774739583333,0.9310774739583333,0.8523050546646118,0.9044563174247742,1.0,1.005624332928148,1.0583067744538996,0.9823787808418274,1.9749093055725098,0.9310774739583333,1.2186400564040831,1.6540715426379384,-0.21553413569927216,1.3883081674575806,0.9310774739583333,-0.16558873622605064,0.38850165651977997,p29_raw_shift_dx2p5_dy3p0_fill,board_all_median_floor,affine,affine_lmeds,1496,5.984659671783447,7.825484275817871,"[[0.964242690293037, 0.13137386244365368, -26.99199754875218], [-0.06631033534806513, 0.9894192701549352, 24.920322865264623]]",2.5,3.0,9,True,False,3.0,2,0.1,calibration/def_stereocalib_THERM.yml,calibration/def_thermalcam_ori.yml,640x480,broad_generalization_raw_only_selection,broad,raw_shift_local,False,v6,v9,support-v9,strict-selected,research,full,strict,all,16.084795437101423,6.611369967460632,2.9066760540008545,10.31606388092041,10.850927352905273,6.964723587036133,6.497871160507202,3.0066256523132324,9.989116668701172,7.839700222015381,7.239048957824707,8.545840859413147,14.96400237083435,1090,4925,3994,2.354499399662018,19.56379222869873,1403,7023,4325,12773,0.04157877604166667,1.0,1.0,1.0,0.39803824010235267,128.7815612423326,4488,1452,2554,0.7765128078208142,0.4142761841227485,4325,0.0,0.0,0.22,2.5103448104858397,0.0,0.9230769230769231,depth_tearing,False,,False,raw improvement 0.0125 is below 0.6000,16.184795437101425,generic_block,-1.0,1.0,2.0,0.012450938927180744,0.9596443228454172,1.0,-0.32887303829193115,-0.6039004325866699,0.042333364486694336,v6,strict,v6 adds strict raw/depth support-gated selection for v9; aligned metrics remain evaluation-only.,266_seq552,,,,,,
266_seq552,266,552,p29_raw_shift_dx3p5_dy3p0_fill,True,phase21_fixed_rgb_canvas,phase23_crop_plus_board_residual_transform,,"[296, 103]","[280, 115]","Phase29 candidate generated from calibration files, raw RGB/LWIR/depth, Phase24 board-affine geometry, Phase25 depth projection support, and raw-only scene reliability scoring. MM5 aligned images are evaluation-only.",1.0,0.9306901041666666,0.9306901041666666,0.8523050546646118,0.9044563174247742,1.0,1.005624332928148,1.0583067744538996,0.984248697757721,1.7751904726028442,0.9306901041666666,1.2177381420544993,1.6276039142159688,-0.2154299020767212,1.353041172027588,0.9306901041666666,-0.16548818390572795,0.38706643468772517,p29_raw_shift_dx3p5_dy3p0_fill,board_all_median_floor,affine,affine_lmeds,1496,5.984659671783447,7.825484275817871,"[[0.964242690293037, 0.13137386244365368, -26.99199754875218], [-0.06631033534806513, 0.9894192701549352, 24.920322865264623]]",3.5,3.0,9,True,False,3.0,2,0.1,calibration/def_stereocalib_THERM.yml,calibration/def_thermalcam_ori.yml,640x480,broad_generalization_raw_only_selection,broad,raw_shift_local,False,v6,v9,support-v9,strict-selected,research,full,strict,all,15.940778084190011,6.496223330497742,2.870903730392456,10.121542930603027,10.878355026245117,6.773069381713867,6.337755799293518,2.904388666152954,9.771122932434082,6.978939533233643,7.015318870544434,8.382574915885925,14.767383813858032,1106,4925,3994,2.3503134846687317,16.93192481994629,1445,7023,4325,12773,0.04157877604166667,1.0,1.0,1.0,0.39363138815836235,128.94112899241324,4425,1452,2564,0.7690785405071119,0.40993995997331556,4325,0.0,0.0,0.22,2.4999494552612305,0.0,0.9230769230769231,depth_tearing,False,,False,raw improvement 0.1565 is below 0.6000,15.990778084190012,generic_block,0.0,1.0,1.0,0.15646829183859268,0.9883720930232558,1.0,-0.16875767707824707,-0.40728187561035156,-0.07281327247619629,v6,strict,v6 adds strict raw/depth support-gated selection for v9; aligned metrics remain evaluation-only.,266_seq552,,,,,,
266_seq552,266,552,p29_raw_shift_dx4p5_dy3p0_fill,True,phase21_fixed_rgb_canvas,phase23_crop_plus_board_residual_transform,,"[296, 103]","[280, 115]","Phase29 candidate generated from calibration files, raw RGB/LWIR/depth, Phase24 board-affine geometry, Phase25 depth projection support, and raw-only scene reliability scoring. MM5 aligned images are evaluation-only.",1.0,0.9302766927083334,0.9302766927083334,0.8523050546646118,0.9044563174247742,1.0,1.005624332928148,1.0583067744538996,0.9846702218055725,1.9711377620697021,0.9302766927083334,1.2123001866775336,1.5963786096291952,-0.2138499766588211,1.3458843231201172,0.9302766927083334,-0.16413510699771483,0.3852678373321798,p29_raw_shift_dx4p5_dy3p0_fill,board_all_median_floor,affine,affine_lmeds,1496,5.984659671783447,7.825484275817871,"[[0.964242690293037, 0.13137386244365368, -26.99199754875218], [-0.06631033534806513, 0.9894192701549352, 24.920322865264623]]",4.5,3.0,9,True,False,3.0,2,0.1,calibration/def_stereocalib_THERM.yml,calibration/def_thermalcam_ori.yml,640x480,broad_generalization_raw_only_selection,broad,raw_shift_local,False,v6,v9,support-v9,strict-selected,research,full,strict,all,15.878775970560778,6.495846748352051,2.9211111068725586,10.070582389831543,10.453771591186523,6.678455352783203,6.258977770805359,2.922653913497925,9.595301628112793,7.622429370880127,6.9030680656433105,8.278999924659729,14.60762643814087,1126,4925,3994,2.388775587081909,18.634774684906006,1414,7023,4325,12773,0.04157877604166667,1.0,1.0,1.0,0.3893666927286943,129.07899594818176,4362,1452,2588,0.7702032721864155,0.4159439626417612,4325,0.0,0.0,0.22,2.4159553146362303,0.0,0.9230769230769231,depth_tearing,False,,False,raw improvement 0.2185 is below 0.6000,15.978775970560777,generic_block,1.0,1.0,2.0,0.21847040546782637,0.9671682626538988,1.0,-0.08997964859008789,-0.24752449989318848,-0.07318985462188721,v6,strict,v6 adds strict raw/depth support-gated selection for v9; aligned metrics remain evaluation-only.,266_seq552,,,,,,
266_seq552,266,552,p29_raw_shift_dx3p0_dy2p0_fill,True,phase21_fixed_rgb_canvas,phase23_crop_plus_board_residual_transform,,"[296, 103]","[280, 115]","Phase29 candidate generated from calibration files, raw RGB/LWIR/depth, Phase24 board-affine geometry, Phase25 depth projection support, and raw-only scene reliability scoring. MM5 aligned images are evaluation-only.",1.0,0.9317578125,0.9317578125,0.8523050546646118,0.9044563174247742,1.0,1.005624332928148,1.0583067744538996,0.9823400378227234,1.804627537727356,0.9317578125,1.2151803220625927,1.6244536631082238,-0.21174409985542297,1.4432222843170166,0.9317578125,-0.16133703138232805,0.39377601452664684,p29_raw_shift_dx3p0_dy2p0_fill,board_all_median_floor,affine,affine_lmeds,1496,5.984659671783447,7.825484275817871,"[[0.964242690293037, 0.13137386244365368, -26.99199754875218], [-0.06631033534806513, 0.9894192701549352, 24.920322865264623]]",3.0,2.0,9,True,False,3.0,2,0.1,calibration/def_stereocalib_THERM.yml,calibration/def_thermalcam_ori.yml,640x480,broad_generalization_raw_only_selection,broad,raw_shift_local,False,v6,v9,support-v9,strict-selected,research,full,strict,all,15.70274112430873,6.354606509208679,2.7165820598602295,9.992630958557129,10.382816314697266,6.574191093444824,5.943323373794556,2.7748847007751465,9.111762046813965,7.1573076248168945,6.754573822021484,7.847149968147278,14.296901941299438,1138,4925,3994,2.485508620738983,17.438924312591553,1443,7023,4325,12773,0.04157877604166667,1.0,1.0,1.0,0.3922809012723008,128.6273652213483,4398,1452,2593,0.7619460262441198,0.41661107404936626,4325,0.0,0.0,0.22,2.394842224121094,0.0,0.9230769230769231,depth_tearing,False,,False,raw improvement 0.3945 is below 0.6000,15.72774112430873,generic_block,-0.5,0.0,0.5,0.39450525171987394,0.9870041039671683,1.0,0.22567474842071533,0.06319999694824219,-0.2144300937652588,v6,strict,v6 adds strict raw/depth support-gated selection for v9; aligned metrics remain evaluation-only.,266_seq552,,,,,,
266_seq552,266,552,p29_raw_shift_dx4p0_dy2p0_fill,True,phase21_fixed_rgb_canvas,phase23_crop_plus_board_residual_transform,,"[296, 103]","[280, 115]","Phase29 candidate generated from calibration files, raw RGB/LWIR/depth, Phase24 board-affine geometry, Phase25 depth projection support, and raw-only scene reliability scoring. MM5 aligned images are evaluation-only.",1.0,0.9313444010416667,0.9313444010416667,0.8523050546646118,0.9044563174247742,1.0,1.005624332928148,1.0583067744538996,0.9832677841186523,2.061145305633545,0.9313444010416667,1.2100851240424422,1.5945614117172744,-0.21080103516578674,1.3859692811965942,0.9313444010416667,-0.16014928115559418,0.39311713131581416,p29_raw_shift_dx4p0_dy2p0_fill,board_all_median_floor,affine,affine_lmeds,1496,5.984659671783447,7.825484275817871,"[[0.964242690293037, 0.13137386244365368, -26.99199754875218], [-0.06631033534806513, 0.9894192701549352, 24.920322865264623]]",4.0,2.0,9,True,False,3.0,2,0.1,calibration/def_stereocalib_THERM.yml,calibration/def_thermalcam_ori.yml,640x480,broad_generalization_raw_only_selection,broad,raw_shift_local,False,v6,v9,support-v9,strict-selected,research,full,strict,all,15.901377158557972,6.47340202331543,2.852039337158203,10.094764709472656,10.72976016998291,6.4986982345581055,5.941547274589539,2.783674955368042,9.099419593811035,6.906998634338379,6.670005798339844,7.847149968147278,14.15295147895813,1132,4925,3994,2.5700926184654236,16.534128189086914,1444,7023,4325,12773,0.04157877604166667,1.0,1.0,1.0,0.4023740137891819,128.86558884881012,4477,1452,2609,0.765767994063814,0.4179452968645764,4325,0.0,0.0,0.22,2.4512526893615725,0.0,0.9230769230769231,depth_tearing,False,,False,raw improvement 0.1959 is below 0.6000,15.926377158557973,generic_block,0.5,0.0,0.5,0.1958692174706318,0.987688098495212,1.0,0.22745084762573242,0.20715045928955078,-0.0956345796585083,v6,strict,v6 adds strict raw/depth support-gated selection for v9; aligned metrics remain evaluation-only.,266_seq552,,,,,,
266_seq552,266,552,p29_raw_shift_dx3p5_dy1p5_fill,True,phase21_fixed_rgb_canvas,phase23_crop_plus_board_residual_transform,,"[296, 103]","[280, 115]","Phase29 candidate generated from calibration files, raw RGB/LWIR/depth, Phase24 board-affine geometry, Phase25 depth projection support, and raw-only scene reliability scoring. MM5 aligned images are evaluation-only.",1.0,0.9327799479166666,0.9327799479166666,0.8523050546646118,0.9044563174247742,1.0,1.005624332928148,1.0583067744538996,0.9819477200508118,1.6580873727798462,0.9327799479166666,1.2107156080747876,1.5914427484043654,-0.21013768017292023,1.4277734756469727,0.9327799479166666,-0.15783943623983077,0.40576589857980866,p29_raw_shift_dx3p5_dy1p5_fill,board_all_median_floor,affine,affine_lmeds,1496,5.984659671783447,7.825484275817871,"[[0.964242690293037, 0.13137386244365368, -26.99199754875218], [-0.06631033534806513, 0.9894192701549352, 24.920322865264623]]",3.5,1.5,9,True,False,3.0,2,0.1,calibration/def_stereocalib_THERM.yml,calibration/def_thermalcam_ori.yml,640x480,broad_generalization_raw_only_selection,broad,raw_shift_local,False,v6,v9,support-v9,strict-selected,research,full,strict,all,16.517641800893813,6.809423565864563,2.89754319190979,10.721303939819336,12.406373977661133,6.867143630981445,6.151995062828064,2.7255914211273193,9.578398704528809,7.410085201263428,7.002450466156006,7.915262818336487,14.448577642440796,1067,4925,3994,2.769572913646698,18.48625898361206,1423,7023,4325,12773,0.04157877604166667,1.0,1.0,1.0,0.4007392138744758,128.6555201181182,4471,1452,2592,0.7806292412091301,0.41694462975316876,4325,0.0,0.0,0.22,2.7093714904785156,0.0,0.9230769230769231,depth_tearing,False,,False,raw improvement -0.4204 is below 0.6000,16.54264180089381,generic_block,0.0,-0.5,0.5,-0.42039542486520887,0.9733242134062927,1.0,0.01700305938720703,-0.08847570419311523,0.240386962890625,v6,strict,v6 adds strict raw/depth support-gated selection for v9; aligned metrics remain evaluation-only.,266_seq552,,,,,,
266_seq552,266,552,p29_raw_shift_dx3p5_dy2p5_fill,True,phase21_fixed_rgb_canvas,phase23_crop_plus_board_residual_transform,,"[296, 103]","[280, 115]","Phase29 candidate generated from calibration files, raw RGB/LWIR/depth, Phase24 board-affine geometry, Phase25 depth projection support, and raw-only scene reliability scoring. MM5 aligned images are evaluation-only.",1.0,0.9317578125,0.9317578125,0.8523050546646118,0.9044563174247742,1.0,1.005624332928148,1.0583067744538996,0.9840700030326843,1.8895680904388428,0.9317578125,1.2151667015167438,1.61622738017795,-0.21461069583892822,1.3986639976501465,0.9317578125,-0.16228693907542216,0.4047716049960462,p29_raw_shift_dx3p5_dy2p5_fill,board_all_median_floor,affine,affine_lmeds,1496,5.984659671783447,7.825484275817871,"[[0.964242690293037, 0.13137386244365368, -26.99199754875218], [-0.06631033534806513, 0.9894192701549352, 24.920322865264623]]",3.5,2.5,9,True,False,3.0,2,0.1,calibration/def_stereocalib_THERM.yml,calibration/def_thermalcam_ori.yml,640x480,broad_generalization_raw_only_selection,broad,raw_shift_local,False,v6,v9,support-v9,strict-selected,research,full,strict,all,16.427394222102738,6.758774518966675,3.0022692680358887,10.515279769897461,11.81987476348877,6.831634521484375,6.4623565673828125,2.9296770095825195,9.995036125183105,7.5265583992004395,7.147397994995117,8.486149907112122,14.981552362442017,1016,4925,3994,2.5418060421943665,18.706750869750977,1353,7023,4325,12773,0.04157877604166667,1.0,1.0,1.0,0.3928495273295899,128.66356221408688,4409,1452,2589,0.7856431948245832,0.40727151434289527,4325,0.0,0.0,0.22,2.6741082191467287,0.0,0.9230769230769231,depth_tearing,False,,False,raw improvement -0.3301 is below 0.6000,16.452394222102736,generic_block,0.0,0.5,0.5,-0.3301478460741336,0.9254445964432284,1.0,-0.2933584451675415,-0.6214504241943359,0.18973791599273682,v6,strict,v6 adds strict raw/depth support-gated selection for v9; aligned metrics remain evaluation-only.,266_seq552,,,,,,
272_seq558,272,558,p29_baseline,True,phase21_fixed_rgb_canvas,phase24_affine_lwir_subpixel_shift_depth_fill_then_morph_close,,"[296, 103]","[280, 115]","Phase29 candidate generated from calibration files, raw RGB/LWIR/depth, Phase24 board-affine geometry, Phase25 depth projection support, and raw-only scene reliability scoring. MM5 aligned images are evaluation-only.",1.0,0.9317578125,0.9317578125,0.8588879704475403,0.9002875089645386,1.0,1.0189485487765122,1.1030820225517273,0.9542108178138733,2.224862813949585,0.9317578125,1.2073626878252084,1.7766736459668835,-0.3579704463481903,1.4554016590118408,0.9317578125,-0.29275377209197095,0.49299389473526944,p29_baseline,board_all_median_floor,affine,affine_lmeds,1496,5.984659671783447,7.825484275817871,"[[0.964242690293037, 0.13137386244365368, -26.99199754875218], [-0.06631033534806513, 0.9894192701549352, 24.920322865264623]]",3.5,2.0,9,True,False,3.0,2,0.1,calibration/def_stereocalib_THERM.yml,calibration/def_thermalcam_ori.yml,640x480,broad_generalization_raw_only_selection,broad,baseline,False,v6,v9,support-v9,strict-selected,research,full,strict,all,16.643146113959077,7.1460607051849365,2.205399990081787,12.086721420288086,10.628058433532715,7.982187747955322,6.0798259973526,2.207329034805298,9.952322959899902,11.193155288696289,8.518203735351562,8.05429995059967,13.62664246559143,520,4053,1772,2.972895324230194,18.82366418838501,592,6469,2012,6102,0.01986328125,0.33743035070468697,1.0,1.0,0.7463388418648395,83.02777755269003,2413,1340,2536,0.8688500727802038,0.4760135135135135,2012,0.0,0.8502785971812523,0.0,2.5516255378723143,0.0,0.9230769230769231,general,True,selector v6 retained baseline; best raw improvement 2.4239; safety filters rejected candidates (p29_depth_conservative: depth/reflection/edge guard candidates are diagnostic-only by default; p29_reflection_guard: depth/reflection/edge guard candidates are diagnostic-only by default; p29_small_target_guard: LWIR edge growth 1.228 exceeds 1.080; +18 more rejected),True,,16.643146113959077,v6_baseline,0.0,0.0,0.0,0.0,1.0,1.0,0.0,0.0,0.0,v6,strict,v6 baseline row; aligned metrics are not used for selection.,272_seq558,,,,,,
272_seq558,272,558,p29_depth_conservative,True,phase21_fixed_rgb_canvas,phase23_crop_plus_board_residual_transform,,"[296, 103]","[280, 115]","Phase29 candidate generated from calibration files, raw RGB/LWIR/depth, Phase24 board-affine geometry, Phase25 depth projection support, and raw-only scene reliability scoring. MM5 aligned images are evaluation-only.",1.0,0.9317578125,0.9317578125,0.8588879704475403,0.9002875089645386,1.0,1.0189485487765122,1.1030820225517273,0.9534556269645691,3.7771053314208984,0.9317578125,1.1972163302559475,1.776155568532692,-0.3462330102920532,1.4314360618591309,0.9317578125,-0.2812951062096528,0.49017680302370115,p29_depth_conservative,board_all_median_floor,affine,affine_lmeds,1496,5.984659671783447,7.825484275817871,"[[0.964242690293037, 0.13137386244365368, -26.99199754875218], [-0.06631033534806513, 0.9894192701549352, 24.920322865264623]]",3.5,2.0,9,False,False,4.0,3,0.075,calibration/def_stereocalib_THERM.yml,calibration/def_thermalcam_ori.yml,640x480,broad_generalization_raw_only_selection,broad,depth_conservative,False,v6,v9,support-v9,strict-selected,research,full,strict,all,17.071045387289956,7.2495644092559814,2.1695351600646973,12.329593658447266,11.36019515991211,9.717325210571289,5.857996940612793,2.224498748779297,9.491495132446289,11.149364471435547,8.400121688842773,7.594349980354309,13.197949647903442,508,3684,1743,3.191054880619049,18.66953945159912,551,6085,1934,5468,0.017799479166666667,0.3392465252377469,1.0,1.0,0.7463388418648395,83.02777755269003,2413,1974,2517,0.8703933106224837,0.47577092511013214,1934,0.0,0.8430138990490126,0.0,2.822221145629883,0.0,0.9230769230769231,general,False,,False,depth/reflection/edge guard candidates are diagnostic-only by default,17.071045387289956,diagnostic_guard_block,0.0,0.0,0.0,-0.42789927333087974,0.9307432432432432,0.8960996394624713,0.22182905673980713,0.4286928176879883,0.10350370407104492,v6,strict,v6 adds strict raw/depth support-gated selection for v9; aligned metrics remain evaluation-only.,272_seq558,,,,,,
272_seq558,272,558,p29_reflection_guard,True,phase21_fixed_rgb_canvas,phase23_crop_plus_board_residual_transform,,"[296, 103]","[280, 115]","Phase29 candidate generated from calibration files, raw RGB/LWIR/depth, Phase24 board-affine geometry, Phase25 depth projection support, and raw-only scene reliability scoring. MM5 aligned images are evaluation-only.",1.0,0.9317578125,0.9317578125,0.8588879704475403,0.9002875089645386,1.0,1.0189485487765122,1.1030820225517273,0.9534556269645691,3.7771053314208984,0.9317578125,1.1972163302559475,1.776155568532692,-0.3462330102920532,1.4314360618591309,0.9317578125,-0.2812951062096528,0.49017680302370115,p29_reflection_guard,board_all_median_floor,affine,affine_lmeds,1496,5.984659671783447,7.825484275817871,"[[0.964242690293037, 0.13137386244365368, -26.99199754875218], [-0.06631033534806513, 0.9894192701549352, 24.920322865264623]]",3.5,2.0,9,False,False,4.5,3,0.055,calibration/def_stereocalib_THERM.yml,calibration/def_thermalcam_ori.yml,640x480,broad_generalization_raw_only_selection,broad,reflection_guard,False,v6,v9,support-v9,strict-selected,research,full,strict,all,17.090908320636057,7.2495644092559814,2.1695351600646973,12.329593658447266,11.36019515991211,9.717325210571289,5.857996940612793,2.224498748779297,9.491495132446289,11.149364471435547,8.400121688842773,7.594349980354309,13.197949647903442,508,3684,1743,3.191054880619049,18.66953945159912,551,6085,1934,5468,0.017799479166666667,0.3392465252377469,1.0,1.0,0.7463388418648395,83.02777755269003,2413,1974,2544,0.8703933106224837,0.4782608695652174,1934,0.0,0.8430138990490126,0.0,2.822221145629883,0.0,0.9230769230769231,general,False,,False,depth/reflection/edge guard candidates are diagnostic-only by default,17.090908320636057,diagnostic_guard_block,0.0,0.0,0.0,-0.4477622066769804,0.9307432432432432,0.8960996394624713,0.22182905673980713,0.4286928176879883,0.10350370407104492,v6,strict,v6 adds strict raw/depth support-gated selection for v9; aligned metrics remain evaluation-only.,272_seq558,,,,,,
272_seq558,272,558,p29_small_target_guard,True,phase21_fixed_rgb_canvas,phase23_crop_plus_board_residual_transform,,"[296, 103]","[280, 115]","Phase29 candidate generated from calibration files, raw RGB/LWIR/depth, Phase24 board-affine geometry, Phase25 depth projection support, and raw-only scene reliability scoring. MM5 aligned images are evaluation-only.",1.0,0.9317578125,0.9317578125,0.8588879704475403,0.9002875089645386,1.0,1.0189485487765122,1.1030820225517273,0.9522539377212524,2.093552589416504,0.9317578125,1.2063335174362313,1.7776059683431855,-0.34759119153022766,1.4278297424316406,0.9317578125,-0.2842288254645981,0.4795289634681297,p29_small_target_guard,board_all_median_floor,affine,affine_lmeds,1496,5.984659671783447,7.825484275817871,"[[0.964242690293037, 0.13137386244365368, -26.99199754875218], [-0.06631033534806513, 0.9894192701549352, 24.920322865264623]]",3.5,2.0,5,True,False,3.0,2,0.065,calibration/def_stereocalib_THERM.yml,calibration/def_thermalcam_ori.yml,640x480,broad_generalization_raw_only_selection,broad,small_target_guard,False,v6,v9,support-v9,strict-selected,research,full,strict,all,15.23589554032667,6.058231711387634,2.0212314128875732,10.095232009887695,10.059524536132812,6.38865327835083,4.766613781452179,1.9670101404190063,7.566217422485352,10.282770156860352,6.708681583404541,6.351450085639954,10.919300317764282,648,4053,1772,2.521443009376526,18.272788047790527,727,6469,2012,6102,0.01986328125,0.33743035070468697,1.0,1.0,0.7608491199785032,81.84988256734538,2591,1340,2498,0.8342453917050692,0.4817567567567568,2012,0.0,0.8502785971812523,0.0,2.3218066787719724,0.0,0.9230769230769231,general,False,,False,LWIR edge growth 1.228 exceeds 1.080,15.45589554032667,small_target_guard_block,0.0,0.0,0.0,1.4072505736324068,1.2280405405405406,1.0,1.3132122159004211,2.7073421478271484,-1.0878289937973022,v6,strict,v6 adds strict raw/depth support-gated selection for v9; aligned metrics remain evaluation-only.,272_seq558,,,,,,
272_seq558,272,558,p29_edge_contamination_guard,True,phase21_fixed_rgb_canvas,phase23_crop_plus_board_residual_transform,,"[296, 103]","[280, 115]","Phase29 candidate generated from calibration files, raw RGB/LWIR/depth, Phase24 board-affine geometry, Phase25 depth projection support, and raw-only scene reliability scoring. MM5 aligned images are evaluation-only.",1.0,0.9317578125,0.9317578125,0.8588879704475403,0.9002875089645386,1.0,1.0189485487765122,1.1030820225517273,0.9534556269645691,3.7771053314208984,0.9317578125,1.1972163302559475,1.776155568532692,-0.3462330102920532,1.4314360618591309,0.9317578125,-0.2812951062096528,0.49017680302370115,p29_edge_contamination_guard,board_all_median_floor,affine,affine_lmeds,1496,5.984659671783447,7.825484275817871,"[[0.964242690293037, 0.13137386244365368, -26.99199754875218], [-0.06631033534806513, 0.9894192701549352, 24.920322865264623]]",3.5,2.0,9,False,False,4.0,3,0.08,calibration/def_stereocalib_THERM.yml,calibration/def_thermalcam_ori.yml,640x480,broad_generalization_raw_only_selection,broad,edge_contamination_guard,False,v6,v9,support-v9,strict-selected,research,full,strict,all,17.071045387289956,7.2495644092559814,2.1695351600646973,12.329593658447266,11.36019515991211,9.717325210571289,5.857996940612793,2.224498748779297,9.491495132446289,11.149364471435547,8.400121688842773,7.594349980354309,13.197949647903442,508,3684,1743,3.191054880619049,18.66953945159912,551,6085,1934,5468,0.017799479166666667,0.3392465252377469,1.0,1.0,0.7463388418648395,83.02777755269003,2413,1974,2517,0.8703933106224837,0.47577092511013214,1934,0.0,0.8430138990490126,0.0,2.822221145629883,0.0,0.9230769230769231,general,False,,False,depth/reflection/edge guard candidates are diagnostic-only by default,17.071045387289956,diagnostic_guard_block,0.0,0.0,0.0,-0.42789927333087974,0.9307432432432432,0.8960996394624713,0.22182905673980713,0.4286928176879883,0.10350370407104492,v6,strict,v6 adds strict raw/depth support-gated selection for v9; aligned metrics remain evaluation-only.,272_seq558,,,,,,
272_seq558,272,558,p29_v9_support_gated,True,phase21_fixed_rgb_canvas,phase23_crop_plus_board_residual_transform,,"[296, 103]","[280, 115]","Phase29 candidate generated from calibration files, raw RGB/LWIR/depth, Phase24 board-affine geometry, Phase25 depth projection support, and raw-only scene reliability scoring. MM5 aligned images are evaluation-only.",1.0,0.9317578125,0.9317578125,0.8588879704475403,0.9002875089645386,1.0,1.0189485487765122,1.1030820225517273,0.8994318842887878,1.3700361251831055,0.9317578125,1.1207155773937327,1.5300260657069582,-0.27152159810066223,1.3239327669143677,0.9317578125,-0.21345910830415396,0.44004057598663,p29_v9_support_gated,board_all_median_floor,affine,affine_lmeds,1496,5.984659671783447,7.825484275817871,"[[0.964242690293037, 0.13137386244365368, -26.99199754875218], [-0.06631033534806513, 0.9894192701549352, 24.920322865264623]]",3.5,2.0,5,True,False,7.0,3,0.075,calibration/def_stereocalib_THERM.yml,calibration/def_thermalcam_ori.yml,640x480,broad_generalization_raw_only_selection,broad,v9_support_gated,False,v6,v9,support-v9,strict-selected,research,full,strict,all,15.9641130245133,6.551544189453125,1.9084320068359375,11.194656372070312,9.782622337341309,8.17373275756836,4.78871876001358,1.9456449747085571,7.6317925453186035,9.752936363220215,6.687949180603027,6.2250500321388245,10.773938655853271,564,3684,1743,2.9563100934028625,17.971538543701172,578,6085,1934,5468,0.017799479166666667,0.3392465252377469,1.0,1.0,0.7535939809216714,80.23108953177696,2396,1974,2639,0.8479640811271094,0.45454545454545453,1934,0.0,0.8430138990490126,0.0,2.4147706413269043,0.0,0.9230769230769231,general,False,,False,v9 support-gated mode is reserved for reflection/background scenes,10.823699999999999,v9_reflection_block,0.0,0.0,0.0,0.6790330894457774,0.9763513513513513,0.8960996394624713,1.2911072373390198,2.852703809738159,-0.5945165157318115,v6,strict,v6 adds strict raw/depth support-gated selection for v9; aligned metrics remain evaluation-only.,272_seq558,True,v9_support_gated,10770,97,,0.9317578125
272_seq558,272,558,p29_v9_support_gated_tight,True,phase21_fixed_rgb_canvas,phase23_crop_plus_board_residual_transform,,"[296, 103]","[280, 115]","Phase29 candidate generated from calibration files, raw RGB/LWIR/depth, Phase24 board-affine geometry, Phase25 depth projection support, and raw-only scene reliability scoring. MM5 aligned images are evaluation-only.",1.0,0.9317578125,0.9317578125,0.8588879704475403,0.9002875089645386,1.0,1.0189485487765122,1.1030820225517273,0.9062570929527283,1.1936184167861938,0.9317578125,1.1288597979122355,1.531762769734829,-0.28791216015815735,1.3175033330917358,0.9317578125,-0.22771299066938733,0.4540279299154697,p29_v9_support_gated_tight,board_all_median_floor,affine,affine_lmeds,1496,5.984659671783447,7.825484275817871,"[[0.964242690293037, 0.13137386244365368, -26.99199754875218], [-0.06631033534806513, 0.9894192701549352, 24.920322865264623]]",3.5,2.0,5,True,False,8.0,4,0.055,calibration/def_stereocalib_THERM.yml,calibration/def_thermalcam_ori.yml,640x480,broad_generalization_raw_only_selection,broad,v9_support_gated_tight,False,v6,v9,support-v9,strict-selected,research,full,strict,all,15.935899779016445,6.641907095909119,1.660759687423706,11.623054504394531,8.752671241760254,7.756164073944092,5.008419454097748,1.7025402784347534,8.314298629760742,8.697919845581055,6.6520280838012695,6.685000002384186,10.729700326919556,467,3321,1724,2.8159127235412598,18.19764995574951,484,5699,1890,4860,0.0158203125,0.341358024691358,1.0,1.0,0.7620583098213086,78.49465749520158,2353,2582,2650,0.8566672215748293,0.4592154420921544,1890,0.0,0.8345679012345681,0.0,2.195973949432373,0.0,0.9230769230769231,general,False,,False,v9 support candidate mode is diagnostic-only unless a dedicated raw/depth gate allows it,10.61125,v9_mode_block,0.0,0.0,0.0,0.7072463349426314,0.8175675675675675,0.7964601769911505,1.0714065432548523,2.896942138671875,-0.5041536092758179,v6,strict,v6 adds strict raw/depth support-gated selection for v9; aligned metrics remain evaluation-only.,272_seq558,True,v9_support_gated_tight,8325,99,,0.9317578125
272_seq558,272,558,p29_v9_target_only,True,phase21_fixed_rgb_canvas,phase23_crop_plus_board_residual_transform,,"[296, 103]","[280, 115]","Phase29 candidate generated from calibration files, raw RGB/LWIR/depth, Phase24 board-affine geometry, Phase25 depth projection support, and raw-only scene reliability scoring. MM5 aligned images are evaluation-only.",1.0,0.9317578125,0.9317578125,0.8588879704475403,0.9002875089645386,1.0,1.0189485487765122,1.1030820225517273,0.9306740164756775,1.9001272916793823,0.9317578125,1.149671685101743,1.5359895491742794,-0.33626970648765564,1.2664320468902588,0.9317578125,-0.2803387247654807,0.4235304933567767,p29_v9_target_only,board_all_median_floor,affine,affine_lmeds,1496,5.984659671783447,7.825484275817871,"[[0.964242690293037, 0.13137386244365368, -26.99199754875218], [-0.06631033534806513, 0.9894192701549352, 24.920322865264623]]",3.5,2.0,5,True,False,8.0,4,0.045,calibration/def_stereocalib_THERM.yml,calibration/def_thermalcam_ori.yml,640x480,broad_generalization_raw_only_selection,broad,v9_target_only,False,v6,v9,support-v9,strict-selected,research,full,strict,all,15.6368746186474,6.224549293518066,2.107377052307129,10.341721534729004,9.733663558959961,7.53260612487793,4.7273313999176025,2.234281539916992,7.220381259918213,9.469843864440918,6.382559299468994,6.081100106239319,11.164368391036987,565,3321,1724,2.7883099913597107,17.958197593688965,628,5699,1890,4860,0.0158203125,0.341358024691358,1.0,1.0,0.6224640601907833,63.874382887622524,2302,2582,2660,0.8356299212598425,0.4623287671232877,1890,0.0,0.8345679012345681,0.0,2.3546679306030276,0.0,0.9230769230769231,general,False,,False,v9 target-only blocked because baseline thermal target is not weak/small,10.87349,v9_target_only_block,0.0,0.0,0.0,1.006271495311676,1.0608108108108107,0.7964601769911505,1.3524945974349976,2.4622740745544434,-0.9215114116668701,v6,strict,v6 adds strict raw/depth support-gated selection for v9; aligned metrics remain evaluation-only.,272_seq558,True,v9_target_only,5749,96,,0.9317578125
272_seq558,272,558,p29_v9_depth_thermal,True,phase21_fixed_rgb_canvas,phase23_crop_plus_board_residual_transform,,"[296, 103]","[280, 115]","Phase29 candidate generated from calibration files, raw RGB/LWIR/depth, Phase24 board-affine geometry, Phase25 depth projection support, and raw-only scene reliability scoring. MM5 aligned images are evaluation-only.",1.0,0.9317578125,0.9317578125,0.8588879704475403,0.9002875089645386,1.0,1.0189485487765122,1.1030820225517273,0.9047360420227051,1.330830693244934,0.9317578125,1.1251033383859161,1.5223485368178713,-0.2810361385345459,1.3206802606582642,0.9317578125,-0.22150392159821408,0.4497086566685426,p29_v9_depth_thermal,board_all_median_floor,affine,affine_lmeds,1496,5.984659671783447,7.825484275817871,"[[0.964242690293037, 0.13137386244365368, -26.99199754875218], [-0.06631033534806513, 0.9894192701549352, 24.920322865264623]]",3.5,2.0,5,True,False,7.0,3,0.065,calibration/def_stereocalib_THERM.yml,calibration/def_thermalcam_ori.yml,640x480,broad_generalization_raw_only_selection,broad,v9_depth_thermal,False,v6,v9,support-v9,strict-selected,research,full,strict,all,15.994429374650387,6.545250356197357,1.868864893913269,11.221635818481445,10.025197982788086,8.178423881530762,4.791353344917297,1.9147837162017822,7.6679229736328125,10.000741004943848,6.692521572113037,6.2250500321388245,10.729699850082397,568,3684,1743,2.936321973800659,18.341601371765137,584,6085,1934,5468,0.017799479166666667,0.3392465252377469,1.0,1.0,0.7539970442026065,80.51857944203931,2326,1974,2632,0.8474864655839134,0.45515970515970516,1934,0.0,0.8430138990490126,0.0,2.4588095474243166,0.0,0.9230769230769231,general,False,,False,v9 depth-thermal mode is reserved for double-edge mismatch scenes,10.82783,v9_depth_thermal_block,0.0,0.0,0.0,0.6487167393086892,0.9864864864864865,0.8960996394624713,1.2884726524353027,2.896942615509033,-0.6008103489875793,v6,strict,v6 adds strict raw/depth support-gated selection for v9; aligned metrics remain evaluation-only.,272_seq558,True,v9_depth_thermal,9983,98,,0.9317578125
272_seq558,272,558,p29_v9_target_silhouette,True,phase21_fixed_rgb_canvas,phase23_crop_plus_board_residual_transform,,"[296, 103]","[280, 115]","Phase29 candidate generated from calibration files, raw RGB/LWIR/depth, Phase24 board-affine geometry, Phase25 depth projection support, and raw-only scene reliability scoring. MM5 aligned images are evaluation-only.",1.0,0.9317578125,0.9317578125,0.8588879704475403,0.9002875089645386,1.0,1.0189485487765122,1.1030820225517273,0.8378216028213501,5.591513156890869,0.9317578125,1.0247405073229356,1.4697865562862058,-0.40418606996536255,1.4204776287078857,0.9317578125,-0.34916384155623587,0.42363396120915997,p29_v9_target_silhouette,board_all_median_floor,affine,affine_lmeds,1496,5.984659671783447,7.825484275817871,"[[0.964242690293037, 0.13137386244365368, -26.99199754875218], [-0.06631033534806513, 0.9894192701549352, 24.920322865264623]]",3.5,2.0,5,True,False,7.0,3,0.045,calibration/def_stereocalib_THERM.yml,calibration/def_thermalcam_ori.yml,640x480,broad_generalization_raw_only_selection,broad,v9_target_silhouette,False,v6,v9,support-v9,strict-selected,research,full,strict,all,14.21926474235023,5.018321871757507,2.338918924331665,7.69772481918335,9.8799409866333,7.152315616607666,4.185711145401001,2.5221285820007324,5.8492937088012695,9.454771995544434,6.25025749206543,5.333249926567078,9.981849908828735,760,3684,1743,1.8280732035636902,15.297550201416016,856,6085,1934,5468,0.017799479166666667,0.3392465252377469,1.0,1.0,0.6264946930001344,71.22173752947577,2176,1974,2606,0.78529367356183,0.476044226044226,1934,0.0,0.8430138990490126,0.0,2.350574626922607,0.0,0.9230769230769231,general,False,,False,v9 silhouette LWIR edge count outside reliable range,11.32949,v9_silhouette_block,0.0,0.0,0.0,2.4238813716088465,1.445945945945946,0.8960996394624713,1.8941148519515991,3.6447925567626953,-2.127738833427429,v6,strict,v6 adds strict raw/depth support-gated selection for v9; aligned metrics remain evaluation-only.,272_seq558,True,v9_target_silhouette,5749,96,143.0,0.9317578125
272_seq558,272,558,p29_raw_shift_dx2p5_dy1p0_fill,True,phase21_fixed_rgb_canvas,phase23_crop_plus_board_residual_transform,,"[296, 103]","[280, 115]","Phase29 candidate generated from calibration files, raw RGB/LWIR/depth, Phase24 board-affine geometry, Phase25 depth projection support, and raw-only scene reliability scoring. MM5 aligned images are evaluation-only.",1.0,0.9331673177083334,0.9331673177083334,0.8588879704475403,0.9002875089645386,1.0,1.0189485487765122,1.1030820225517273,0.9452004432678223,2.16045880317688,0.9331673177083334,1.1909973208278593,1.7250642025273206,-0.3515825867652893,1.4847897291183472,0.9331673177083334,-0.28658380322131716,0.4927168127912146,p29_raw_shift_dx2p5_dy1p0_fill,board_all_median_floor,affine,affine_lmeds,1496,5.984659671783447,7.825484275817871,"[[0.964242690293037, 0.13137386244365368, -26.99199754875218], [-0.06631033534806513, 0.9894192701549352, 24.920322865264623]]",2.5,1.0,9,True,False,3.0,2,0.1,calibration/def_stereocalib_THERM.yml,calibration/def_thermalcam_ori.yml,640x480,broad_generalization_raw_only_selection,broad,raw_shift_local,False,v6,v9,support-v9,strict-selected,research,full,strict,all,16.748220053261903,7.144477009773254,2.070887804031372,12.218066215515137,10.830775260925293,8.634981155395508,6.117573618888855,2.197499990463257,10.037647247314453,10.965265274047852,8.70576000213623,8.05429995059967,13.794119596481323,505,4053,1778,2.9754332900047302,18.098639011383057,556,6469,2012,6102,0.01986328125,0.33743035070468697,1.0,1.0,0.7433830444713153,84.60033498195865,2455,1340,2559,0.8691711738049993,0.47702702702702704,2012,0.0,0.8502785971812523,0.0,2.640338039398193,0.0,0.9230769230769231,general,False,,False,raw improvement -0.1051 is below 0.6000,16.848220053261905,generic_block,-1.0,-1.0,2.0,-0.1050739393028266,0.9391891891891891,1.0,-0.03774762153625488,-0.16747713088989258,-0.001583695411682129,v6,strict,v6 adds strict raw/depth support-gated selection for v9; aligned metrics remain evaluation-only.,272_seq558,,,,,,
272_seq558,272,558,p29_raw_shift_dx3p5_dy1p0_fill,True,phase21_fixed_rgb_canvas,phase23_crop_plus_board_residual_transform,,"[296, 103]","[280, 115]","Phase29 candidate generated from calibration files, raw RGB/LWIR/depth, Phase24 board-affine geometry, Phase25 depth projection support, and raw-only scene reliability scoring. MM5 aligned images are evaluation-only.",1.0,0.9327799479166666,0.9327799479166666,0.8588879704475403,0.9002875089645386,1.0,1.0189485487765122,1.1030820225517273,0.9507952332496643,1.9882932901382446,0.9327799479166666,1.1995173211321506,1.7376789841554374,-0.3541155457496643,1.4991199970245361,0.9327799479166666,-0.28931188708877753,0.49198919095356003,p29_raw_shift_dx3p5_dy1p0_fill,board_all_median_floor,affine,affine_lmeds,1496,5.984659671783447,7.825484275817871,"[[0.964242690293037, 0.13137386244365368, -26.99199754875218], [-0.06631033534806513, 0.9894192701549352, 24.920322865264623]]",3.5,1.0,9,True,False,3.0,2,0.1,calibration/def_stereocalib_THERM.yml,calibration/def_thermalcam_ori.yml,640x480,broad_generalization_raw_only_selection,broad,raw_shift_local,False,v6,v9,support-v9,strict-selected,research,full,strict,all,16.11826620902938,6.695768356323242,2.0202159881591797,11.371320724487305,10.41403865814209,7.737260818481445,5.481225490570068,2.1107616424560547,8.851689338684082,10.506705284118652,7.884154319763184,7.099300026893616,12.663223028182983,554,4059,1772,2.8803486227989197,17.39924716949463,595,6470,2012,6108,0.0198828125,0.3370988867059594,1.0,1.0,0.7963186887007927,88.00670840397225,2902,1340,2515,0.8582895504962055,0.4766891891891892,2012,0.0,0.8516044531761626,0.0,2.4935078239440918,0.0,0.9230769230769231,general,False,,False,raw improvement 0.5249 is below 0.6000,16.16826620902938,generic_block,0.0,-1.0,1.0,0.5248799049296977,1.0050675675675675,1.0009832841691249,0.5986005067825317,0.9634194374084473,-0.45029234886169434,v6,strict,v6 adds strict raw/depth support-gated selection for v9; aligned metrics remain evaluation-only.,272_seq558,,,,,,
272_seq558,272,558,p29_raw_shift_dx4p5_dy1p0_fill,True,phase21_fixed_rgb_canvas,phase23_crop_plus_board_residual_transform,,"[296, 103]","[280, 115]","Phase29 candidate generated from calibration files, raw RGB/LWIR/depth, Phase24 board-affine geometry, Phase25 depth projection support, and raw-only scene reliability scoring. MM5 aligned images are evaluation-only.",1.0,0.9323665364583333,0.9323665364583333,0.8588879704475403,0.9002875089645386,1.0,1.0189485487765122,1.1030820225517273,0.9541473388671875,1.9254164695739746,0.9323665364583333,1.203722663101621,1.7408521536791817,-0.35516658425331116,1.521087646484375,0.9323665364583333,-0.2905980146773348,0.4913006363658843,p29_raw_shift_dx4p5_dy1p0_fill,board_all_median_floor,affine,affine_lmeds,1496,5.984659671783447,7.825484275817871,"[[0.964242690293037, 0.13137386244365368, -26.99199754875218], [-0.06631033534806513, 0.9894192701549352, 24.920322865264623]]",4.5,1.0,9,True,False,3.0,2,0.1,calibration/def_stereocalib_THERM.yml,calibration/def_thermalcam_ori.yml,640x480,broad_generalization_raw_only_selection,broad,raw_shift_local,False,v6,v9,support-v9,strict-selected,research,full,strict,all,16.321384027925685,6.936140418052673,2.0572221279144287,11.815058708190918,10.090655326843262,7.619228839874268,5.73894464969635,2.1172897815704346,9.360599517822266,10.212519645690918,7.702531814575195,7.576799988746643,12.864400625228882,527,4059,1772,2.9132959246635437,17.363429069519043,555,6470,2012,6108,0.0198828125,0.3370988867059594,1.0,1.0,0.5521966948810964,101.34228652414076,2228,1340,2562,0.8694761486684226,0.4777027027027027,2012,0.0,0.8516044531761626,0.0,2.4258562660217287,0.0,0.9230769230769231,general,False,,False,raw improvement 0.3218 is below 0.6000,16.421384027925686,generic_block,1.0,-1.0,2.0,0.3217620860333916,0.9375,1.0009832841691249,0.34088134765625,0.7622418403625488,-0.20992028713226318,v6,strict,v6 adds strict raw/depth support-gated selection for v9; aligned metrics remain evaluation-only.,272_seq558,,,,,,
272_seq558,272,558,p29_raw_shift_dx2p5_dy2p0_fill,True,phase21_fixed_rgb_canvas,phase23_crop_plus_board_residual_transform,,"[296, 103]","[280, 115]","Phase29 candidate generated from calibration files, raw RGB/LWIR/depth, Phase24 board-affine geometry, Phase25 depth projection support, and raw-only scene reliability scoring. MM5 aligned images are evaluation-only.",1.0,0.9321451822916667,0.9321451822916667,0.8588879704475403,0.9002875089645386,1.0,1.0189485487765122,1.1030820225517273,0.9480809569358826,2.370988368988037,0.9321451822916667,1.1973663660394958,1.7567422621169437,-0.3559844493865967,1.4700112342834473,0.9321451822916667,-0.2905922934423644,0.49474815566621977,p29_raw_shift_dx2p5_dy2p0_fill,board_all_median_floor,affine,affine_lmeds,1496,5.984659671783447,7.825484275817871,"[[0.964242690293037, 0.13137386244365368, -26.99199754875218], [-0.06631033534806513, 0.9894192701549352, 24.920322865264623]]",2.5,2.0,9,True,False,3.0,2,0.1,calibration/def_stereocalib_THERM.yml,calibration/def_thermalcam_ori.yml,640x480,broad_generalization_raw_only_selection,broad,raw_shift_local,False,v6,v9,support-v9,strict-selected,research,full,strict,all,16.820084603087498,7.265404105186462,2.1953275203704834,12.335480690002441,10.761725425720215,8.430912017822266,6.318439722061157,2.2603468894958496,10.376532554626465,11.501142501831055,8.998189926147461,8.278999924659729,14.18946099281311,493,4053,1778,2.9943296313285828,19.226380348205566,567,6469,2012,6102,0.01986328125,0.33743035070468697,1.0,1.0,0.7245734246943437,79.41446360134252,2345,1340,2529,0.8685705959492933,0.4804054054054054,2012,0.0,0.8502785971812523,0.0,2.6115835380554198,0.0,0.9230769230769231,general,False,,False,raw improvement -0.1769 is below 0.6000,16.8700846030875,generic_block,-1.0,0.0,1.0,-0.17693848912842114,0.9577702702702703,1.0,-0.23861372470855713,-0.5628185272216797,0.11934340000152588,v6,strict,v6 adds strict raw/depth support-gated selection for v9; aligned metrics remain evaluation-only.,272_seq558,,,,,,
272_seq558,272,558,p29_raw_shift_dx4p5_dy2p0_fill,True,phase21_fixed_rgb_canvas,phase23_crop_plus_board_residual_transform,,"[296, 103]","[280, 115]","Phase29 candidate generated from calibration files, raw RGB/LWIR/depth, Phase24 board-affine geometry, Phase25 depth projection support, and raw-only scene reliability scoring. MM5 aligned images are evaluation-only.",1.0,0.9313444010416667,0.9313444010416667,0.8588879704475403,0.9002875089645386,1.0,1.0189485487765122,1.1030820225517273,0.9574242234230042,2.363172769546509,0.9313444010416667,1.2105458089278693,1.782004147480962,-0.35878053307533264,1.4534496068954468,0.9313444010416667,-0.29373519757283273,0.49177355429248404,p29_raw_shift_dx4p5_dy2p0_fill,board_all_median_floor,affine,affine_lmeds,1496,5.984659671783447,7.825484275817871,"[[0.964242690293037, 0.13137386244365368, -26.99199754875218], [-0.06631033534806513, 0.9894192701549352, 24.920322865264623]]",4.5,2.0,9,True,False,3.0,2,0.1,calibration/def_stereocalib_THERM.yml,calibration/def_thermalcam_ori.yml,640x480,broad_generalization_raw_only_selection,broad,raw_shift_local,False,v6,v9,support-v9,strict-selected,research,full,strict,all,16.476343294522056,7.048577785491943,2.1932458877563477,11.903909683227539,10.356176376342773,7.573987007141113,5.903043508529663,2.1546826362609863,9.65140438079834,10.891021728515625,8.033935546875,7.991099953651428,13.1979501247406,529,4053,1772,2.9450218081474304,18.188169956207275,591,6469,2012,6102,0.01986328125,0.33743035070468697,1.0,1.0,0.7818084105871288,84.95153592376364,2715,1340,2538,0.8691221429611297,0.475,2012,0.0,0.8502785971812523,0.0,2.470030708312988,0.0,0.9230769230769231,general,False,,False,raw improvement 0.1668 is below 0.6000,16.526343294522057,generic_block,1.0,0.0,1.0,0.16680281943702013,0.9983108108108109,1.0,0.176782488822937,0.4286923408508301,-0.09748291969299316,v6,strict,v6 adds strict raw/depth support-gated selection for v9; aligned metrics remain evaluation-only.,272_seq558,,,,,,
272_seq558,272,558,p29_raw_shift_dx2p5_dy3p0_fill,True,phase21_fixed_rgb_canvas,phase23_crop_plus_board_residual_transform,,"[296, 103]","[280, 115]","Phase29 candidate generated from calibration files, raw RGB/LWIR/depth, Phase24 board-affine geometry, Phase25 depth projection support, and raw-only scene reliability scoring. MM5 aligned images are evaluation-only.",1.0,0.9310774739583333,0.9310774739583333,0.8588879704475403,0.9002875089645386,1.0,1.0189485487765122,1.1030820225517273,0.9470537304878235,2.357248544692993,0.9310774739583333,1.1948903646092945,1.7465341692641931,-0.3619953393936157,1.4652180671691895,0.9310774739583333,-0.29646045604806626,0.49550794499043066,p29_raw_shift_dx2p5_dy3p0_fill,board_all_median_floor,affine,affine_lmeds,1496,5.984659671783447,7.825484275817871,"[[0.964242690293037, 0.13137386244365368, -26.99199754875218], [-0.06631033534806513, 0.9894192701549352, 24.920322865264623]]",2.5,3.0,9,True,False,3.0,2,0.1,calibration/def_stereocalib_THERM.yml,calibration/def_thermalcam_ori.yml,640x480,broad_generalization_raw_only_selection,broad,raw_shift_local,False,v6,v9,support-v9,strict-selected,research,full,strict,all,17.24852045327087,7.484377145767212,2.3653159141540527,12.603438377380371,11.736705780029297,8.622244834899902,6.466088533401489,2.3895955085754395,10.542581558227539,11.692611694335938,9.291797637939453,8.59499990940094,14.075701713562012,489,4053,1778,3.0372140407562256,20.026899814605713,591,6469,2012,6102,0.01986328125,0.33743035070468697,1.0,1.0,0.6952841596130592,71.13636264099611,2321,1340,2556,0.8697478991596639,0.4804054054054054,2012,0.0,0.8502785971812523,0.0,2.802386627197266,0.0,0.9230769230769231,general,False,,False,raw improvement -0.6054 is below 0.6000,17.348520453270872,generic_block,-1.0,1.0,2.0,-0.6053743393117941,0.9983108108108109,1.0,-0.38626253604888916,-0.44905924797058105,0.3383164405822754,v6,strict,v6 adds strict raw/depth support-gated selection for v9; aligned metrics remain evaluation-only.,272_seq558,,,,,,
272_seq558,272,558,p29_raw_shift_dx3p5_dy3p0_fill,True,phase21_fixed_rgb_canvas,phase23_crop_plus_board_residual_transform,,"[296, 103]","[280, 115]","Phase29 candidate generated from calibration files, raw RGB/LWIR/depth, Phase24 board-affine geometry, Phase25 depth projection support, and raw-only scene reliability scoring. MM5 aligned images are evaluation-only.",1.0,0.9306901041666666,0.9306901041666666,0.8588879704475403,0.9002875089645386,1.0,1.0189485487765122,1.1030820225517273,0.9530170559883118,2.310244083404541,0.9306901041666666,1.2050420427814694,1.7725763419572338,-0.36406463384628296,1.4814448356628418,0.9306901041666666,-0.29889657420428445,0.49371152437317045,p29_raw_shift_dx3p5_dy3p0_fill,board_all_median_floor,affine,affine_lmeds,1496,5.984659671783447,7.825484275817871,"[[0.964242690293037, 0.13137386244365368, -26.99199754875218], [-0.06631033534806513, 0.9894192701549352, 24.920322865264623]]",3.5,3.0,9,True,False,3.0,2,0.1,calibration/def_stereocalib_THERM.yml,calibration/def_thermalcam_ori.yml,640x480,broad_generalization_raw_only_selection,broad,raw_shift_local,False,v6,v9,support-v9,strict-selected,research,full,strict,all,16.84136133398709,7.265750169754028,2.299659252166748,12.231841087341309,11.143815040588379,8.18179988861084,6.129429340362549,2.327167510986328,9.93169116973877,11.704265594482422,8.84355640411377,8.117499947547913,13.61225152015686,529,4053,1772,3.0393837094306946,19.223222732543945,603,6469,2012,6102,0.01986328125,0.33743035070468697,1.0,1.0,0.7165121590756416,77.43013385076824,2260,1340,2495,0.8677985778551734,0.47905405405405405,2012,0.0,0.8502785971812523,0.0,2.6604306983947756,0.0,0.9230769230769231,general,False,,False,raw improvement -0.1982 is below 0.6000,16.891361333987092,generic_block,0.0,1.0,1.0,-0.19821522002801473,1.0185810810810811,1.0,-0.04960334300994873,0.014390945434570312,0.1196894645690918,v6,strict,v6 adds strict raw/depth support-gated selection for v9; aligned metrics remain evaluation-only.,272_seq558,,,,,,
272_seq558,272,558,p29_raw_shift_dx4p5_dy3p0_fill,True,phase21_fixed_rgb_canvas,phase23_crop_plus_board_residual_transform,,"[296, 103]","[280, 115]","Phase29 candidate generated from calibration files, raw RGB/LWIR/depth, Phase24 board-affine geometry, Phase25 depth projection support, and raw-only scene reliability scoring. MM5 aligned images are evaluation-only.",1.0,0.9302766927083334,0.9302766927083334,0.8588879704475403,0.9002875089645386,1.0,1.0189485487765122,1.1030820225517273,0.9563763737678528,2.207653045654297,0.9302766927083334,1.2118618482608492,1.7915426184461483,-0.3652852177619934,1.409482479095459,0.9302766927083334,-0.29993494374840124,0.49204779258776615,p29_raw_shift_dx4p5_dy3p0_fill,board_all_median_floor,affine,affine_lmeds,1496,5.984659671783447,7.825484275817871,"[[0.964242690293037, 0.13137386244365368, -26.99199754875218], [-0.06631033534806513, 0.9894192701549352, 24.920322865264623]]",4.5,3.0,9,True,False,3.0,2,0.1,calibration/def_stereocalib_THERM.yml,calibration/def_thermalcam_ori.yml,640x480,broad_generalization_raw_only_selection,broad,raw_shift_local,False,v6,v9,support-v9,strict-selected,research,full,strict,all,16.809994544162212,7.245607614517212,2.262176036834717,12.229039192199707,11.082866668701172,7.762521743774414,6.006650805473328,2.1899898052215576,9.823311805725098,11.018231391906738,8.344308853149414,8.05429995059967,13.134751081466675,504,4053,1772,3.022644579410553,19.152649402618408,582,6469,2012,6102,0.01986328125,0.33743035070468697,1.0,1.0,0.7427112723364235,80.8097845509485,2371,1340,2525,0.8726161013247925,0.4783783783783784,2012,0.0,0.8502785971812523,0.0,2.615917739868164,0.0,0.9230769230769231,general,False,,False,raw improvement -0.1668 is below 0.6000,16.909994544162213,generic_block,1.0,1.0,2.0,-0.16684843020313522,0.9831081081081081,1.0,0.07317519187927246,0.49189138412475586,0.09954690933227539,v6,strict,v6 adds strict raw/depth support-gated selection for v9; aligned metrics remain evaluation-only.,272_seq558,,,,,,
272_seq558,272,558,p29_raw_shift_dx3p0_dy2p0_fill,True,phase21_fixed_rgb_canvas,phase23_crop_plus_board_residual_transform,,"[296, 103]","[280, 115]","Phase29 candidate generated from calibration files, raw RGB/LWIR/depth, Phase24 board-affine geometry, Phase25 depth projection support, and raw-only scene reliability scoring. MM5 aligned images are evaluation-only.",1.0,0.9317578125,0.9317578125,0.8588879704475403,0.9002875089645386,1.0,1.0189485487765122,1.1030820225517273,0.9508333206176758,2.3589296340942383,0.9317578125,1.2010113295915332,1.7622105785228195,-0.3525860011577606,1.4991731643676758,0.9317578125,-0.2885249161710261,0.48704082648627084,p29_raw_shift_dx3p0_dy2p0_fill,board_all_median_floor,affine,affine_lmeds,1496,5.984659671783447,7.825484275817871,"[[0.964242690293037, 0.13137386244365368, -26.99199754875218], [-0.06631033534806513, 0.9894192701549352, 24.920322865264623]]",3.0,2.0,9,True,False,3.0,2,0.1,calibration/def_stereocalib_THERM.yml,calibration/def_thermalcam_ori.yml,640x480,broad_generalization_raw_only_selection,broad,raw_shift_local,False,v6,v9,support-v9,strict-selected,research,full,strict,all,16.300355608114867,6.898230671882629,2.169682741165161,11.626778602600098,10.501495361328125,7.646361827850342,5.6025389432907104,2.068101644515991,9.13697624206543,10.618273735046387,8.142251014709473,7.099300026893616,12.900912046432495,561,4053,1772,3.0209197402000427,18.30474281311035,636,6469,2012,6102,0.01986328125,0.33743035070468697,1.0,1.0,0.7373370952572887,81.26600685235543,2405,1340,2501,0.8554443961142526,0.48243243243243245,2012,0.0,0.8502785971812523,0.0,2.50197811126709,0.0,0.9230769230769231,general,False,,False,raw improvement 0.3428 is below 0.6000,16.325355608114865,generic_block,-0.5,0.0,0.5,0.34279050584421,1.0743243243243243,1.0,0.47728705406188965,0.7257304191589355,-0.24783003330230713,v6,strict,v6 adds strict raw/depth support-gated selection for v9; aligned metrics remain evaluation-only.,272_seq558,,,,,,
272_seq558,272,558,p29_raw_shift_dx4p0_dy2p0_fill,True,phase21_fixed_rgb_canvas,phase23_crop_plus_board_residual_transform,,"[296, 103]","[280, 115]","Phase29 candidate generated from calibration files, raw RGB/LWIR/depth, Phase24 board-affine geometry, Phase25 depth projection support, and raw-only scene reliability scoring. MM5 aligned images are evaluation-only.",1.0,0.9313444010416667,0.9313444010416667,0.8588879704475403,0.9002875089645386,1.0,1.0189485487765122,1.1030820225517273,0.955518901348114,2.4102625846862793,0.9313444010416667,1.2071160145697688,1.7737245915318165,-0.35363197326660156,1.4612491130828857,0.9313444010416667,-0.28948324501465345,0.48610815286963593,p29_raw_shift_dx4p0_dy2p0_fill,board_all_median_floor,affine,affine_lmeds,1496,5.984659671783447,7.825484275817871,"[[0.964242690293037, 0.13137386244365368, -26.99199754875218], [-0.06631033534806513, 0.9894192701549352, 24.920322865264623]]",4.0,2.0,9,True,False,3.0,2,0.1,calibration/def_stereocalib_THERM.yml,calibration/def_thermalcam_ori.yml,640x480,broad_generalization_raw_only_selection,broad,raw_shift_local,False,v6,v9,support-v9,strict-selected,research,full,strict,all,16.33665635016435,6.788342475891113,2.2710046768188477,11.305680274963379,11.374110221862793,7.381404876708984,5.45028018951416,2.0213851928710938,8.879175186157227,10.475358963012695,7.790934085845947,6.909700036048889,12.365837335586548,581,4053,1772,2.92952162027359,17.99049997329712,685,6469,2012,6102,0.01986328125,0.33743035070468697,1.0,1.0,0.77347843611447,84.33216982886994,2677,1340,2513,0.8545874206578188,0.4777027027027027,2012,0.0,0.8502785971812523,0.0,2.6378522300720215,0.0,0.9230769230769231,general,False,,False,raw improvement 0.3065 is below 0.6000,16.36165635016435,generic_block,0.5,0.0,0.5,0.30648976379472614,1.1570945945945945,1.0,0.6295458078384399,1.2608051300048828,-0.35771822929382324,v6,strict,v6 adds strict raw/depth support-gated selection for v9; aligned metrics remain evaluation-only.,272_seq558,,,,,,
272_seq558,272,558,p29_raw_shift_dx3p5_dy1p5_fill,True,phase21_fixed_rgb_canvas,phase23_crop_plus_board_residual_transform,,"[296, 103]","[280, 115]","Phase29 candidate generated from calibration files, raw RGB/LWIR/depth, Phase24 board-affine geometry, Phase25 depth projection support, and raw-only scene reliability scoring. MM5 aligned images are evaluation-only.",1.0,0.9327799479166666,0.9327799479166666,0.8588879704475403,0.9002875089645386,1.0,1.0189485487765122,1.1030820225517273,0.9530504941940308,2.0657196044921875,0.9327799479166666,1.2051924644845862,1.7635752527833917,-0.35797661542892456,1.515190839767456,0.9327799479166666,-0.2927978087518991,0.495133011437535,p29_raw_shift_dx3p5_dy1p5_fill,board_all_median_floor,affine,affine_lmeds,1496,5.984659671783447,7.825484275817871,"[[0.964242690293037, 0.13137386244365368, -26.99199754875218], [-0.06631033534806513, 0.9894192701549352, 24.920322865264623]]",3.5,1.5,9,True,False,3.0,2,0.1,calibration/def_stereocalib_THERM.yml,calibration/def_thermalcam_ori.yml,640x480,broad_generalization_raw_only_selection,broad,raw_shift_local,False,v6,v9,support-v9,strict-selected,research,full,strict,all,16.730482858941045,7.226927399635315,2.40678334236145,12.04707145690918,10.704710006713867,7.884144306182861,6.100928068161011,2.387773036956787,9.814083099365234,11.184005737304688,8.365699768066406,8.071849942207336,13.75620150566101,538,4053,1772,3.065049707889557,18.24856472015381,603,6469,2012,6102,0.01986328125,0.33743035070468697,1.0,1.0,0.7699852210130324,85.55608901846635,2629,1340,2521,0.8691860465116279,0.4766891891891892,2012,0.0,0.8502785971812523,0.0,2.557579345703125,0.0,0.9230769230769231,general,False,,False,raw improvement -0.0873 is below 0.6000,16.755482858941043,generic_block,0.0,-0.5,0.5,-0.0873367449819682,1.0185810810810811,1.0,-0.021102070808410645,-0.12955904006958008,0.08086669445037842,v6,strict,v6 adds strict raw/depth support-gated selection for v9; aligned metrics remain evaluation-only.,272_seq558,,,,,,
272_seq558,272,558,p29_raw_shift_dx3p5_dy2p5_fill,True,phase21_fixed_rgb_canvas,phase23_crop_plus_board_residual_transform,,"[296, 103]","[280, 115]","Phase29 candidate generated from calibration files, raw RGB/LWIR/depth, Phase24 board-affine geometry, Phase25 depth projection support, and raw-only scene reliability scoring. MM5 aligned images are evaluation-only.",1.0,0.9317578125,0.9317578125,0.8588879704475403,0.9002875089645386,1.0,1.0189485487765122,1.1030820225517273,0.9547299146652222,2.2413175106048584,0.9317578125,1.2092252336404408,1.786288160258985,-0.3631821870803833,1.475494384765625,0.9317578125,-0.29756053344051114,0.496497466323106,p29_raw_shift_dx3p5_dy2p5_fill,board_all_median_floor,affine,affine_lmeds,1496,5.984659671783447,7.825484275817871,"[[0.964242690293037, 0.13137386244365368, -26.99199754875218], [-0.06631033534806513, 0.9894192701549352, 24.920322865264623]]",3.5,2.5,9,True,False,3.0,2,0.1,calibration/def_stereocalib_THERM.yml,calibration/def_thermalcam_ori.yml,640x480,broad_generalization_raw_only_selection,broad,raw_shift_local,False,v6,v9,support-v9,strict-selected,research,full,strict,all,17.022695466079906,7.4323354959487915,2.5197107791900635,12.34496021270752,11.21096134185791,8.067488670349121,6.318597435951233,2.5272276401519775,10.109967231750488,11.689908027648926,8.681130409240723,8.468599915504456,14.360100030899048,542,4053,1772,3.2037630677223206,18.842634677886963,605,6469,2012,6102,0.01986328125,0.33743035070468697,1.0,1.0,0.7342469434367862,81.34636554952421,2335,1340,2496,0.8726401394133023,0.4766891891891892,2012,0.0,0.8502785971812523,0.0,2.6633721351623536,0.0,0.9230769230769231,general,False,,False,raw improvement -0.3795 is below 0.6000,17.047695466079904,generic_block,0.0,0.5,0.5,-0.3795493521208293,1.0219594594594594,1.0,-0.2387714385986328,-0.7334575653076172,0.286274790763855,v6,strict,v6 adds strict raw/depth support-gated selection for v9; aligned metrics remain evaluation-only.,272_seq558,,,,,,
291_seq577,291,577,p29_baseline,True,phase21_fixed_rgb_canvas,phase24_affine_lwir_subpixel_shift_depth_fill_then_morph_close,,"[296, 103]","[280, 115]","Phase29 candidate generated from calibration files, raw RGB/LWIR/depth, Phase24 board-affine geometry, Phase25 depth projection support, and raw-only scene reliability scoring. MM5 aligned images are evaluation-only.",1.0,0.9317578125,0.9317578125,0.8466456532478333,0.882485032081604,1.0,0.9957985362412535,1.029651954572732,0.918829083442688,2.715479612350464,0.9317578125,1.1163124793372912,1.4251751571247064,-0.3527977466583252,1.2940860986709595,0.9317578125,-0.2882418403039078,0.4821361529762874,p29_baseline,board_all_median_floor,affine,affine_lmeds,1496,5.984659671783447,7.825484275817871,"[[0.964242690293037, 0.13137386244365368, -26.99199754875218], [-0.06631033534806513, 0.9894192701549352, 24.920322865264623]]",3.5,2.0,9,True,False,3.0,2,0.1,calibration/def_stereocalib_THERM.yml,calibration/def_thermalcam_ori.yml,640x480,broad_generalization_raw_only_selection,broad,baseline,False,v6,v9,support-v9,strict-selected,research,full,strict,all,19.391030551972904,9.057621955871582,2.4382152557373047,15.67702865600586,12.662924766540527,13.580175399780273,7.821015000343323,2.3795979022979736,13.262432098388672,12.610657691955566,13.439557075500488,11.224750638008118,16.522899866104126,575,5620,3031,3.8673319220542908,28.58678150177002,598,8371,3054,11381,0.03704752604166667,0.5080397153149987,1.0,1.0,0.18891092129347162,134.21473531232581,1646,1752,3089,0.9104714415231188,0.37851731601731603,3054,0.0,0.1678411387400054,0.22,3.12,0.0,0.9230769230769231,double_edge_mismatch,True,selector v6 retained baseline; best raw improvement 0.9551; safety filters rejected candidates (p29_depth_conservative: depth/reflection/edge guard candidates are diagnostic-only by default; p29_reflection_guard: depth/reflection/edge guard candidates are diagnostic-only by default; p29_small_target_guard: LWIR edge growth 1.127 exceeds 1.080; +18 more rejected),True,,19.391030551972904,v6_baseline,0.0,0.0,0.0,0.0,1.0,1.0,0.0,0.0,0.0,v6,strict,v6 baseline row; aligned metrics are not used for selection.,291_seq577,,,,,,
291_seq577,291,577,p29_depth_conservative,True,phase21_fixed_rgb_canvas,phase23_crop_plus_board_residual_transform,,"[296, 103]","[280, 115]","Phase29 candidate generated from calibration files, raw RGB/LWIR/depth, Phase24 board-affine geometry, Phase25 depth projection support, and raw-only scene reliability scoring. MM5 aligned images are evaluation-only.",1.0,0.9317578125,0.9317578125,0.8466456532478333,0.882485032081604,1.0,0.9957985362412535,1.029651954572732,0.9171454906463623,4.538839340209961,0.9317578125,1.1035162641381282,1.4240253968868377,-0.3476439118385315,1.2412655353546143,0.9317578125,-0.2832558212454646,0.47890455870129717,p29_depth_conservative,board_all_median_floor,affine,affine_lmeds,1496,5.984659671783447,7.825484275817871,"[[0.964242690293037, 0.13137386244365368, -26.99199754875218], [-0.06631033534806513, 0.9894192701549352, 24.920322865264623]]",3.5,2.0,9,False,False,4.0,3,0.075,calibration/def_stereocalib_THERM.yml,calibration/def_thermalcam_ori.yml,640x480,broad_generalization_raw_only_selection,broad,depth_conservative,False,v6,v9,support-v9,strict-selected,research,full,strict,all,19.068900590075476,8.834692478179932,2.4382152557373047,15.231169700622559,12.662924766540527,13.580175399780273,7.885026574134827,2.413233995437622,13.356819152832031,12.585736274719238,13.705978393554688,11.000049710273743,16.712499856948853,552,5240,3020,3.627790868282318,29.583561897277832,598,7946,3054,10529,0.034274088541666664,0.5075505746034761,1.0,1.0,0.18891092129347162,134.21473531232581,1646,2604,3081,0.9059411834742231,0.3811720021703744,3054,0.0,0.16979770158609586,0.0,3.12,0.0,0.9230769230769231,double_edge_mismatch,False,,False,depth/reflection/edge guard candidates are diagnostic-only by default,19.068900590075476,diagnostic_guard_block,0.0,0.0,0.0,0.3221299618974278,1.0,0.9251383885423073,-0.0640115737915039,-0.18959999084472656,-0.2229294776916504,v6,strict,v6 adds strict raw/depth support-gated selection for v9; aligned metrics remain evaluation-only.,291_seq577,,,,,,
291_seq577,291,577,p29_reflection_guard,True,phase21_fixed_rgb_canvas,phase23_crop_plus_board_residual_transform,,"[296, 103]","[280, 115]","Phase29 candidate generated from calibration files, raw RGB/LWIR/depth, Phase24 board-affine geometry, Phase25 depth projection support, and raw-only scene reliability scoring. MM5 aligned images are evaluation-only.",1.0,0.9317578125,0.9317578125,0.8466456532478333,0.882485032081604,1.0,0.9957985362412535,1.029651954572732,0.9171454906463623,4.538839340209961,0.9317578125,1.1035162641381282,1.4240253968868377,-0.3476439118385315,1.2412655353546143,0.9317578125,-0.2832558212454646,0.47890455870129717,p29_reflection_guard,board_all_median_floor,affine,affine_lmeds,1496,5.984659671783447,7.825484275817871,"[[0.964242690293037, 0.13137386244365368, -26.99199754875218], [-0.06631033534806513, 0.9894192701549352, 24.920322865264623]]",3.5,2.0,9,False,False,4.5,3,0.055,calibration/def_stereocalib_THERM.yml,calibration/def_thermalcam_ori.yml,640x480,broad_generalization_raw_only_selection,broad,reflection_guard,False,v6,v9,support-v9,strict-selected,research,full,strict,all,19.091515739195163,8.834692478179932,2.4382152557373047,15.231169700622559,12.662924766540527,13.580175399780273,7.885026574134827,2.413233995437622,13.356819152832031,12.585736274719238,13.705978393554688,11.000049710273743,16.712499856948853,552,5240,3020,3.627790868282318,29.583561897277832,598,7946,3054,10529,0.034274088541666664,0.5075505746034761,1.0,1.0,0.18891092129347162,134.21473531232581,1646,2604,3098,0.9059411834742231,0.3911637931034483,3054,0.0,0.16979770158609586,0.0,3.12,0.0,0.9230769230769231,double_edge_mismatch,False,,False,depth/reflection/edge guard candidates are diagnostic-only by default,19.091515739195163,diagnostic_guard_block,0.0,0.0,0.0,0.2995148127777405,1.0,0.9251383885423073,-0.0640115737915039,-0.18959999084472656,-0.2229294776916504,v6,strict,v6 adds strict raw/depth support-gated selection for v9; aligned metrics remain evaluation-only.,291_seq577,,,,,,
291_seq577,291,577,p29_small_target_guard,True,phase21_fixed_rgb_canvas,phase23_crop_plus_board_residual_transform,,"[296, 103]","[280, 115]","Phase29 candidate generated from calibration files, raw RGB/LWIR/depth, Phase24 board-affine geometry, Phase25 depth projection support, and raw-only scene reliability scoring. MM5 aligned images are evaluation-only.",1.0,0.9317578125,0.9317578125,0.8466456532478333,0.882485032081604,1.0,0.9957985362412535,1.029651954572732,0.9125279188156128,2.6023216247558594,0.9317578125,1.109904486254519,1.4199366479162772,-0.33528196811676025,1.2906312942504883,0.9317578125,-0.2734280929597958,0.46398441948311614,p29_small_target_guard,board_all_median_floor,affine,affine_lmeds,1496,5.984659671783447,7.825484275817871,"[[0.964242690293037, 0.13137386244365368, -26.99199754875218], [-0.06631033534806513, 0.9894192701549352, 24.920322865264623]]",3.5,2.0,5,True,False,3.0,2,0.065,calibration/def_stereocalib_THERM.yml,calibration/def_thermalcam_ori.yml,640x480,broad_generalization_raw_only_selection,broad,small_target_guard,False,v6,v9,support-v9,strict-selected,research,full,strict,all,18.4359163004049,8.134074449539185,2.3667454719543457,13.901403427124023,12.435652732849121,12.790813446044922,6.922734975814819,2.3018383979797363,11.543631553649902,12.454086303710938,12.729846000671387,9.855449795722961,14.71577000617981,654,5620,3031,3.3902819752693176,27.302104949951172,674,8371,3054,11381,0.03704752604166667,0.5080397153149987,1.0,1.0,0.1883770591824283,134.25452212968574,1637,1752,3073,0.8989864864864865,0.3828463203463203,3054,0.0,0.1678411387400054,0.22,3.12,0.0,0.9230769230769231,double_edge_mismatch,False,,False,LWIR edge growth 1.127 exceeds 1.080,18.6559163004049,small_target_guard_block,0.0,0.0,0.0,0.955114251568002,1.1270903010033444,1.0,0.8982800245285034,1.8071298599243164,-0.9235475063323975,v6,strict,v6 adds strict raw/depth support-gated selection for v9; aligned metrics remain evaluation-only.,291_seq577,,,,,,
291_seq577,291,577,p29_edge_contamination_guard,True,phase21_fixed_rgb_canvas,phase23_crop_plus_board_residual_transform,,"[296, 103]","[280, 115]","Phase29 candidate generated from calibration files, raw RGB/LWIR/depth, Phase24 board-affine geometry, Phase25 depth projection support, and raw-only scene reliability scoring. MM5 aligned images are evaluation-only.",1.0,0.9317578125,0.9317578125,0.8466456532478333,0.882485032081604,1.0,0.9957985362412535,1.029651954572732,0.9171454906463623,4.538839340209961,0.9317578125,1.1035162641381282,1.4240253968868377,-0.3476439118385315,1.2412655353546143,0.9317578125,-0.2832558212454646,0.47890455870129717,p29_edge_contamination_guard,board_all_median_floor,affine,affine_lmeds,1496,5.984659671783447,7.825484275817871,"[[0.964242690293037, 0.13137386244365368, -26.99199754875218], [-0.06631033534806513, 0.9894192701549352, 24.920322865264623]]",3.5,2.0,9,False,False,4.0,3,0.08,calibration/def_stereocalib_THERM.yml,calibration/def_thermalcam_ori.yml,640x480,broad_generalization_raw_only_selection,broad,edge_contamination_guard,False,v6,v9,support-v9,strict-selected,research,full,strict,all,19.068900590075476,8.834692478179932,2.4382152557373047,15.231169700622559,12.662924766540527,13.580175399780273,7.885026574134827,2.413233995437622,13.356819152832031,12.585736274719238,13.705978393554688,11.000049710273743,16.712499856948853,552,5240,3020,3.627790868282318,29.583561897277832,598,7946,3054,10529,0.034274088541666664,0.5075505746034761,1.0,1.0,0.18891092129347162,134.21473531232581,1646,2604,3081,0.9059411834742231,0.3811720021703744,3054,0.0,0.16979770158609586,0.0,3.12,0.0,0.9230769230769231,double_edge_mismatch,False,,False,depth/reflection/edge guard candidates are diagnostic-only by default,19.068900590075476,diagnostic_guard_block,0.0,0.0,0.0,0.3221299618974278,1.0,0.9251383885423073,-0.0640115737915039,-0.18959999084472656,-0.2229294776916504,v6,strict,v6 adds strict raw/depth support-gated selection for v9; aligned metrics remain evaluation-only.,291_seq577,,,,,,
291_seq577,291,577,p29_v9_support_gated,True,phase21_fixed_rgb_canvas,phase23_crop_plus_board_residual_transform,,"[296, 103]","[280, 115]","Phase29 candidate generated from calibration files, raw RGB/LWIR/depth, Phase24 board-affine geometry, Phase25 depth projection support, and raw-only scene reliability scoring. MM5 aligned images are evaluation-only.",1.0,0.9317578125,0.9317578125,0.8466456532478333,0.882485032081604,1.0,0.9957985362412535,1.029651954572732,0.8475085496902466,1.2593350410461426,0.9317578125,1.0237802816819117,1.2255182815862802,-0.2670879364013672,1.451556921005249,0.9317578125,-0.20838630022206914,0.44940651803553033,p29_v9_support_gated,board_all_median_floor,affine,affine_lmeds,1496,5.984659671783447,7.825484275817871,"[[0.964242690293037, 0.13137386244365368, -26.99199754875218], [-0.06631033534806513, 0.9894192701549352, 24.920322865264623]]",3.5,2.0,5,True,False,7.0,3,0.075,calibration/def_stereocalib_THERM.yml,calibration/def_thermalcam_ori.yml,640x480,broad_generalization_raw_only_selection,broad,v9_support_gated,False,v6,v9,support-v9,strict-selected,research,full,strict,all,19.597731559113267,9.21699833869934,2.3384652137756348,16.095531463623047,11.00736141204834,11.894588470458984,7.956354379653931,2.2554869651794434,13.657221794128418,10.951683044433594,11.741944313049316,10.540100693702698,17.34341597557068,544,5240,3020,4.09649795293808,24.398476600646973,582,7946,3054,10529,0.034274088541666664,0.5075505746034761,1.0,1.0,0.18830079316656498,134.2372578470113,1634,2604,3247,0.9024215674579507,0.3965383621803152,3054,0.0,0.16979770158609586,0.22,2.9328921318054197,0.0,0.9230769230769231,double_edge_mismatch,False,,False,v9 support-gated mode is reserved for reflection/background scenes,10.889660000000001,v9_reflection_block,0.0,0.0,0.0,-0.20670100714036366,0.9732441471571907,0.9251383885423073,-0.1353393793106079,-0.8205161094665527,0.1593763828277588,v6,strict,v6 adds strict raw/depth support-gated selection for v9; aligned metrics remain evaluation-only.,291_seq577,True,v9_support_gated,16566,115,,0.9317578125
291_seq577,291,577,p29_v9_support_gated_tight,True,phase21_fixed_rgb_canvas,phase23_crop_plus_board_residual_transform,,"[296, 103]","[280, 115]","Phase29 candidate generated from calibration files, raw RGB/LWIR/depth, Phase24 board-affine geometry, Phase25 depth projection support, and raw-only scene reliability scoring. MM5 aligned images are evaluation-only.",1.0,0.9317578125,0.9317578125,0.8466456532478333,0.882485032081604,1.0,0.9957985362412535,1.029651954572732,0.8658175468444824,1.2601653337478638,0.9317578125,1.0411525760997107,1.2193068083847705,-0.29024049639701843,1.4289883375167847,0.9317578125,-0.23155693330292232,0.44838328746131206,p29_v9_support_gated_tight,board_all_median_floor,affine,affine_lmeds,1496,5.984659671783447,7.825484275817871,"[[0.964242690293037, 0.13137386244365368, -26.99199754875218], [-0.06631033534806513, 0.9894192701549352, 24.920322865264623]]",3.5,2.0,5,True,False,8.0,4,0.055,calibration/def_stereocalib_THERM.yml,calibration/def_thermalcam_ori.yml,640x480,broad_generalization_raw_only_selection,broad,v9_support_gated_tight,False,v6,v9,support-v9,strict-selected,research,full,strict,all,20.50400376560067,10.045927286148071,2.4820618629455566,17.609792709350586,10.589863777160645,13.792707443237305,9.237443804740906,2.465780019760132,16.00910758972168,10.484688758850098,13.86760425567627,11.431901097297668,22.165108919143677,480,4869,3008,4.849760711193085,24.62213134765625,523,7540,3054,9693,0.031552734375,0.5069637883008357,1.0,1.0,0.1898261134838316,133.96735271653085,1639,3440,3231,0.9118981598185026,0.39746245468669084,3054,0.0,0.17214484679665754,0.22,2.866175479888916,0.0,0.9230769230769231,double_edge_mismatch,False,,False,v9 support candidate mode is diagnostic-only unless a dedicated raw/depth gate allows it,10.745709999999999,v9_mode_block,0.0,0.0,0.0,-1.1129732136277681,0.8745819397993311,0.8516826289429751,-1.416428804397583,-5.642209053039551,0.9883053302764893,v6,strict,v6 adds strict raw/depth support-gated selection for v9; aligned metrics remain evaluation-only.,291_seq577,True,v9_support_gated_tight,13971,112,,0.9317578125
291_seq577,291,577,p29_v9_target_only,True,phase21_fixed_rgb_canvas,phase23_crop_plus_board_residual_transform,,"[296, 103]","[280, 115]","Phase29 candidate generated from calibration files, raw RGB/LWIR/depth, Phase24 board-affine geometry, Phase25 depth projection support, and raw-only scene reliability scoring. MM5 aligned images are evaluation-only.",1.0,0.9317578125,0.9317578125,0.8466456532478333,0.882485032081604,1.0,0.9957985362412535,1.029651954572732,0.9024084806442261,1.3262521028518677,0.9317578125,1.0854632487743419,1.2734152049815133,-0.3409244418144226,1.3692134618759155,0.9317578125,-0.2823532560896608,0.44524310997344896,p29_v9_target_only,board_all_median_floor,affine,affine_lmeds,1496,5.984659671783447,7.825484275817871,"[[0.964242690293037, 0.13137386244365368, -26.99199754875218], [-0.06631033534806513, 0.9894192701549352, 24.920322865264623]]",3.5,2.0,5,True,False,8.0,4,0.045,calibration/def_stereocalib_THERM.yml,calibration/def_thermalcam_ori.yml,640x480,broad_generalization_raw_only_selection,broad,v9_target_only,False,v6,v9,support-v9,strict-selected,research,full,strict,all,21.177252409970592,10.444687366485596,2.5866212844848633,18.302753448486328,12.28322982788086,14.177347183227539,9.629241466522217,2.617283821105957,16.641199111938477,12.369839668273926,14.26326847076416,11.765450596809387,22.03520655632019,430,4869,3008,4.8242475390434265,27.91722583770752,471,7540,3054,9693,0.031552734375,0.5069637883008357,1.0,1.0,0.188071995118975,134.29803477377467,1633,3440,3218,0.9243803743045018,0.39772138788192646,3054,0.0,0.17214484679665754,0.22,3.12,0.0,0.9230769230769231,double_edge_mismatch,False,,False,v9 target-only mode is reserved for general weak-target scenes,10.56398,v9_target_only_block,0.0,0.0,0.0,-1.7862218579976883,0.7876254180602007,0.8516826289429751,-1.808226466178894,-5.5123066902160645,1.3870654106140137,v6,strict,v6 adds strict raw/depth support-gated selection for v9; aligned metrics remain evaluation-only.,291_seq577,True,v9_target_only,6198,92,,0.9317578125
291_seq577,291,577,p29_v9_depth_thermal,True,phase21_fixed_rgb_canvas,phase23_crop_plus_board_residual_transform,,"[296, 103]","[280, 115]","Phase29 candidate generated from calibration files, raw RGB/LWIR/depth, Phase24 board-affine geometry, Phase25 depth projection support, and raw-only scene reliability scoring. MM5 aligned images are evaluation-only.",1.0,0.9317578125,0.9317578125,0.8466456532478333,0.882485032081604,1.0,0.9957985362412535,1.029651954572732,0.8567978739738464,1.2604910135269165,0.9317578125,1.0338933545955347,1.231056178018998,-0.277925968170166,1.4412811994552612,0.9317578125,-0.21944354094323223,0.44753409615776885,p29_v9_depth_thermal,board_all_median_floor,affine,affine_lmeds,1496,5.984659671783447,7.825484275817871,"[[0.964242690293037, 0.13137386244365368, -26.99199754875218], [-0.06631033534806513, 0.9894192701549352, 24.920322865264623]]",3.5,2.0,5,True,False,7.0,3,0.065,calibration/def_stereocalib_THERM.yml,calibration/def_thermalcam_ori.yml,640x480,broad_generalization_raw_only_selection,broad,v9_depth_thermal,False,v6,v9,support-v9,strict-selected,research,full,strict,all,19.673394325238903,9.273141622543335,2.357541561126709,16.18874168395996,11.087787628173828,11.909797668457031,8.056360721588135,2.284022331237793,13.828699111938477,11.043219566345215,11.888066291809082,10.540100693702698,17.656954050064087,534,5240,3020,4.131019413471222,24.695858001708984,571,7946,3054,10529,0.034274088541666664,0.5075505746034761,1.0,1.0,0.1892922513727883,134.1465062623037,1644,2604,3244,0.9051373954599761,0.3957633686385947,3054,0.0,0.16979770158609586,0.22,2.9485855865478516,0.0,0.9230769230769231,double_edge_mismatch,False,,False,v9 depth-thermal gate raw score is not high enough,10.85828,v9_depth_thermal_block,0.0,0.0,0.0,-0.28236377326599893,0.9548494983277592,0.9251383885423073,-0.235345721244812,-1.134054183959961,0.21551966667175293,v6,strict,v6 adds strict raw/depth support-gated selection for v9; aligned metrics remain evaluation-only.,291_seq577,True,v9_depth_thermal,15628,114,,0.9317578125
291_seq577,291,577,p29_v9_target_silhouette,True,phase21_fixed_rgb_canvas,phase23_crop_plus_board_residual_transform,,"[296, 103]","[280, 115]","Phase29 candidate generated from calibration files, raw RGB/LWIR/depth, Phase24 board-affine geometry, Phase25 depth projection support, and raw-only scene reliability scoring. MM5 aligned images are evaluation-only.",1.0,0.9317578125,0.9317578125,0.8466456532478333,0.882485032081604,1.0,0.9957985362412535,1.029651954572732,0.7080629467964172,3.353891611099243,0.9317578125,0.8677286848138527,1.1985939178935396,-0.411159873008728,1.4475857019424438,0.9317578125,-0.35211282090753604,0.45155044208564443,p29_v9_target_silhouette,board_all_median_floor,affine,affine_lmeds,1496,5.984659671783447,7.825484275817871,"[[0.964242690293037, 0.13137386244365368, -26.99199754875218], [-0.06631033534806513, 0.9894192701549352, 24.920322865264623]]",3.5,2.0,5,True,False,7.0,3,0.045,calibration/def_stereocalib_THERM.yml,calibration/def_thermalcam_ori.yml,640x480,broad_generalization_raw_only_selection,broad,v9_target_silhouette,False,v6,v9,support-v9,strict-selected,research,full,strict,all,19.661714549613574,9.231467723846436,1.9371881484985352,16.525747299194336,14.014822959899902,13.668166160583496,8.344934940338135,1.9632148742675781,14.726655006408691,13.928048133850098,13.433327674865723,10.06260073184967,19.721452474594116,600,5240,3020,4.31689590215683,27.380754470825195,609,7946,3054,10529,0.034274088541666664,0.5075505746034761,1.0,1.0,0.24138194020744355,128.71517086535187,1711,2604,3063,0.8844364937388193,0.4097132523895634,3054,0.0,0.16979770158609586,0.22,3.12,0.0,0.9230769230769231,double_edge_mismatch,False,,False,v9 silhouette mode is reserved for general target-contamination scenes,10.83998,v9_silhouette_block,0.0,0.0,0.0,-0.2706839976406705,1.0183946488294315,0.9251383885423073,-0.523919939994812,-3.1985526084899902,0.17384576797485352,v6,strict,v6 adds strict raw/depth support-gated selection for v9; aligned metrics remain evaluation-only.,291_seq577,True,v9_target_silhouette,6198,92,138.0,0.9317578125
291_seq577,291,577,p29_raw_shift_dx2p5_dy1p0_fill,True,phase21_fixed_rgb_canvas,phase23_crop_plus_board_residual_transform,,"[296, 103]","[280, 115]","Phase29 candidate generated from calibration files, raw RGB/LWIR/depth, Phase24 board-affine geometry, Phase25 depth projection support, and raw-only scene reliability scoring. MM5 aligned images are evaluation-only.",1.0,0.9331673177083334,0.9331673177083334,0.8466456532478333,0.882485032081604,1.0,0.9957985362412535,1.029651954572732,0.9097790718078613,2.7677905559539795,0.9331673177083334,1.102231706889256,1.3937291894474582,-0.34459322690963745,1.348987340927124,0.9331673177083334,-0.28007200553973227,0.48410096943645287,p29_raw_shift_dx2p5_dy1p0_fill,board_all_median_floor,affine,affine_lmeds,1496,5.984659671783447,7.825484275817871,"[[0.964242690293037, 0.13137386244365368, -26.99199754875218], [-0.06631033534806513, 0.9894192701549352, 24.920322865264623]]",2.5,1.0,9,True,False,3.0,2,0.1,calibration/def_stereocalib_THERM.yml,calibration/def_thermalcam_ori.yml,640x480,broad_generalization_raw_only_selection,broad,raw_shift_local,False,v6,v9,support-v9,strict-selected,research,full,strict,all,19.50377361612053,9.172445178031921,2.593254804611206,15.751635551452637,12.720191955566406,13.913012504577637,8.06459093093872,2.597047805786133,13.532134056091309,12.577573776245117,13.917377471923828,11.351150631904602,16.904189109802246,549,5620,3031,3.833901524543762,28.669641494750977,594,8371,3054,11381,0.03704752604166667,0.5080397153149987,1.0,1.0,0.18685173886516168,134.7114643178732,1639,1752,3095,0.9096064421004877,0.37554112554112556,3054,0.0,0.1678411387400054,0.22,3.12,0.0,0.9230769230769231,double_edge_mismatch,False,,False,raw improvement -0.1127 is below 0.6000,19.60377361612053,generic_block,-1.0,-1.0,2.0,-0.11274306414762592,0.9933110367892977,1.0,-0.24357593059539795,-0.3812892436981201,0.11482322216033936,v6,strict,v6 adds strict raw/depth support-gated selection for v9; aligned metrics remain evaluation-only.,291_seq577,,,,,,
291_seq577,291,577,p29_raw_shift_dx3p5_dy1p0_fill,True,phase21_fixed_rgb_canvas,phase23_crop_plus_board_residual_transform,,"[296, 103]","[280, 115]","Phase29 candidate generated from calibration files, raw RGB/LWIR/depth, Phase24 board-affine geometry, Phase25 depth projection support, and raw-only scene reliability scoring. MM5 aligned images are evaluation-only.",1.0,0.9327799479166666,0.9327799479166666,0.8466456532478333,0.882485032081604,1.0,0.9957985362412535,1.029651954572732,0.9143325686454773,2.587575912475586,0.9327799479166666,1.1094678500691162,1.4044049126566174,-0.3442780375480652,1.299606442451477,0.9327799479166666,-0.2796328976242039,0.4829518571904676,p29_raw_shift_dx3p5_dy1p0_fill,board_all_median_floor,affine,affine_lmeds,1496,5.984659671783447,7.825484275817871,"[[0.964242690293037, 0.13137386244365368, -26.99199754875218], [-0.06631033534806513, 0.9894192701549352, 24.920322865264623]]",3.5,1.0,9,True,False,3.0,2,0.1,calibration/def_stereocalib_THERM.yml,calibration/def_thermalcam_ori.yml,640x480,broad_generalization_raw_only_selection,broad,raw_shift_local,False,v6,v9,support-v9,strict-selected,research,full,strict,all,19.371932890391584,9.05320417881012,2.571878671646118,15.534529685974121,12.521462440490723,13.504220962524414,7.8113096952438354,2.5174567699432373,13.105162620544434,12.466689109802246,13.378156661987305,10.982500195503235,16.558003187179565,566,5620,3031,3.8813952803611755,28.279576301574707,591,8371,3054,11381,0.03704752604166667,0.5080397153149987,1.0,1.0,0.18845332519829164,135.08007457989495,1645,1752,3069,0.9106696935300794,0.37635281385281383,3054,0.0,0.1678411387400054,0.22,3.12,0.0,0.9230769230769231,double_edge_mismatch,False,,False,raw improvement 0.0191 is below 0.6000,19.421932890391584,generic_block,0.0,-1.0,1.0,0.01909766158131987,0.9882943143812709,1.0,0.009705305099487305,-0.03510332107543945,-0.004417777061462402,v6,strict,v6 adds strict raw/depth support-gated selection for v9; aligned metrics remain evaluation-only.,291_seq577,,,,,,
291_seq577,291,577,p29_raw_shift_dx4p5_dy1p0_fill,True,phase21_fixed_rgb_canvas,phase23_crop_plus_board_residual_transform,,"[296, 103]","[280, 115]","Phase29 candidate generated from calibration files, raw RGB/LWIR/depth, Phase24 board-affine geometry, Phase25 depth projection support, and raw-only scene reliability scoring. MM5 aligned images are evaluation-only.",1.0,0.9323665364583333,0.9323665364583333,0.8466456532478333,0.882485032081604,1.0,0.9957985362412535,1.029651954572732,0.9138914346694946,2.654099464416504,0.9323665364583333,1.10830382108581,1.4022465546854295,-0.3435090184211731,1.286533236503601,0.9323665364583333,-0.27895410251162656,0.4818274355237876,p29_raw_shift_dx4p5_dy1p0_fill,board_all_median_floor,affine,affine_lmeds,1496,5.984659671783447,7.825484275817871,"[[0.964242690293037, 0.13137386244365368, -26.99199754875218], [-0.06631033534806513, 0.9894192701549352, 24.920322865264623]]",4.5,1.0,9,True,False,3.0,2,0.1,calibration/def_stereocalib_THERM.yml,calibration/def_thermalcam_ori.yml,640x480,broad_generalization_raw_only_selection,broad,raw_shift_local,False,v6,v9,support-v9,strict-selected,research,full,strict,all,19.23262245685635,8.93986451625824,2.4723947048187256,15.407334327697754,11.93057632446289,13.04712200164795,7.671606183052063,2.488954782485962,12.854257583618164,11.888619422912598,12.8798189163208,10.810450673103333,16.701953172683716,598,5620,3031,3.9437466263771057,28.29817295074463,601,8371,3054,11381,0.03704752604166667,0.5080397153149987,1.0,1.0,0.21331604636973764,132.796173718591,1739,1752,3067,0.9050532517561749,0.3739177489177489,3054,0.0,0.1678411387400054,0.22,3.10750373840332,0.0,0.9230769230769231,double_edge_mismatch,False,,False,raw improvement 0.1584 is below 0.6000,19.332622456856352,generic_block,1.0,-1.0,2.0,0.15840809511655252,1.0050167224080269,1.0,0.14940881729125977,-0.17905330657958984,-0.11775743961334229,v6,strict,v6 adds strict raw/depth support-gated selection for v9; aligned metrics remain evaluation-only.,291_seq577,,,,,,
291_seq577,291,577,p29_raw_shift_dx2p5_dy2p0_fill,True,phase21_fixed_rgb_canvas,phase23_crop_plus_board_residual_transform,,"[296, 103]","[280, 115]","Phase29 candidate generated from calibration files, raw RGB/LWIR/depth, Phase24 board-affine geometry, Phase25 depth projection support, and raw-only scene reliability scoring. MM5 aligned images are evaluation-only.",1.0,0.9321451822916667,0.9321451822916667,0.8466456532478333,0.882485032081604,1.0,0.9957985362412535,1.029651954572732,0.9129827618598938,2.829347848892212,0.9321451822916667,1.1079534367074049,1.4129784129390952,-0.3513495624065399,1.3130701780319214,0.9321451822916667,-0.28662849430875575,0.4839965944398379,p29_raw_shift_dx2p5_dy2p0_fill,board_all_median_floor,affine,affine_lmeds,1496,5.984659671783447,7.825484275817871,"[[0.964242690293037, 0.13137386244365368, -26.99199754875218], [-0.06631033534806513, 0.9894192701549352, 24.920322865264623]]",2.5,2.0,9,True,False,3.0,2,0.1,calibration/def_stereocalib_THERM.yml,calibration/def_thermalcam_ori.yml,640x480,broad_generalization_raw_only_selection,broad,raw_shift_local,False,v6,v9,support-v9,strict-selected,research,full,strict,all,19.50475615295957,9.155364632606506,2.4516565799713135,15.8590726852417,13.092591285705566,13.998003005981445,8.158045768737793,2.446016311645508,13.870075225830078,12.953492164611816,14.198132514953613,11.431901097297668,16.73004937171936,546,5620,3031,3.6798312067985535,29.188925743103027,593,8371,3054,11381,0.03704752604166667,0.5080397153149987,1.0,1.0,0.18654667480170836,134.20329357493392,1626,1752,3121,0.9108944564108378,0.375,3054,0.0,0.1678411387400054,0.22,3.12,0.0,0.9230769230769231,double_edge_mismatch,False,,False,raw improvement -0.1137 is below 0.6000,19.55475615295957,generic_block,-1.0,0.0,1.0,-0.1137256009866654,0.9916387959866221,1.0,-0.3370307683944702,-0.20714950561523438,0.09774267673492432,v6,strict,v6 adds strict raw/depth support-gated selection for v9; aligned metrics remain evaluation-only.,291_seq577,,,,,,
291_seq577,291,577,p29_raw_shift_dx4p5_dy2p0_fill,True,phase21_fixed_rgb_canvas,phase23_crop_plus_board_residual_transform,,"[296, 103]","[280, 115]","Phase29 candidate generated from calibration files, raw RGB/LWIR/depth, Phase24 board-affine geometry, Phase25 depth projection support, and raw-only scene reliability scoring. MM5 aligned images are evaluation-only.",1.0,0.9313444010416667,0.9313444010416667,0.8466456532478333,0.882485032081604,1.0,0.9957985362412535,1.029651954572732,0.9195693135261536,2.67449688911438,0.9313444010416667,1.1170196178611536,1.4233152377979075,-0.35107555985450745,1.322811484336853,0.9313444010416667,-0.28690216874555996,0.4807350667664575,p29_raw_shift_dx4p5_dy2p0_fill,board_all_median_floor,affine,affine_lmeds,1496,5.984659671783447,7.825484275817871,"[[0.964242690293037, 0.13137386244365368, -26.99199754875218], [-0.06631033534806513, 0.9894192701549352, 24.920322865264623]]",4.5,2.0,9,True,False,3.0,2,0.1,calibration/def_stereocalib_THERM.yml,calibration/def_thermalcam_ori.yml,640x480,broad_generalization_raw_only_selection,broad,raw_shift_local,False,v6,v9,support-v9,strict-selected,research,full,strict,all,19.257316510625568,8.937288165092468,2.3323276042938232,15.542248725891113,12.125826835632324,13.145718574523926,7.682757377624512,2.349130630493164,13.01638412475586,12.067065238952637,12.971916198730469,10.7121502161026,16.558003664016724,597,5620,3031,3.8940317034721375,28.510247230529785,601,8371,3054,11381,0.03704752604166667,0.5080397153149987,1.0,1.0,0.19058877364246493,134.43702725507916,1658,1752,3085,0.9061048816400499,0.37743506493506496,3054,0.0,0.1678411387400054,0.22,3.12,0.0,0.9230769230769231,double_edge_mismatch,False,,False,raw improvement 0.1337 is below 0.6000,19.30731651062557,generic_block,1.0,0.0,1.0,0.13371404134733567,1.0050167224080269,1.0,0.13825762271881104,-0.035103797912597656,-0.12033379077911377,v6,strict,v6 adds strict raw/depth support-gated selection for v9; aligned metrics remain evaluation-only.,291_seq577,,,,,,
291_seq577,291,577,p29_raw_shift_dx2p5_dy3p0_fill,True,phase21_fixed_rgb_canvas,phase23_crop_plus_board_residual_transform,,"[296, 103]","[280, 115]","Phase29 candidate generated from calibration files, raw RGB/LWIR/depth, Phase24 board-affine geometry, Phase25 depth projection support, and raw-only scene reliability scoring. MM5 aligned images are evaluation-only.",1.0,0.9310774739583333,0.9310774739583333,0.8466456532478333,0.882485032081604,1.0,0.9957985362412535,1.029651954572732,0.9120500087738037,3.0527119636535645,0.9310774739583333,1.107090056711385,1.4223754647966849,-0.35612285137176514,1.4117223024368286,0.9310774739583333,-0.29217896184656356,0.4827614889321505,p29_raw_shift_dx2p5_dy3p0_fill,board_all_median_floor,affine,affine_lmeds,1496,5.984659671783447,7.825484275817871,"[[0.964242690293037, 0.13137386244365368, -26.99199754875218], [-0.06631033534806513, 0.9894192701549352, 24.920322865264623]]",2.5,3.0,9,True,False,3.0,2,0.1,calibration/def_stereocalib_THERM.yml,calibration/def_thermalcam_ori.yml,640x480,broad_generalization_raw_only_selection,broad,raw_shift_local,False,v6,v9,support-v9,strict-selected,research,full,strict,all,19.467199926552308,9.137776255607605,2.324406385421753,15.951146125793457,13.610552787780762,14.118792533874512,8.134885549545288,2.3071484565734863,13.96262264251709,13.485556602478027,14.29221248626709,11.621500134468079,16.569237232208252,549,5620,3031,3.64520001411438,29.58041000366211,597,8371,3054,11381,0.03704752604166667,0.5080397153149987,1.0,1.0,0.22841671751067724,127.98386680466889,1762,1752,3083,0.9092764799274212,0.3768939393939394,3054,0.0,0.1678411387400054,0.22,3.12,0.0,0.9230769230769231,double_edge_mismatch,False,,False,raw improvement -0.0762 is below 0.6000,19.56719992655231,generic_block,-1.0,1.0,2.0,-0.07616937457940409,0.9983277591973244,1.0,-0.31387054920196533,-0.04633736610412598,0.08015429973602295,v6,strict,v6 adds strict raw/depth support-gated selection for v9; aligned metrics remain evaluation-only.,291_seq577,,,,,,
291_seq577,291,577,p29_raw_shift_dx3p5_dy3p0_fill,True,phase21_fixed_rgb_canvas,phase23_crop_plus_board_residual_transform,,"[296, 103]","[280, 115]","Phase29 candidate generated from calibration files, raw RGB/LWIR/depth, Phase24 board-affine geometry, Phase25 depth projection support, and raw-only scene reliability scoring. MM5 aligned images are evaluation-only.",1.0,0.9306901041666666,0.9306901041666666,0.8466456532478333,0.882485032081604,1.0,0.9957985362412535,1.029651954572732,0.9193057417869568,2.804553270339966,0.9306901041666666,1.118214678875079,1.4382417114010806,-0.3558266758918762,1.4326175451278687,0.9306901041666666,-0.2922742049530826,0.48098784139707224,p29_raw_shift_dx3p5_dy3p0_fill,board_all_median_floor,affine,affine_lmeds,1496,5.984659671783447,7.825484275817871,"[[0.964242690293037, 0.13137386244365368, -26.99199754875218], [-0.06631033534806513, 0.9894192701549352, 24.920322865264623]]",3.5,3.0,9,True,False,3.0,2,0.1,calibration/def_stereocalib_THERM.yml,calibration/def_thermalcam_ori.yml,640x480,broad_generalization_raw_only_selection,broad,raw_shift_local,False,v6,v9,support-v9,strict-selected,research,full,strict,all,19.398669293824437,9.070066332817078,2.3181264400482178,15.822006225585938,13.103143692016602,13.729632377624512,7.862092852592468,2.2861087322235107,13.438076972961426,13.016717910766602,13.604887962341309,11.189650177955627,16.540449380874634,556,5620,3031,3.843085825443268,28.872929573059082,588,8371,3054,11381,0.03704752604166667,0.5080397153149987,1.0,1.0,0.1863941427699817,133.67613468828944,1611,1752,3086,0.9093590470788429,0.37932900432900435,3054,0.0,0.1678411387400054,0.22,3.12,0.0,0.9230769230769231,double_edge_mismatch,False,,False,raw improvement -0.0076 is below 0.6000,19.448669293824437,generic_block,0.0,1.0,1.0,-0.007638741851533126,0.9832775919732442,1.0,-0.04107785224914551,-0.017549514770507812,0.012444376945495605,v6,strict,v6 adds strict raw/depth support-gated selection for v9; aligned metrics remain evaluation-only.,291_seq577,,,,,,
291_seq577,291,577,p29_raw_shift_dx4p5_dy3p0_fill,True,phase21_fixed_rgb_canvas,phase23_crop_plus_board_residual_transform,,"[296, 103]","[280, 115]","Phase29 candidate generated from calibration files, raw RGB/LWIR/depth, Phase24 board-affine geometry, Phase25 depth projection support, and raw-only scene reliability scoring. MM5 aligned images are evaluation-only.",1.0,0.9302766927083334,0.9302766927083334,0.8466456532478333,0.882485032081604,1.0,0.9957985362412535,1.029651954572732,0.9212939739227295,3.0098140239715576,0.9302766927083334,1.1188141230474264,1.437193555123509,-0.35600796341896057,1.4627195596694946,0.9302766927083334,-0.29291054715844356,0.47915822412356013,p29_raw_shift_dx4p5_dy3p0_fill,board_all_median_floor,affine,affine_lmeds,1496,5.984659671783447,7.825484275817871,"[[0.964242690293037, 0.13137386244365368, -26.99199754875218], [-0.06631033534806513, 0.9894192701549352, 24.920322865264623]]",4.5,3.0,9,True,False,3.0,2,0.1,calibration/def_stereocalib_THERM.yml,calibration/def_thermalcam_ori.yml,640x480,broad_generalization_raw_only_selection,broad,raw_shift_local,False,v6,v9,support-v9,strict-selected,research,full,strict,all,19.271616957109902,8.9547039270401,2.253676652908325,15.655731201171875,12.689682960510254,13.295429229736328,7.706126093864441,2.269188642501831,13.14306354522705,12.615081787109375,13.115519523620605,10.6489497423172,16.378949880599976,587,5620,3031,3.843315303325653,28.689300537109375,592,8371,3054,11381,0.03704752604166667,0.5080397153149987,1.0,1.0,0.19051250762660157,133.7109821532398,1644,1752,3068,0.9076277910007934,0.38122294372294374,3054,0.0,0.1678411387400054,0.22,3.12,0.0,0.9230769230769231,double_edge_mismatch,False,,False,raw improvement 0.1194 is below 0.6000,19.371616957109904,generic_block,1.0,1.0,2.0,0.1194135948630013,0.9899665551839465,1.0,0.11488890647888184,0.1439499855041504,-0.10291802883148193,v6,strict,v6 adds strict raw/depth support-gated selection for v9; aligned metrics remain evaluation-only.,291_seq577,,,,,,
291_seq577,291,577,p29_raw_shift_dx3p0_dy2p0_fill,True,phase21_fixed_rgb_canvas,phase23_crop_plus_board_residual_transform,,"[296, 103]","[280, 115]","Phase29 candidate generated from calibration files, raw RGB/LWIR/depth, Phase24 board-affine geometry, Phase25 depth projection support, and raw-only scene reliability scoring. MM5 aligned images are evaluation-only.",1.0,0.9317578125,0.9317578125,0.8466456532478333,0.882485032081604,1.0,0.9957985362412535,1.029651954572732,0.9149616956710815,2.468971014022827,0.9317578125,1.1124455877370094,1.4153181210004324,-0.3424067497253418,1.2971959114074707,0.9317578125,-0.2785061444184781,0.47789187183539,p29_raw_shift_dx3p0_dy2p0_fill,board_all_median_floor,affine,affine_lmeds,1496,5.984659671783447,7.825484275817871,"[[0.964242690293037, 0.13137386244365368, -26.99199754875218], [-0.06631033534806513, 0.9894192701549352, 24.920322865264623]]",3.0,2.0,9,True,False,3.0,2,0.1,calibration/def_stereocalib_THERM.yml,calibration/def_thermalcam_ori.yml,640x480,broad_generalization_raw_only_selection,broad,raw_shift_local,False,v6,v9,support-v9,strict-selected,research,full,strict,all,19.520633723110233,9.185524106025696,2.4587690830230713,15.91227912902832,12.609824180603027,13.882861137390137,7.935179233551025,2.3946123123168945,13.475746154785156,12.539421081542969,13.793844223022461,11.351149678230286,16.603649377822876,539,5620,3031,3.9012572169303894,28.076977729797363,582,8371,3054,11381,0.03704752604166667,0.5080397153149987,1.0,1.0,0.1863941427699817,134.5110806589141,1633,1752,3090,0.9117213207761262,0.37743506493506496,3054,0.0,0.1678411387400054,0.22,3.12,0.0,0.9230769230769231,double_edge_mismatch,False,,False,raw improvement -0.1296 is below 0.6000,19.54563372311023,generic_block,-0.5,0.0,0.5,-0.12960317113732955,0.9732441471571907,1.0,-0.11416423320770264,-0.08074951171875,0.12790215015411377,v6,strict,v6 adds strict raw/depth support-gated selection for v9; aligned metrics remain evaluation-only.,291_seq577,,,,,,
291_seq577,291,577,p29_raw_shift_dx4p0_dy2p0_fill,True,phase21_fixed_rgb_canvas,phase23_crop_plus_board_residual_transform,,"[296, 103]","[280, 115]","Phase29 candidate generated from calibration files, raw RGB/LWIR/depth, Phase24 board-affine geometry, Phase25 depth projection support, and raw-only scene reliability scoring. MM5 aligned images are evaluation-only.",1.0,0.9313444010416667,0.9313444010416667,0.8466456532478333,0.882485032081604,1.0,0.9957985362412535,1.029651954572732,0.9176773428916931,2.3454270362854004,0.9313444010416667,1.116901807594905,1.4219801794728295,-0.3443678319454193,1.3468111753463745,0.9313444010416667,-0.28096043807305904,0.47658840616292353,p29_raw_shift_dx4p0_dy2p0_fill,board_all_median_floor,affine,affine_lmeds,1496,5.984659671783447,7.825484275817871,"[[0.964242690293037, 0.13137386244365368, -26.99199754875218], [-0.06631033534806513, 0.9894192701549352, 24.920322865264623]]",4.0,2.0,9,True,False,3.0,2,0.1,calibration/def_stereocalib_THERM.yml,calibration/def_thermalcam_ori.yml,640x480,broad_generalization_raw_only_selection,broad,raw_shift_local,False,v6,v9,support-v9,strict-selected,research,full,strict,all,19.39939394597928,9.06782865524292,2.3746633529663086,15.760993957519531,12.315535545349121,13.462265014648438,7.772570967674255,2.3863227367401123,13.158819198608398,12.286771774291992,13.284536361694336,11.017600178718567,16.558003664016724,585,5620,3031,3.9347586035728455,27.927404403686523,587,8371,3054,11381,0.03704752604166667,0.5080397153149987,1.0,1.0,0.18974984746796827,134.66548626811056,1654,1752,3088,0.9105137801973461,0.37716450216450215,3054,0.0,0.1678411387400054,0.22,3.12,0.0,0.9230769230769231,double_edge_mismatch,False,,False,raw improvement -0.0084 is below 0.6000,19.42439394597928,generic_block,0.5,0.0,0.5,-0.008363394006376978,0.9816053511705686,1.0,0.04844403266906738,-0.035103797912597656,0.01020669937133789,v6,strict,v6 adds strict raw/depth support-gated selection for v9; aligned metrics remain evaluation-only.,291_seq577,,,,,,
291_seq577,291,577,p29_raw_shift_dx3p5_dy1p5_fill,True,phase21_fixed_rgb_canvas,phase23_crop_plus_board_residual_transform,,"[296, 103]","[280, 115]","Phase29 candidate generated from calibration files, raw RGB/LWIR/depth, Phase24 board-affine geometry, Phase25 depth projection support, and raw-only scene reliability scoring. MM5 aligned images are evaluation-only.",1.0,0.9327799479166666,0.9327799479166666,0.8466456532478333,0.882485032081604,1.0,0.9957985362412535,1.029651954572732,0.91786789894104,2.541490316390991,0.9327799479166666,1.1152366195250885,1.417451083215962,-0.34745511412620544,1.3397388458251953,0.9327799479166666,-0.2823887303859564,0.4873654454346681,p29_raw_shift_dx3p5_dy1p5_fill,board_all_median_floor,affine,affine_lmeds,1496,5.984659671783447,7.825484275817871,"[[0.964242690293037, 0.13137386244365368, -26.99199754875218], [-0.06631033534806513, 0.9894192701549352, 24.920322865264623]]",3.5,1.5,9,True,False,3.0,2,0.1,calibration/def_stereocalib_THERM.yml,calibration/def_thermalcam_ori.yml,640x480,broad_generalization_raw_only_selection,broad,raw_shift_local,False,v6,v9,support-v9,strict-selected,research,full,strict,all,20.502725608398624,10.162655711174011,2.3448197841644287,17.980491638183594,11.49024486541748,13.548870086669922,9.011680603027344,2.2754974365234375,15.74786376953125,11.383323669433594,13.414430618286133,11.667150139808655,20.594287633895874,540,5620,3031,4.799547016620636,25.405799865722656,565,8371,3054,11381,0.03704752604166667,0.5080397153149987,1.0,1.0,0.5035082367297132,75.93862859826888,4000,1752,3101,0.9107772846250142,0.3782467532467532,3054,0.0,0.1678411387400054,0.22,3.0282440757751465,0.0,0.9230769230769231,double_edge_mismatch,False,,False,raw improvement -1.1117 is below 0.6000,20.527725608398622,generic_block,0.0,-0.5,0.5,-1.1116950564257202,0.9448160535117057,1.0,-1.190665602684021,-4.071387767791748,1.1050337553024292,v6,strict,v6 adds strict raw/depth support-gated selection for v9; aligned metrics remain evaluation-only.,291_seq577,,,,,,
291_seq577,291,577,p29_raw_shift_dx3p5_dy2p5_fill,True,phase21_fixed_rgb_canvas,phase23_crop_plus_board_residual_transform,,"[296, 103]","[280, 115]","Phase29 candidate generated from calibration files, raw RGB/LWIR/depth, Phase24 board-affine geometry, Phase25 depth projection support, and raw-only scene reliability scoring. MM5 aligned images are evaluation-only.",1.0,0.9317578125,0.9317578125,0.8466456532478333,0.882485032081604,1.0,0.9957985362412535,1.029651954572732,0.9204782843589783,2.823294162750244,0.9317578125,1.1189096741096793,1.4358076981813512,-0.3497290313243866,1.3644466400146484,0.9317578125,-0.2849871594165727,0.48619034498601227,p29_raw_shift_dx3p5_dy2p5_fill,board_all_median_floor,affine,affine_lmeds,1496,5.984659671783447,7.825484275817871,"[[0.964242690293037, 0.13137386244365368, -26.99199754875218], [-0.06631033534806513, 0.9894192701549352, 24.920322865264623]]",3.5,2.5,9,True,False,3.0,2,0.1,calibration/def_stereocalib_THERM.yml,calibration/def_thermalcam_ori.yml,640x480,broad_generalization_raw_only_selection,broad,raw_shift_local,False,v6,v9,support-v9,strict-selected,research,full,strict,all,20.435450777706418,10.169758558273315,2.25105619430542,18.08846092224121,11.69454574584961,13.645227432250977,8.988104820251465,2.1920013427734375,15.784208297729492,11.542702674865723,13.510526657104492,11.49510109424591,20.125205755233765,533,5620,3031,4.712955176830292,25.475308418273926,562,8371,3054,11381,0.03704752604166667,0.5080397153149987,1.0,1.0,0.1883770591824283,134.00148261452875,1633,1752,3070,0.9104562521333485,0.3782467532467532,3054,0.0,0.1678411387400054,0.22,3.0650182342529297,0.0,0.9230769230769231,double_edge_mismatch,False,,False,raw improvement -1.0444 is below 0.6000,20.460450777706416,generic_block,0.0,0.5,0.5,-1.0444202257335142,0.939799331103679,1.0,-1.167089819908142,-3.6023058891296387,1.1121366024017334,v6,strict,v6 adds strict raw/depth support-gated selection for v9; aligned metrics remain evaluation-only.,291_seq577,,,,,,
296_seq582,296,582,p29_baseline,True,phase21_fixed_rgb_canvas,phase24_affine_lwir_subpixel_shift_depth_fill_then_morph_close,,"[296, 103]","[280, 115]","Phase29 candidate generated from calibration files, raw RGB/LWIR/depth, Phase24 board-affine geometry, Phase25 depth projection support, and raw-only scene reliability scoring. MM5 aligned images are evaluation-only.",1.0,0.9317578125,0.9317578125,0.8479761481285095,0.8200242519378662,1.0,1.0010165619312879,1.05307039542937,0.8984891176223755,3.1907272338867188,0.9317578125,1.0862802598626848,1.379570037624198,-0.345531702041626,1.4524041414260864,0.9317578125,-0.2820499374362189,0.48130792969309055,p29_baseline,board_all_median_floor,affine,affine_lmeds,1496,5.984659671783447,7.825484275817871,"[[0.964242690293037, 0.13137386244365368, -26.99199754875218], [-0.06631033534806513, 0.9894192701549352, 24.920322865264623]]",3.5,2.0,9,True,False,3.0,2,0.1,calibration/def_stereocalib_THERM.yml,calibration/def_thermalcam_ori.yml,640x480,broad_generalization_raw_only_selection,broad,baseline,False,v6,v9,support-v9,strict-selected,research,full,strict,all,14.846515389854726,7.361846566200256,2.3622448444366455,12.361448287963867,17.03241539001465,8.287322044372559,5.699226140975952,2.4328904151916504,8.965561866760254,16.09820556640625,8.287322044372559,8.01287055015564,12.450100183486938,265,1811,675,3.275145471096039,23.755605220794678,275,3067,675,2590,0.008430989583333333,1.0,1.0,1.0,0.632010081915564,59.5678034999801,988,584,1185,0.8689929599020508,0.5253164556962026,675,0.0,0.0,0.0,2.822985763549805,0.0,0.9230769230769231,weak_target_support,False,,False,,14.846515389854726,v6_baseline,0.0,0.0,0.0,0.0,1.0,1.0,0.0,0.0,0.0,v6,strict,v6 baseline row; aligned metrics are not used for selection.,296_seq582,,,,,,
296_seq582,296,582,p29_depth_conservative,True,phase21_fixed_rgb_canvas,phase23_crop_plus_board_residual_transform,,"[296, 103]","[280, 115]","Phase29 candidate generated from calibration files, raw RGB/LWIR/depth, Phase24 board-affine geometry, Phase25 depth projection support, and raw-only scene reliability scoring. MM5 aligned images are evaluation-only.",1.0,0.9317578125,0.9317578125,0.8479761481285095,0.8200242519378662,1.0,1.0010165619312879,1.05307039542937,0.8986414670944214,5.742691516876221,0.9317578125,1.0711904620565182,1.3800342937556955,-0.3386787176132202,1.323641061782837,0.9317578125,-0.27479864356727873,0.47881280277759014,p29_depth_conservative,board_all_median_floor,affine,affine_lmeds,1496,5.984659671783447,7.825484275817871,"[[0.964242690293037, 0.13137386244365368, -26.99199754875218], [-0.06631033534806513, 0.9894192701549352, 24.920322865264623]]",3.5,2.0,9,False,False,4.0,3,0.075,calibration/def_stereocalib_THERM.yml,calibration/def_thermalcam_ori.yml,640x480,broad_generalization_raw_only_selection,broad,depth_conservative,False,v6,v9,support-v9,strict-selected,research,full,strict,all,14.563990819287481,7.047541618347168,2.3353023529052734,11.759780883789062,17.108564376831055,8.298880577087402,5.586254835128784,2.443702220916748,8.72880744934082,15.189523696899414,8.298880577087402,7.801499962806702,11.972600221633911,257,1622,675,2.9544368386268616,23.0709547996521,277,2862,675,2310,0.00751953125,1.0,1.0,1.0,0.632010081915564,59.5678034999801,988,864,1198,0.8585891574134552,0.5283018867924528,675,0.0,0.0,0.0,2.8239104461669924,0.0,0.9230769230769231,weak_target_support,False,,False,depth/reflection/edge guard candidates are diagnostic-only by default,14.563990819287481,diagnostic_guard_block,0.0,0.0,0.0,0.28252457056724545,1.0072727272727273,0.8918918918918919,0.11297130584716797,0.47749996185302734,-0.3143049478530884,v6,strict,v6 adds strict raw/depth support-gated selection for v9; aligned metrics remain evaluation-only.,296_seq582,,,,,,
296_seq582,296,582,p29_reflection_guard,True,phase21_fixed_rgb_canvas,phase23_crop_plus_board_residual_transform,,"[296, 103]","[280, 115]","Phase29 candidate generated from calibration files, raw RGB/LWIR/depth, Phase24 board-affine geometry, Phase25 depth projection support, and raw-only scene reliability scoring. MM5 aligned images are evaluation-only.",1.0,0.9317578125,0.9317578125,0.8479761481285095,0.8200242519378662,1.0,1.0010165619312879,1.05307039542937,0.8986414670944214,5.742691516876221,0.9317578125,1.0711904620565182,1.3800342937556955,-0.3386787176132202,1.323641061782837,0.9317578125,-0.27479864356727873,0.47881280277759014,p29_reflection_guard,board_all_median_floor,affine,affine_lmeds,1496,5.984659671783447,7.825484275817871,"[[0.964242690293037, 0.13137386244365368, -26.99199754875218], [-0.06631033534806513, 0.9894192701549352, 24.920322865264623]]",3.5,2.0,9,False,False,4.5,3,0.055,calibration/def_stereocalib_THERM.yml,calibration/def_thermalcam_ori.yml,640x480,broad_generalization_raw_only_selection,broad,reflection_guard,False,v6,v9,support-v9,strict-selected,research,full,strict,all,14.602945221803205,7.047541618347168,2.3353023529052734,11.759780883789062,17.108564376831055,8.298880577087402,5.586254835128784,2.443702220916748,8.72880744934082,15.189523696899414,8.298880577087402,7.801499962806702,11.972600221633911,257,1622,675,2.9544368386268616,23.0709547996521,277,2862,675,2310,0.00751953125,1.0,1.0,1.0,0.632010081915564,59.5678034999801,988,864,1208,0.8585891574134552,0.5555555555555556,675,0.0,0.0,0.0,2.8239104461669924,0.0,0.9230769230769231,weak_target_support,False,,False,depth/reflection/edge guard candidates are diagnostic-only by default,14.602945221803205,diagnostic_guard_block,0.0,0.0,0.0,0.2435701680515212,1.0072727272727273,0.8918918918918919,0.11297130584716797,0.47749996185302734,-0.3143049478530884,v6,strict,v6 adds strict raw/depth support-gated selection for v9; aligned metrics remain evaluation-only.,296_seq582,,,,,,
296_seq582,296,582,p29_small_target_guard,True,phase21_fixed_rgb_canvas,phase23_crop_plus_board_residual_transform,,"[296, 103]","[280, 115]","Phase29 candidate generated from calibration files, raw RGB/LWIR/depth, Phase24 board-affine geometry, Phase25 depth projection support, and raw-only scene reliability scoring. MM5 aligned images are evaluation-only.",1.0,0.9317578125,0.9317578125,0.8479761481285095,0.8200242519378662,1.0,1.0010165619312879,1.05307039542937,0.8901682496070862,3.022854804992676,0.9317578125,1.0751042617372455,1.3538209397341034,-0.33143264055252075,1.5117663145065308,0.9317578125,-0.2699832611730108,0.4701331817769941,p29_small_target_guard,board_all_median_floor,affine,affine_lmeds,1496,5.984659671783447,7.825484275817871,"[[0.964242690293037, 0.13137386244365368, -26.99199754875218], [-0.06631033534806513, 0.9894192701549352, 24.920322865264623]]",3.5,2.0,5,True,False,3.0,2,0.065,calibration/def_stereocalib_THERM.yml,calibration/def_thermalcam_ori.yml,640x480,broad_generalization_raw_only_selection,broad,small_target_guard,False,v6,v9,support-v9,strict-selected,research,full,strict,all,17.285140150439435,10.271773934364319,3.5892460346221924,16.954301834106445,6.711316108703613,8.248580932617188,9.375805854797363,4.573399543762207,14.17821216583252,4.961208343505859,8.248580932617188,12.198364019393921,15.338971853256226,110,949,675,3.230711042881012,9.377949953079224,151,1908,675,988,0.0032161458333333334,1.0,1.0,1.0,0.632010081915564,59.5678034999801,988,584,879,0.9361179361179361,0.356,675,0.7238020833333333,0.0,0.0,1.8679233741760255,0.0,0.9230769230769231,weak_target_support,False,,False,raw improvement -2.4386 is below 0.6500,17.505140150439434,small_target_guard_block,0.0,0.0,0.0,-2.438624760584709,0.5490909090909091,0.38146718146718145,-3.676579713821411,-2.888871669769287,2.9099273681640625,v6,strict,v6 adds strict raw/depth support-gated selection for v9; aligned metrics remain evaluation-only.,296_seq582,,,,,,
296_seq582,296,582,p29_edge_contamination_guard,True,phase21_fixed_rgb_canvas,phase23_crop_plus_board_residual_transform,,"[296, 103]","[280, 115]","Phase29 candidate generated from calibration files, raw RGB/LWIR/depth, Phase24 board-affine geometry, Phase25 depth projection support, and raw-only scene reliability scoring. MM5 aligned images are evaluation-only.",1.0,0.9317578125,0.9317578125,0.8479761481285095,0.8200242519378662,1.0,1.0010165619312879,1.05307039542937,0.8986414670944214,5.742691516876221,0.9317578125,1.0711904620565182,1.3800342937556955,-0.3386787176132202,1.323641061782837,0.9317578125,-0.27479864356727873,0.47881280277759014,p29_edge_contamination_guard,board_all_median_floor,affine,affine_lmeds,1496,5.984659671783447,7.825484275817871,"[[0.964242690293037, 0.13137386244365368, -26.99199754875218], [-0.06631033534806513, 0.9894192701549352, 24.920322865264623]]",3.5,2.0,9,False,False,4.0,3,0.08,calibration/def_stereocalib_THERM.yml,calibration/def_thermalcam_ori.yml,640x480,broad_generalization_raw_only_selection,broad,edge_contamination_guard,False,v6,v9,support-v9,strict-selected,research,full,strict,all,14.563990819287481,7.047541618347168,2.3353023529052734,11.759780883789062,17.108564376831055,8.298880577087402,5.586254835128784,2.443702220916748,8.72880744934082,15.189523696899414,8.298880577087402,7.801499962806702,11.972600221633911,257,1622,675,2.9544368386268616,23.0709547996521,277,2862,675,2310,0.00751953125,1.0,1.0,1.0,0.632010081915564,59.5678034999801,988,864,1198,0.8585891574134552,0.5283018867924528,675,0.0,0.0,0.0,2.8239104461669924,0.0,0.9230769230769231,weak_target_support,False,,False,depth/reflection/edge guard candidates are diagnostic-only by default,14.563990819287481,diagnostic_guard_block,0.0,0.0,0.0,0.28252457056724545,1.0072727272727273,0.8918918918918919,0.11297130584716797,0.47749996185302734,-0.3143049478530884,v6,strict,v6 adds strict raw/depth support-gated selection for v9; aligned metrics remain evaluation-only.,296_seq582,,,,,,
296_seq582,296,582,p29_v9_support_gated,True,phase21_fixed_rgb_canvas,phase23_crop_plus_board_residual_transform,,"[296, 103]","[280, 115]","Phase29 candidate generated from calibration files, raw RGB/LWIR/depth, Phase24 board-affine geometry, Phase25 depth projection support, and raw-only scene reliability scoring. MM5 aligned images are evaluation-only.",1.0,0.9317578125,0.9317578125,0.8479761481285095,0.8200242519378662,1.0,1.0010165619312879,1.05307039542937,0.8830720782279968,0.848330020904541,0.9317578125,1.0554293981105187,1.1829820000529943,-0.3156476318836212,1.3303024768829346,0.9317578125,-0.2573224175232649,0.4420468614776928,p29_v9_support_gated,board_all_median_floor,affine,affine_lmeds,1496,5.984659671783447,7.825484275817871,"[[0.964242690293037, 0.13137386244365368, -26.99199754875218], [-0.06631033534806513, 0.9894192701549352, 24.920322865264623]]",3.5,2.0,5,True,False,7.0,3,0.075,calibration/def_stereocalib_THERM.yml,calibration/def_thermalcam_ori.yml,640x480,broad_generalization_raw_only_selection,broad,v9_support_gated,False,v6,v9,support-v9,strict-selected,research,full,strict,all,14.818513129761401,7.221349000930786,2.4573092460632324,11.98538875579834,15.557567596435547,8.311540603637695,5.599317908287048,2.4685990810394287,8.730036735534668,15.156841278076172,8.311540603637695,7.801499962806702,12.11655068397522,253,1622,675,3.1511687636375427,23.287230968475342,257,2862,675,2310,0.00751953125,1.0,1.0,1.0,0.632010081915564,58.682212746329164,961,864,1245,0.8715266426936907,0.5463096960926194,675,0.0,0.0,0.0,2.824923248291016,0.0,0.9230769230769231,weak_target_support,False,,False,v9 support-gated mode is reserved for reflection/background scenes,10.11823,v9_reflection_block,0.0,0.0,0.0,0.028002260093325404,0.9345454545454546,0.8918918918918919,0.09990823268890381,0.33354949951171875,-0.14049756526947021,v6,strict,v6 adds strict raw/depth support-gated selection for v9; aligned metrics remain evaluation-only.,296_seq582,True,v9_support_gated,4423,112,,0.9317578125
296_seq582,296,582,p29_v9_support_gated_tight,True,phase21_fixed_rgb_canvas,phase23_crop_plus_board_residual_transform,,"[296, 103]","[280, 115]","Phase29 candidate generated from calibration files, raw RGB/LWIR/depth, Phase24 board-affine geometry, Phase25 depth projection support, and raw-only scene reliability scoring. MM5 aligned images are evaluation-only.",1.0,0.9317578125,0.9317578125,0.8479761481285095,0.8200242519378662,1.0,1.0010165619312879,1.05307039542937,0.9025103449821472,0.8419767022132874,0.9317578125,1.0742457295730525,1.1785816320279001,-0.34641167521476746,1.2996467351913452,0.9317578125,-0.28937012959599234,0.43226284019948813,p29_v9_support_gated_tight,board_all_median_floor,affine,affine_lmeds,1496,5.984659671783447,7.825484275817871,"[[0.964242690293037, 0.13137386244365368, -26.99199754875218], [-0.06631033534806513, 0.9894192701549352, 24.920322865264623]]",3.5,2.0,5,True,False,8.0,4,0.055,calibration/def_stereocalib_THERM.yml,calibration/def_thermalcam_ori.yml,640x480,broad_generalization_raw_only_selection,broad,v9_support_gated_tight,False,v6,v9,support-v9,strict-selected,research,full,strict,all,14.518645933033739,6.910686254501343,2.4140591621398926,11.407313346862793,15.676789283752441,8.268804550170898,5.445531249046326,2.427668333053589,8.463394165039062,14.884379386901855,8.268804550170898,7.594349980354309,11.583582162857056,254,1447,675,2.861050546169281,23.0709547996521,262,2676,675,2038,0.006634114583333333,1.0,1.0,1.0,0.6313799621928167,57.57577034967484,954,1136,1255,0.8597285067873304,0.5409123823316437,675,0.0,0.0,0.0,2.821504364013672,0.0,0.9230769230769231,weak_target_support,False,,False,v9 support candidate mode is diagnostic-only unless a dedicated raw/depth gate allows it,10.11901,v9_mode_block,0.0,0.0,0.0,0.3278694568209879,0.9527272727272728,0.7868725868725869,0.25369489192962646,0.8665180206298828,-0.4511603116989136,v6,strict,v6 adds strict raw/depth support-gated selection for v9; aligned metrics remain evaluation-only.,296_seq582,True,v9_support_gated_tight,3501,111,,0.9317578125
296_seq582,296,582,p29_v9_target_only,True,phase21_fixed_rgb_canvas,phase23_crop_plus_board_residual_transform,,"[296, 103]","[280, 115]","Phase29 candidate generated from calibration files, raw RGB/LWIR/depth, Phase24 board-affine geometry, Phase25 depth projection support, and raw-only scene reliability scoring. MM5 aligned images are evaluation-only.",1.0,0.9317578125,0.9317578125,0.8479761481285095,0.8200242519378662,1.0,1.0010165619312879,1.05307039542937,0.9205628037452698,0.8576739430427551,0.9317578125,1.0899004907491618,1.1632248710809896,-0.4117904007434845,1.311650037765503,0.9317578125,-0.35379105837764596,0.43912828394954373,p29_v9_target_only,board_all_median_floor,affine,affine_lmeds,1496,5.984659671783447,7.825484275817871,"[[0.964242690293037, 0.13137386244365368, -26.99199754875218], [-0.06631033534806513, 0.9894192701549352, 24.920322865264623]]",3.5,2.0,5,True,False,8.0,4,0.045,calibration/def_stereocalib_THERM.yml,calibration/def_thermalcam_ori.yml,640x480,broad_generalization_raw_only_selection,broad,v9_target_only,False,v6,v9,support-v9,strict-selected,research,full,strict,all,15.249849145653215,8.08892011642456,3.002595901489258,13.175244331359863,8.93507194519043,7.998668193817139,6.518912672996521,3.010802984237671,10.027022361755371,8.883814811706543,7.998668193817139,8.900449991226196,12.386900663375854,199,1447,675,3.166732609272003,14.736479759216309,200,2676,675,2038,0.006634114583333333,1.0,1.0,1.0,0.6373660995589162,60.31416974461007,1039,1136,1272,0.913119943721421,0.5322230267921796,675,0.0,0.0,0.0,2.2482064056396482,0.0,0.9230769230769231,weak_target_support,False,,False,v9 target-only mode is reserved for general weak-target scenes,10.05825,v9_target_only_block,0.0,0.0,0.0,-0.4033337557984886,0.7272727272727273,0.7868725868725869,-0.8196865320205688,0.06319952011108398,0.7270735502243042,v6,strict,v6 adds strict raw/depth support-gated selection for v9; aligned metrics remain evaluation-only.,296_seq582,True,v9_target_only,1825,113,,0.9317578125
296_seq582,296,582,p29_v9_depth_thermal,True,phase21_fixed_rgb_canvas,phase23_crop_plus_board_residual_transform,,"[296, 103]","[280, 115]","Phase29 candidate generated from calibration files, raw RGB/LWIR/depth, Phase24 board-affine geometry, Phase25 depth projection support, and raw-only scene reliability scoring. MM5 aligned images are evaluation-only.",1.0,0.9317578125,0.9317578125,0.8479761481285095,0.8200242519378662,1.0,1.0010165619312879,1.05307039542937,0.8901903629302979,0.8395138382911682,0.9317578125,1.0625057490667162,1.1823497944411028,-0.3260114789009094,1.3301208019256592,0.9317578125,-0.26765814170583496,0.4422270800441892,p29_v9_depth_thermal,board_all_median_floor,affine,affine_lmeds,1496,5.984659671783447,7.825484275817871,"[[0.964242690293037, 0.13137386244365368, -26.99199754875218], [-0.06631033534806513, 0.9894192701549352, 24.920322865264623]]",3.5,2.0,5,True,False,7.0,3,0.065,calibration/def_stereocalib_THERM.yml,calibration/def_thermalcam_ori.yml,640x480,broad_generalization_raw_only_selection,broad,v9_depth_thermal,False,v6,v9,support-v9,strict-selected,research,full,strict,all,14.78776413220668,7.1972901821136475,2.420502185821533,11.974078178405762,15.787954330444336,8.279831886291504,5.56893527507782,2.4364335536956787,8.701436996459961,15.395524978637695,8.279831886291504,7.801499962806702,12.092674493789673,256,1622,675,3.151523530483246,23.341304302215576,260,2862,675,2310,0.00751953125,1.0,1.0,1.0,0.6370510396975425,58.49922388598574,968,864,1244,0.8706305129042796,0.5448625180897251,675,0.0,0.0,0.0,2.8223865509033206,0.0,0.9230769230769231,weak_target_support,False,,False,v9 depth-thermal mode is reserved for double-edge mismatch scenes,10.12095,v9_depth_thermal_block,0.0,0.0,0.0,0.05875125764804601,0.9454545454545454,0.8918918918918919,0.13029086589813232,0.3574256896972656,-0.1645563840866089,v6,strict,v6 adds strict raw/depth support-gated selection for v9; aligned metrics remain evaluation-only.,296_seq582,True,v9_depth_thermal,4095,112,,0.9317578125
296_seq582,296,582,p29_v9_target_silhouette,True,phase21_fixed_rgb_canvas,phase23_crop_plus_board_residual_transform,,"[296, 103]","[280, 115]","Phase29 candidate generated from calibration files, raw RGB/LWIR/depth, Phase24 board-affine geometry, Phase25 depth projection support, and raw-only scene reliability scoring. MM5 aligned images are evaluation-only.",1.0,0.9317578125,0.9317578125,0.8479761481285095,0.8200242519378662,1.0,1.0010165619312879,1.05307039542937,0.8304470777511597,3.501621961593628,0.9317578125,0.9808376197845466,1.142668492019658,-0.406825453042984,0.8819103837013245,0.9317578125,-0.34719433902980806,0.4328171754358928,p29_v9_target_silhouette,board_all_median_floor,affine,affine_lmeds,1496,5.984659671783447,7.825484275817871,"[[0.964242690293037, 0.13137386244365368, -26.99199754875218], [-0.06631033534806513, 0.9894192701549352, 24.920322865264623]]",3.5,2.0,5,True,False,7.0,3,0.045,calibration/def_stereocalib_THERM.yml,calibration/def_thermalcam_ori.yml,640x480,broad_generalization_raw_only_selection,broad,v9_target_silhouette,False,v6,v9,support-v9,strict-selected,research,full,strict,all,16.13518843835968,9.013135731220245,1.7355648279190063,16.290706634521484,8.354168891906738,11.574152946472168,7.407644987106323,1.8000006675720215,13.015289306640625,8.135627746582031,11.574152946472168,10.245878100395203,14.861471891403198,170,1622,675,3.8208587169647217,15.587204456329346,176,2862,675,2310,0.00751953125,1.0,1.0,1.0,0.32419659735349715,43.54425778937362,306,864,1227,0.9004707464694015,0.5260492040520984,675,0.0,0.0,0.0,2.4296826362609862,0.0,0.8373895728725695,weak_target_support,False,,False,v9 silhouette mode is reserved for general target-contamination scenes,10.10625,v9_silhouette_block,0.0,0.0,0.0,-1.288673048504954,0.64,0.8918918918918919,-1.708418846130371,-2.4113717079162598,1.651289165019989,v6,strict,v6 adds strict raw/depth support-gated selection for v9; aligned metrics remain evaluation-only.,296_seq582,True,v9_target_silhouette,1825,113,160.0,0.9317578125
296_seq582,296,582,p29_raw_shift_dx2p5_dy1p0_fill,True,phase21_fixed_rgb_canvas,phase23_crop_plus_board_residual_transform,,"[296, 103]","[280, 115]","Phase29 candidate generated from calibration files, raw RGB/LWIR/depth, Phase24 board-affine geometry, Phase25 depth projection support, and raw-only scene reliability scoring. MM5 aligned images are evaluation-only.",1.0,0.9331673177083334,0.9331673177083334,0.8479761481285095,0.8200242519378662,1.0,1.0010165619312879,1.05307039542937,0.893151581287384,3.1251511573791504,0.9331673177083334,1.076445056752137,1.3469625493935191,-0.3412790298461914,1.4828532934188843,0.9331673177083334,-0.277546179078742,0.4841998035197516,p29_raw_shift_dx2p5_dy1p0_fill,board_all_median_floor,affine,affine_lmeds,1496,5.984659671783447,7.825484275817871,"[[0.964242690293037, 0.13137386244365368, -26.99199754875218], [-0.06631033534806513, 0.9894192701549352, 24.920322865264623]]",2.5,1.0,9,True,False,3.0,2,0.1,calibration/def_stereocalib_THERM.yml,calibration/def_thermalcam_ori.yml,640x480,broad_generalization_raw_only_selection,broad,raw_shift_local,False,v6,v9,support-v9,strict-selected,research,full,strict,all,14.819437702642787,7.340183615684509,2.3183505535125732,12.362016677856445,17.12952423095703,8.343487739562988,5.745418667793274,2.3932878971099854,9.097549438476562,15.905810356140137,8.343487739562988,8.071849942207336,12.386900186538696,262,1811,675,3.1914899945259094,23.586374282836914,275,3067,675,2590,0.008430989583333333,1.0,1.0,1.0,0.6241335853812224,58.95666203567495,950,584,1184,0.8721966205837174,0.5126582278481012,675,0.0,0.0,0.0,2.827479019165039,0.0,0.9230769230769231,weak_target_support,False,,False,raw improvement 0.0271 is below 0.6000,14.919437702642787,generic_block,-1.0,-1.0,2.0,0.02707768721193915,1.0,1.0,-0.04619252681732178,0.06319999694824219,-0.02166295051574707,v6,strict,v6 adds strict raw/depth support-gated selection for v9; aligned metrics remain evaluation-only.,296_seq582,,,,,,
296_seq582,296,582,p29_raw_shift_dx3p5_dy1p0_fill,True,phase21_fixed_rgb_canvas,phase23_crop_plus_board_residual_transform,,"[296, 103]","[280, 115]","Phase29 candidate generated from calibration files, raw RGB/LWIR/depth, Phase24 board-affine geometry, Phase25 depth projection support, and raw-only scene reliability scoring. MM5 aligned images are evaluation-only.",1.0,0.9327799479166666,0.9327799479166666,0.8479761481285095,0.8200242519378662,1.0,1.0010165619312879,1.05307039542937,0.9063721299171448,3.0344858169555664,0.9327799479166666,1.0947946260341825,1.3775294067918074,-0.3452766537666321,1.4684361219406128,0.9327799479166666,-0.28145604253727663,0.48420818640666097,p29_raw_shift_dx3p5_dy1p0_fill,board_all_median_floor,affine,affine_lmeds,1496,5.984659671783447,7.825484275817871,"[[0.964242690293037, 0.13137386244365368, -26.99199754875218], [-0.06631033534806513, 0.9894192701549352, 24.920322865264623]]",3.5,1.0,9,True,False,3.0,2,0.1,calibration/def_stereocalib_THERM.yml,calibration/def_thermalcam_ori.yml,640x480,broad_generalization_raw_only_selection,broad,raw_shift_local,False,v6,v9,support-v9,strict-selected,research,full,strict,all,14.776457353859183,7.322095513343811,2.4782469272613525,12.16594409942627,16.459976196289062,7.756153106689453,5.637470602989197,2.535276174545288,8.739665031433105,15.90987777709961,7.756153106689453,8.008649945259094,12.162200212478638,268,1811,675,3.2251749634742737,23.360615730285645,274,3067,675,2590,0.008430989583333333,1.0,1.0,1.0,0.6187775677378702,60.28836251371668,966,584,1179,0.8738131699846861,0.5300632911392406,675,0.0,0.0,0.0,2.7804922485351566,0.0,0.9230769230769231,weak_target_support,False,,False,raw improvement 0.0701 is below 0.6000,14.826457353859183,generic_block,0.0,-1.0,1.0,0.07005803599554383,0.9963636363636363,1.0,0.06175553798675537,0.2878999710083008,-0.03975105285644531,v6,strict,v6 adds strict raw/depth support-gated selection for v9; aligned metrics remain evaluation-only.,296_seq582,,,,,,
296_seq582,296,582,p29_raw_shift_dx4p5_dy1p0_fill,True,phase21_fixed_rgb_canvas,phase23_crop_plus_board_residual_transform,,"[296, 103]","[280, 115]","Phase29 candidate generated from calibration files, raw RGB/LWIR/depth, Phase24 board-affine geometry, Phase25 depth projection support, and raw-only scene reliability scoring. MM5 aligned images are evaluation-only.",1.0,0.9323665364583333,0.9323665364583333,0.8479761481285095,0.8200242519378662,1.0,1.0010165619312879,1.05307039542937,0.9153606295585632,2.7443737983703613,0.9323665364583333,1.108532357465173,1.3975864713122141,-0.3453797399997711,1.383166790008545,0.9323665364583333,-0.28112497002235326,0.4836918047831274,p29_raw_shift_dx4p5_dy1p0_fill,board_all_median_floor,affine,affine_lmeds,1496,5.984659671783447,7.825484275817871,"[[0.964242690293037, 0.13137386244365368, -26.99199754875218], [-0.06631033534806513, 0.9894192701549352, 24.920322865264623]]",4.5,1.0,9,True,False,3.0,2,0.1,calibration/def_stereocalib_THERM.yml,calibration/def_thermalcam_ori.yml,640x480,broad_generalization_raw_only_selection,broad,raw_shift_local,False,v6,v9,support-v9,strict-selected,research,full,strict,all,14.602260139223269,7.244098544120789,2.5064408779144287,11.981756210327148,16.1063289642334,7.169276714324951,5.467300534248352,2.5317070484161377,8.402894020080566,15.925558090209961,7.169276714324951,7.864699959754944,11.702249765396118,274,1811,675,3.202360451221466,23.486310958862305,276,3067,675,2590,0.008430989583333333,1.0,1.0,1.0,0.6140516698172653,61.15823711268538,957,584,1089,0.8720538720538721,0.5395569620253164,675,0.0,0.0,0.0,2.7335421371459963,0.0,0.9230769230769231,weak_target_support,True,selector v6 selected raw_shift_fill via generic_v2; raw_score delta -0.2443; adjusted score 14.7023; selection used raw RGB/LWIR/depth support gates only,True,,14.702260139223268,generic_v2,1.0,-1.0,2.0,0.2442552506314577,1.0036363636363637,1.0,0.2319256067276001,0.7478504180908203,-0.11774802207946777,v6,strict,v6 adds strict raw/depth support-gated selection for v9; aligned metrics remain evaluation-only.,296_seq582,,,,,,
296_seq582,296,582,p29_raw_shift_dx2p5_dy2p0_fill,True,phase21_fixed_rgb_canvas,phase23_crop_plus_board_residual_transform,,"[296, 103]","[280, 115]","Phase29 candidate generated from calibration files, raw RGB/LWIR/depth, Phase24 board-affine geometry, Phase25 depth projection support, and raw-only scene reliability scoring. MM5 aligned images are evaluation-only.",1.0,0.9321451822916667,0.9321451822916667,0.8479761481285095,0.8200242519378662,1.0,1.0010165619312879,1.05307039542937,0.8831787109375,3.424762487411499,0.9321451822916667,1.0644909035050614,1.3457384499468685,-0.3427276909351349,1.503175973892212,0.9321451822916667,-0.27947874387900956,0.4817866859965241,p29_raw_shift_dx2p5_dy2p0_fill,board_all_median_floor,affine,affine_lmeds,1496,5.984659671783447,7.825484275817871,"[[0.964242690293037, 0.13137386244365368, -26.99199754875218], [-0.06631033534806513, 0.9894192701549352, 24.920322865264623]]",2.5,2.0,9,True,False,3.0,2,0.1,calibration/def_stereocalib_THERM.yml,calibration/def_thermalcam_ori.yml,640x480,broad_generalization_raw_only_selection,broad,raw_shift_local,False,v6,v9,support-v9,strict-selected,research,full,strict,all,14.87412478935748,7.358170747756958,2.161043643951416,12.5552978515625,17.601072311401367,8.867582321166992,5.785930156707764,2.25875186920166,9.313108444213867,15.973499298095703,8.867582321166992,8.071849942207336,12.513299703598022,260,1811,675,3.2005655169487,23.940638065338135,277,3067,675,2590,0.008430989583333333,1.0,1.0,1.0,0.7511027095148078,48.32461822339585,1136,584,1188,0.8653136531365314,0.5134493670886076,675,0.0,0.0,0.0,2.8694065856933593,0.0,0.9230769230769231,weak_target_support,False,,False,raw improvement -0.0276 is below 0.6000,14.924124789357482,generic_block,-1.0,0.0,1.0,-0.027609399502754428,1.0072727272727273,1.0,-0.08670401573181152,-0.06319952011108398,-0.00367581844329834,v6,strict,v6 adds strict raw/depth support-gated selection for v9; aligned metrics remain evaluation-only.,296_seq582,,,,,,
296_seq582,296,582,p29_raw_shift_dx4p5_dy2p0_fill,True,phase21_fixed_rgb_canvas,phase23_crop_plus_board_residual_transform,,"[296, 103]","[280, 115]","Phase29 candidate generated from calibration files, raw RGB/LWIR/depth, Phase24 board-affine geometry, Phase25 depth projection support, and raw-only scene reliability scoring. MM5 aligned images are evaluation-only.",1.0,0.9313444010416667,0.9313444010416667,0.8479761481285095,0.8200242519378662,1.0,1.0010165619312879,1.05307039542937,0.9092302322387695,2.998032331466675,0.9313444010416667,1.1021468272329984,1.4060319265535264,-0.34659576416015625,1.368146300315857,0.9313444010416667,-0.2827358047356655,0.48045891484257264,p29_raw_shift_dx4p5_dy2p0_fill,board_all_median_floor,affine,affine_lmeds,1496,5.984659671783447,7.825484275817871,"[[0.964242690293037, 0.13137386244365368, -26.99199754875218], [-0.06631033534806513, 0.9894192701549352, 24.920322865264623]]",4.5,2.0,9,True,False,3.0,2,0.1,calibration/def_stereocalib_THERM.yml,calibration/def_thermalcam_ori.yml,640x480,broad_generalization_raw_only_selection,broad,raw_shift_local,False,v6,v9,support-v9,strict-selected,research,full,strict,all,14.765949407304415,7.313050866127014,2.45475697517395,12.171344757080078,16.386945724487305,7.707706928253174,5.552056431770325,2.478320360183716,8.625792503356934,16.11414337158203,7.707706928253174,7.739354372024536,12.018249750137329,272,1811,675,3.2655568718910217,23.27810525894165,275,3067,675,2590,0.008430989583333333,1.0,1.0,1.0,0.6241335853812224,59.6100042693252,955,584,1173,0.868421052631579,0.5458860759493671,675,0.0,0.0,0.0,2.7766165542602543,0.0,0.9230769230769231,weak_target_support,False,,False,raw improvement 0.0806 is below 0.6000,14.815949407304416,generic_block,1.0,0.0,1.0,0.08056598255031133,1.0,1.0,0.14716970920562744,0.4318504333496094,-0.04879570007324219,v6,strict,v6 adds strict raw/depth support-gated selection for v9; aligned metrics remain evaluation-only.,296_seq582,,,,,,
296_seq582,296,582,p29_raw_shift_dx2p5_dy3p0_fill,True,phase21_fixed_rgb_canvas,phase23_crop_plus_board_residual_transform,,"[296, 103]","[280, 115]","Phase29 candidate generated from calibration files, raw RGB/LWIR/depth, Phase24 board-affine geometry, Phase25 depth projection support, and raw-only scene reliability scoring. MM5 aligned images are evaluation-only.",1.0,0.9310774739583333,0.9310774739583333,0.8479761481285095,0.8200242519378662,1.0,1.0010165619312879,1.05307039542937,0.8719986081123352,3.754641532897949,0.9310774739583333,1.049770917283609,1.3353343891244098,-0.34692052006721497,1.508833408355713,0.9310774739583333,-0.28414108067275873,0.47888293229727,p29_raw_shift_dx2p5_dy3p0_fill,board_all_median_floor,affine,affine_lmeds,1496,5.984659671783447,7.825484275817871,"[[0.964242690293037, 0.13137386244365368, -26.99199754875218], [-0.06631033534806513, 0.9894192701549352, 24.920322865264623]]",2.5,3.0,9,True,False,3.0,2,0.1,calibration/def_stereocalib_THERM.yml,calibration/def_thermalcam_ori.yml,640x480,broad_generalization_raw_only_selection,broad,raw_shift_local,False,v6,v9,support-v9,strict-selected,research,full,strict,all,14.930782671124938,7.41364848613739,2.0463244915008545,12.780972480773926,18.233034133911133,9.425394058227539,5.873366713523865,2.1649301052093506,9.581803321838379,16.269184112548828,9.425394058227539,8.241079568862915,12.65725064277649,253,1811,675,3.2045944333076477,24.440255165100098,273,3067,675,2590,0.008430989583333333,1.0,1.0,1.0,0.2511027095148078,61.81425461150754,193,584,1191,0.8609658566594894,0.5142405063291139,675,0.0,0.0,0.0,2.914031524658203,0.0,0.9230769230769231,weak_target_support,False,,False,raw improvement -0.0843 is below 0.6000,15.030782671124937,generic_block,-1.0,1.0,2.0,-0.08426728127021121,0.9927272727272727,1.0,-0.1741405725479126,-0.20715045928955078,0.05180191993713379,v6,strict,v6 adds strict raw/depth support-gated selection for v9; aligned metrics remain evaluation-only.,296_seq582,,,,,,
296_seq582,296,582,p29_raw_shift_dx3p5_dy3p0_fill,True,phase21_fixed_rgb_canvas,phase23_crop_plus_board_residual_transform,,"[296, 103]","[280, 115]","Phase29 candidate generated from calibration files, raw RGB/LWIR/depth, Phase24 board-affine geometry, Phase25 depth projection support, and raw-only scene reliability scoring. MM5 aligned images are evaluation-only.",1.0,0.9306901041666666,0.9306901041666666,0.8479761481285095,0.8200242519378662,1.0,1.0010165619312879,1.05307039542937,0.8884300589561462,3.5766751766204834,0.9306901041666666,1.0720449296889225,1.3671661452833275,-0.34946227073669434,1.4327484369277954,0.9306901041666666,-0.2864014288838127,0.47771554982965614,p29_raw_shift_dx3p5_dy3p0_fill,board_all_median_floor,affine,affine_lmeds,1496,5.984659671783447,7.825484275817871,"[[0.964242690293037, 0.13137386244365368, -26.99199754875218], [-0.06631033534806513, 0.9894192701549352, 24.920322865264623]]",3.5,3.0,9,True,False,3.0,2,0.1,calibration/def_stereocalib_THERM.yml,calibration/def_thermalcam_ori.yml,640x480,broad_generalization_raw_only_selection,broad,raw_shift_local,False,v6,v9,support-v9,strict-selected,research,full,strict,all,14.923720581965224,7.395021080970764,2.2131216526031494,12.576920509338379,17.93016242980957,8.84833812713623,5.7570472955703735,2.29793381690979,9.216160774230957,16.600997924804688,8.84833812713623,8.071849942207336,12.495750188827515,261,1811,675,3.2619113326072693,23.96275520324707,275,3067,675,2590,0.008430989583333333,1.0,1.0,1.0,0.7848141146817895,48.060378671782104,1241,584,1184,0.8667279411764706,0.5213607594936709,675,0.0,0.0,0.0,2.8678670501708985,0.0,0.9230769230769231,weak_target_support,False,,False,raw improvement -0.0772 is below 0.6000,14.973720581965225,generic_block,0.0,1.0,1.0,-0.07720519211049748,1.0,1.0,-0.05782115459442139,-0.04565000534057617,0.03317451477050781,v6,strict,v6 adds strict raw/depth support-gated selection for v9; aligned metrics remain evaluation-only.,296_seq582,,,,,,
296_seq582,296,582,p29_raw_shift_dx4p5_dy3p0_fill,True,phase21_fixed_rgb_canvas,phase23_crop_plus_board_residual_transform,,"[296, 103]","[280, 115]","Phase29 candidate generated from calibration files, raw RGB/LWIR/depth, Phase24 board-affine geometry, Phase25 depth projection support, and raw-only scene reliability scoring. MM5 aligned images are evaluation-only.",1.0,0.9302766927083334,0.9302766927083334,0.8479761481285095,0.8200242519378662,1.0,1.0010165619312879,1.05307039542937,0.9015833139419556,3.234511613845825,0.9302766927083334,1.0921199660457352,1.3996248119123644,-0.34986642003059387,1.4007110595703125,0.9302766927083334,-0.286761701295052,0.4767265672864248,p29_raw_shift_dx4p5_dy3p0_fill,board_all_median_floor,affine,affine_lmeds,1496,5.984659671783447,7.825484275817871,"[[0.964242690293037, 0.13137386244365368, -26.99199754875218], [-0.06631033534806513, 0.9894192701549352, 24.920322865264623]]",4.5,3.0,9,True,False,3.0,2,0.1,calibration/def_stereocalib_THERM.yml,calibration/def_thermalcam_ori.yml,640x480,broad_generalization_raw_only_selection,broad,raw_shift_local,False,v6,v9,support-v9,strict-selected,research,full,strict,all,14.888282374599594,7.405162811279297,2.402362823486328,12.407962799072266,17.344680786132812,8.260285377502441,5.671398758888245,2.4449636936187744,8.897833824157715,16.687135696411133,8.260285377502441,7.639999985694885,12.545599699020386,267,1811,675,3.3701639771461487,24.23310613632202,274,3067,675,2590,0.008430989583333333,1.0,1.0,1.0,0.6376811594202898,58.88626436264351,977,584,1179,0.8657081676353625,0.5356012658227848,675,0.0,0.0,0.0,2.8208228302001954,0.0,0.9230769230769231,weak_target_support,False,,False,raw improvement -0.0418 is below 0.6000,14.988282374599594,generic_block,1.0,1.0,2.0,-0.04176698474486784,0.9963636363636363,1.0,0.02782738208770752,-0.09549951553344727,0.04331624507904053,v6,strict,v6 adds strict raw/depth support-gated selection for v9; aligned metrics remain evaluation-only.,296_seq582,,,,,,
296_seq582,296,582,p29_raw_shift_dx3p0_dy2p0_fill,True,phase21_fixed_rgb_canvas,phase23_crop_plus_board_residual_transform,,"[296, 103]","[280, 115]","Phase29 candidate generated from calibration files, raw RGB/LWIR/depth, Phase24 board-affine geometry, Phase25 depth projection support, and raw-only scene reliability scoring. MM5 aligned images are evaluation-only.",1.0,0.9317578125,0.9317578125,0.8479761481285095,0.8200242519378662,1.0,1.0010165619312879,1.05307039542937,0.891728937625885,3.40425443649292,0.9317578125,1.0756091063077546,1.362037968672181,-0.3364277184009552,1.4883105754852295,0.9317578125,-0.27415665368078307,0.4746728544872233,p29_raw_shift_dx3p0_dy2p0_fill,board_all_median_floor,affine,affine_lmeds,1496,5.984659671783447,7.825484275817871,"[[0.964242690293037, 0.13137386244365368, -26.99199754875218], [-0.06631033534806513, 0.9894192701549352, 24.920322865264623]]",3.0,2.0,9,True,False,3.0,2,0.1,calibration/def_stereocalib_THERM.yml,calibration/def_thermalcam_ori.yml,640x480,broad_generalization_raw_only_selection,broad,raw_shift_local,False,v6,v9,support-v9,strict-selected,research,full,strict,all,14.836650741128008,7.317337512969971,2.1905479431152344,12.444127082824707,18.743053436279297,8.544536590576172,5.694217681884766,2.286849021911621,9.10158634185791,17.421566009521484,8.544536590576172,8.071849942207336,12.450100660324097,279,1811,675,3.2356449961662292,25.124906539916992,295,3067,675,2590,0.008430989583333333,1.0,1.0,1.0,0.9262759924385633,49.87292253493341,1801,584,1184,0.8659132559560171,0.5174050632911392,675,0.0,0.0,0.0,2.843562927246094,0.0,0.9230769230769231,weak_target_support,False,,False,raw improvement 0.0099 is below 0.6000,14.861650741128008,generic_block,-0.5,0.0,0.5,0.009864648726718883,1.0727272727272728,1.0,0.0050084590911865234,-4.76837158203125e-07,-0.044509053230285645,v6,strict,v6 adds strict raw/depth support-gated selection for v9; aligned metrics remain evaluation-only.,296_seq582,,,,,,
296_seq582,296,582,p29_raw_shift_dx4p0_dy2p0_fill,True,phase21_fixed_rgb_canvas,phase23_crop_plus_board_residual_transform,,"[296, 103]","[280, 115]","Phase29 candidate generated from calibration files, raw RGB/LWIR/depth, Phase24 board-affine geometry, Phase25 depth projection support, and raw-only scene reliability scoring. MM5 aligned images are evaluation-only.",1.0,0.9313444010416667,0.9313444010416667,0.8479761481285095,0.8200242519378662,1.0,1.0010165619312879,1.05307039542937,0.9049431085586548,3.1017754077911377,0.9313444010416667,1.095248480959911,1.3927734989866871,-0.3383145332336426,1.436691164970398,0.9313444010416667,-0.2758080485557679,0.4741775444513139,p29_raw_shift_dx4p0_dy2p0_fill,board_all_median_floor,affine,affine_lmeds,1496,5.984659671783447,7.825484275817871,"[[0.964242690293037, 0.13137386244365368, -26.99199754875218], [-0.06631033534806513, 0.9894192701549352, 24.920322865264623]]",4.0,2.0,9,True,False,3.0,2,0.1,calibration/def_stereocalib_THERM.yml,calibration/def_thermalcam_ori.yml,640x480,broad_generalization_raw_only_selection,broad,raw_shift_local,False,v6,v9,support-v9,strict-selected,research,full,strict,all,14.783566564163031,7.321317195892334,2.381476402282715,12.261157989501953,17.938730239868164,7.951117038726807,5.601006269454956,2.432727336883545,8.769285202026367,17.35783576965332,7.951117038726807,7.847149968147278,12.179750680923462,288,1811,675,3.2652485966682434,24.81066656112671,295,3067,675,2590,0.008430989583333333,1.0,1.0,1.0,0.6298046628859484,60.06878092530723,975,584,1176,0.8665854401462078,0.5387658227848101,675,0.0,0.0,0.0,2.7960893630981447,0.0,0.9230769230769231,weak_target_support,False,,False,raw improvement 0.0629 is below 0.6000,14.808566564163032,generic_block,0.5,0.0,0.5,0.06294882569169502,1.0727272727272728,1.0,0.0982198715209961,0.27034950256347656,-0.04052937030792236,v6,strict,v6 adds strict raw/depth support-gated selection for v9; aligned metrics remain evaluation-only.,296_seq582,,,,,,
296_seq582,296,582,p29_raw_shift_dx3p5_dy1p5_fill,True,phase21_fixed_rgb_canvas,phase23_crop_plus_board_residual_transform,,"[296, 103]","[280, 115]","Phase29 candidate generated from calibration files, raw RGB/LWIR/depth, Phase24 board-affine geometry, Phase25 depth projection support, and raw-only scene reliability scoring. MM5 aligned images are evaluation-only.",1.0,0.9327799479166666,0.9327799479166666,0.8479761481285095,0.8200242519378662,1.0,1.0010165619312879,1.05307039542937,0.9041076302528381,2.9368534088134766,0.9327799479166666,1.093605632830307,1.3807941535356656,-0.3493894040584564,1.4436099529266357,0.9327799479166666,-0.2856371434572993,0.48275946879144627,p29_raw_shift_dx3p5_dy1p5_fill,board_all_median_floor,affine,affine_lmeds,1496,5.984659671783447,7.825484275817871,"[[0.964242690293037, 0.13137386244365368, -26.99199754875218], [-0.06631033534806513, 0.9894192701549352, 24.920322865264623]]",3.5,1.5,9,True,False,3.0,2,0.1,calibration/def_stereocalib_THERM.yml,calibration/def_thermalcam_ori.yml,640x480,broad_generalization_raw_only_selection,broad,raw_shift_local,False,v6,v9,support-v9,strict-selected,research,full,strict,all,14.776728886847383,7.320110082626343,2.458922863006592,12.181297302246094,17.164608001708984,7.900401592254639,5.660961866378784,2.5373806953430176,8.78454303741455,16.2607364654541,7.900401592254639,8.008649945259094,12.251024961471558,270,1811,675,3.221904456615448,23.575488090515137,280,3067,675,2590,0.008430989583333333,1.0,1.0,1.0,0.6275992438563327,58.94898115293378,949,584,1185,0.870494807574832,0.5261075949367089,675,0.0,0.0,0.0,2.792032127380371,0.0,0.9230769230769231,weak_target_support,False,,False,raw improvement 0.0698 is below 0.6000,14.801728886847384,generic_block,0.0,-0.5,0.5,0.06978650300734301,1.018181818181818,1.0,0.03826427459716797,0.19907522201538086,-0.041736483573913574,v6,strict,v6 adds strict raw/depth support-gated selection for v9; aligned metrics remain evaluation-only.,296_seq582,,,,,,
296_seq582,296,582,p29_raw_shift_dx3p5_dy2p5_fill,True,phase21_fixed_rgb_canvas,phase23_crop_plus_board_residual_transform,,"[296, 103]","[280, 115]","Phase29 candidate generated from calibration files, raw RGB/LWIR/depth, Phase24 board-affine geometry, Phase25 depth projection support, and raw-only scene reliability scoring. MM5 aligned images are evaluation-only.",1.0,0.9317578125,0.9317578125,0.8479761481285095,0.8200242519378662,1.0,1.0010165619312879,1.05307039542937,0.8966308832168579,3.248595952987671,0.9317578125,1.083777863307205,1.3775903720551543,-0.3520243465900421,1.4764199256896973,0.9317578125,-0.2889929120830136,0.47926636040777815,p29_raw_shift_dx3p5_dy2p5_fill,board_all_median_floor,affine,affine_lmeds,1496,5.984659671783447,7.825484275817871,"[[0.964242690293037, 0.13137386244365368, -26.99199754875218], [-0.06631033534806513, 0.9894192701549352, 24.920322865264623]]",3.5,2.5,9,True,False,3.0,2,0.1,calibration/def_stereocalib_THERM.yml,calibration/def_thermalcam_ori.yml,640x480,broad_generalization_raw_only_selection,broad,raw_shift_local,False,v6,v9,support-v9,strict-selected,research,full,strict,all,14.802458549223232,7.32655930519104,2.280369281768799,12.372749328613281,18.183744430541992,8.438135147094727,5.6790995597839355,2.355654716491699,9.002544403076172,17.132347106933594,8.438135147094727,7.947558641433716,12.51330018043518,273,1811,675,3.2757847905158997,24.43674087524414,285,3067,675,2590,0.008430989583333333,1.0,1.0,1.0,0.631064902331443,58.07928325913846,952,584,1186,0.8635668400122362,0.5189873417721519,675,0.0,0.0,0.0,2.8350508117675783,0.0,0.9230769230769231,weak_target_support,False,,False,raw improvement 0.0441 is below 0.6000,14.827458549223232,generic_block,0.0,0.5,0.5,0.04405684063149451,1.0363636363636364,1.0,0.0201265811920166,-0.06319999694824219,-0.03528726100921631,v6,strict,v6 adds strict raw/depth support-gated selection for v9; aligned metrics remain evaluation-only.,296_seq582,,,,,,
