sample,aligned_id,sequence,variant,target_ncc,target_mi,target_edge_distance,target_valid_ratio,raw_rgb_ncc,raw_rgb_mi,raw_rgb_edge_distance,valid_ratio,fusion_entropy_gain_vs_raw_rgb,fusion_alpha_coverage,raw_refine_dx,raw_refine_dy,raw_refine_accepted,selected_variant
103_seq385,103,385,sample_flow_upper_bound_raw_refined,0.45474910736083984,0.5263730624743359,3.5090279579162598,0.8160134548611111,0.40611690282821655,0.1876226685086471,1.238092064857483,0.8160134548611111,1.3925002297916018,0.008429904513888888,0,0,False,sample_flow_upper_bound_raw_refined
104_seq386,104,386,sample_flow_upper_bound,0.31358134746551514,0.5594434848552253,4.365309715270996,0.807626953125,0.30673080682754517,0.13130471240639308,1.590783715248108,0.807626953125,1.3890755132355292,0.008581814236111112,0,0,False,sample_flow_upper_bound
106_seq388,106,388,sample_flow_upper_bound,0.33257946372032166,0.5998344225571351,5.362043380737305,0.8154926215277778,-0.14211805164813995,0.22300428845788955,3.7231831550598145,0.8154926215277778,1.3750633626147084,0.008982204861111112,0,0,False,sample_flow_upper_bound
