{
  "strategy": "teacher_residual_sample_flow_upper_bound",
  "reference_output_used_offline_only": "darklight_mm5/outputs",
  "sample_count": 3,
  "means": {
    "aligned_id_mean": 104.33333333333333,
    "aligned_id_min": 103.0,
    "aligned_id_max": 106.0,
    "sequence_mean": 386.3333333333333,
    "sequence_min": 385.0,
    "sequence_max": 388.0,
    "target_ncc_mean": 0.3669699728488922,
    "target_ncc_min": 0.31358134746551514,
    "target_ncc_max": 0.45474910736083984,
    "target_mi_mean": 0.5618836566288987,
    "target_mi_min": 0.5263730624743359,
    "target_mi_max": 0.5998344225571351,
    "target_edge_distance_mean": 4.4121270179748535,
    "target_edge_distance_min": 3.5090279579162598,
    "target_edge_distance_max": 5.362043380737305,
    "target_valid_ratio_mean": 0.8130443431712964,
    "target_valid_ratio_min": 0.807626953125,
    "target_valid_ratio_max": 0.8160134548611111,
    "raw_rgb_ncc_mean": 0.19024321933587393,
    "raw_rgb_ncc_min": -0.14211805164813995,
    "raw_rgb_ncc_max": 0.40611690282821655,
    "raw_rgb_mi_mean": 0.18064388979097656,
    "raw_rgb_mi_min": 0.13130471240639308,
    "raw_rgb_mi_max": 0.22300428845788955,
    "raw_rgb_edge_distance_mean": 2.1840196450551352,
    "raw_rgb_edge_distance_min": 1.238092064857483,
    "raw_rgb_edge_distance_max": 3.7231831550598145,
    "valid_ratio_mean": 0.8130443431712964,
    "valid_ratio_min": 0.807626953125,
    "valid_ratio_max": 0.8160134548611111,
    "fusion_entropy_gain_vs_raw_rgb_mean": 1.3855463685472797,
    "fusion_entropy_gain_vs_raw_rgb_min": 1.3750633626147084,
    "fusion_entropy_gain_vs_raw_rgb_max": 1.3925002297916018,
    "fusion_alpha_coverage_mean": 0.008664641203703706,
    "fusion_alpha_coverage_min": 0.008429904513888888,
    "fusion_alpha_coverage_max": 0.008982204861111112,
    "raw_refine_dx_mean": 0.0,
    "raw_refine_dx_min": 0.0,
    "raw_refine_dx_max": 0.0,
    "raw_refine_dy_mean": 0.0,
    "raw_refine_dy_min": 0.0,
    "raw_refine_dy_max": 0.0,
    "raw_refine_accepted_mean": 0.0,
    "raw_refine_accepted_min": 0.0,
    "raw_refine_accepted_max": 0.0
  },
  "per_sample": [
    {
      "sample": "103_seq385",
      "aligned_id": 103,
      "sequence": 385,
      "variant": "sample_flow_upper_bound_raw_refined",
      "target_ncc": 0.45474910736083984,
      "target_mi": 0.5263730624743359,
      "target_edge_distance": 3.5090279579162598,
      "target_valid_ratio": 0.8160134548611111,
      "raw_rgb_ncc": 0.40611690282821655,
      "raw_rgb_mi": 0.1876226685086471,
      "raw_rgb_edge_distance": 1.238092064857483,
      "valid_ratio": 0.8160134548611111,
      "fusion_entropy_gain_vs_raw_rgb": 1.3925002297916018,
      "fusion_alpha_coverage": 0.008429904513888888,
      "raw_refine_dx": 0,
      "raw_refine_dy": 0,
      "raw_refine_accepted": false,
      "selected_variant": "sample_flow_upper_bound_raw_refined"
    },
    {
      "sample": "104_seq386",
      "aligned_id": 104,
      "sequence": 386,
      "variant": "sample_flow_upper_bound",
      "target_ncc": 0.31358134746551514,
      "target_mi": 0.5594434848552253,
      "target_edge_distance": 4.365309715270996,
      "target_valid_ratio": 0.807626953125,
      "raw_rgb_ncc": 0.30673080682754517,
      "raw_rgb_mi": 0.13130471240639308,
      "raw_rgb_edge_distance": 1.590783715248108,
      "valid_ratio": 0.807626953125,
      "fusion_entropy_gain_vs_raw_rgb": 1.3890755132355292,
      "fusion_alpha_coverage": 0.008581814236111112,
      "raw_refine_dx": 0,
      "raw_refine_dy": 0,
      "raw_refine_accepted": false,
      "selected_variant": "sample_flow_upper_bound"
    },
    {
      "sample": "106_seq388",
      "aligned_id": 106,
      "sequence": 388,
      "variant": "sample_flow_upper_bound",
      "target_ncc": 0.33257946372032166,
      "target_mi": 0.5998344225571351,
      "target_edge_distance": 5.362043380737305,
      "target_valid_ratio": 0.8154926215277778,
      "raw_rgb_ncc": -0.14211805164813995,
      "raw_rgb_mi": 0.22300428845788955,
      "raw_rgb_edge_distance": 3.7231831550598145,
      "valid_ratio": 0.8154926215277778,
      "fusion_entropy_gain_vs_raw_rgb": 1.3750633626147084,
      "fusion_alpha_coverage": 0.008982204861111112,
      "raw_refine_dx": 0,
      "raw_refine_dy": 0,
      "raw_refine_accepted": false,
      "selected_variant": "sample_flow_upper_bound"
    }
  ]
}