sample,aligned_id,sequence,target_ncc,target_mi,target_edge_distance,target_valid_ratio,raw_rgb_ncc,raw_rgb_edge_distance,valid_ratio,fusion_entropy_gain_vs_raw_rgb,fusion_alpha_coverage
103_seq385,103,385,0.3648748993873596,0.49268743856707126,3.9272403717041016,0.8336512586805556,0.3666345179080963,2.882617473602295,0.8336512586805556,1.3957109718188292,0.010674913194444444
104_seq386,104,386,0.16870535910129547,0.5649333951669814,5.748115062713623,0.8336512586805556,0.18424658477306366,2.2679288387298584,0.8336512586805556,1.389842949553136,0.010135633680555556
106_seq388,106,388,0.25352102518081665,0.5588456821039698,6.602059364318848,0.8336512586805556,0.23875899612903595,1.4213368892669678,0.8336512586805556,1.3818295312698394,0.011164279513888889
