{
  "selected_candidate": {
    "candidate": "d325_t1.45_ox14_oy0_r2",
    "plane_depth_mm": 325.0,
    "t_scale": 1.45,
    "lwir_cx_offset": 14.0,
    "lwir_cy_offset": 0.0,
    "max_residual_shift": 2,
    "aligned_id_mean": 104.33333333333333,
    "aligned_id_min": 103.0,
    "aligned_id_max": 106.0,
    "sequence_mean": 386.3333333333333,
    "sequence_min": 385.0,
    "sequence_max": 388.0,
    "target_ncc_mean": 0.2623670945564906,
    "target_ncc_min": 0.16870535910129547,
    "target_ncc_max": 0.3648748993873596,
    "target_mi_mean": 0.5388221719460075,
    "target_mi_min": 0.49268743856707126,
    "target_mi_max": 0.5649333951669814,
    "target_edge_distance_mean": 5.4258049329121905,
    "target_edge_distance_min": 3.9272403717041016,
    "target_edge_distance_max": 6.602059364318848,
    "target_valid_ratio_mean": 0.8336512586805555,
    "target_valid_ratio_min": 0.8336512586805556,
    "target_valid_ratio_max": 0.8336512586805556,
    "raw_rgb_ncc_mean": 0.2632133662700653,
    "raw_rgb_ncc_min": 0.18424658477306366,
    "raw_rgb_ncc_max": 0.3666345179080963,
    "raw_rgb_mi_mean": 0.18523984008576433,
    "raw_rgb_mi_min": 0.15803833532186604,
    "raw_rgb_mi_max": 0.21212317810590683,
    "raw_rgb_edge_distance_mean": 2.1906277338663735,
    "raw_rgb_edge_distance_min": 1.4213368892669678,
    "raw_rgb_edge_distance_max": 2.882617473602295,
    "valid_ratio_mean": 0.8336512586805555,
    "valid_ratio_min": 0.8336512586805556,
    "valid_ratio_max": 0.8336512586805556,
    "boundary_f1_mean": 0.20243566123300671,
    "boundary_f1_min": 0.17240476717815048,
    "boundary_f1_max": 0.2430306006294221,
    "boundary_edge_distance_mean": 2.191103974978129,
    "boundary_edge_distance_min": 1.4227656126022339,
    "boundary_edge_distance_max": 2.882617473602295,
    "boundary_precision_mean": 0.710555362049615,
    "boundary_precision_min": 0.6072727272727273,
    "boundary_precision_max": 0.8206896551724138,
    "boundary_recall_mean": 0.11805893256311632,
    "boundary_recall_min": 0.10046312789454934,
    "boundary_recall_max": 0.1426344505066251,
    "residual_dx_mean": 1.3333333333333333,
    "residual_dx_min": 0.0,
    "residual_dx_max": 2.0,
    "residual_dy_mean": -1.3333333333333333,
    "residual_dy_min": -2.0,
    "residual_dy_max": 0.0,
    "residual_accepted_mean": 0.6666666666666666,
    "residual_accepted_min": 0.0,
    "residual_accepted_max": 1.0,
    "selection_score": 0.2668751566179682,
    "stage": "residual_refine"
  },
  "selected_parameters": {
    "lwir_calib_size": "1280x720",
    "plane_depth_mm": 325.0,
    "t_scale": 1.45,
    "lwir_principal_offset": [
      14.0,
      0.0
    ],
    "max_residual_shift": 2,
    "fusion_params": {
      "saliency_sigma": 15.0,
      "alpha_low_percentile": 40.0,
      "alpha_high_percentile": 96.0,
      "alpha_scale": 0.82,
      "alpha_max": 0.72,
      "roi_dilate_px": 3
    }
  },
  "baseline_metrics": {
    "target_ncc": 0.259933,
    "target_edge_distance": 5.6309466666666665,
    "valid_ratio": 0.8324159999999999,
    "fusion_alpha_coverage": 0.008846333333333333
  },
  "optimized_evaluation": {
    "strategy": "calibration_plane_optimized",
    "output": ".\\darklight_mm5\\outputs_calibration_plane_opt",
    "reference_output": "darklight_mm5/outputs",
    "sample_count": 3,
    "means": {
      "aligned_id": 104.33333333333333,
      "sequence": 386.3333333333333,
      "target_ncc": 0.2623670945564906,
      "target_mi": 0.5388221719460075,
      "target_edge_distance": 5.4258049329121905,
      "target_valid_ratio": 0.8336512586805555,
      "raw_rgb_ncc": 0.2632133662700653,
      "raw_rgb_edge_distance": 2.1906277338663735,
      "valid_ratio": 0.8336512586805555,
      "fusion_entropy_gain_vs_raw_rgb": 1.389127817547268,
      "fusion_alpha_coverage": 0.010658275462962963
    },
    "per_sample": [
      {
        "sample": "103_seq385",
        "aligned_id": 103,
        "sequence": 385,
        "target_ncc": 0.3648748993873596,
        "target_mi": 0.49268743856707126,
        "target_edge_distance": 3.9272403717041016,
        "target_valid_ratio": 0.8336512586805556,
        "raw_rgb_ncc": 0.3666345179080963,
        "raw_rgb_edge_distance": 2.882617473602295,
        "valid_ratio": 0.8336512586805556,
        "fusion_entropy_gain_vs_raw_rgb": 1.3957109718188292,
        "fusion_alpha_coverage": 0.010674913194444444
      },
      {
        "sample": "104_seq386",
        "aligned_id": 104,
        "sequence": 386,
        "target_ncc": 0.16870535910129547,
        "target_mi": 0.5649333951669814,
        "target_edge_distance": 5.748115062713623,
        "target_valid_ratio": 0.8336512586805556,
        "raw_rgb_ncc": 0.18424658477306366,
        "raw_rgb_edge_distance": 2.2679288387298584,
        "valid_ratio": 0.8336512586805556,
        "fusion_entropy_gain_vs_raw_rgb": 1.389842949553136,
        "fusion_alpha_coverage": 0.010135633680555556
      },
      {
        "sample": "106_seq388",
        "aligned_id": 106,
        "sequence": 388,
        "target_ncc": 0.25352102518081665,
        "target_mi": 0.5588456821039698,
        "target_edge_distance": 6.602059364318848,
        "target_valid_ratio": 0.8336512586805556,
        "raw_rgb_ncc": 0.23875899612903595,
        "raw_rgb_edge_distance": 1.4213368892669678,
        "valid_ratio": 0.8336512586805556,
        "fusion_entropy_gain_vs_raw_rgb": 1.3818295312698394,
        "fusion_alpha_coverage": 0.011164279513888889
      }
    ]
  },
  "notes": [
    "The retained official-reference output is used only for offline selection/evaluation.",
    "The original darklight_mm5/outputs_calibration_plane baseline is not overwritten."
  ]
}