class_name,iou,precision,recall,f1,pixel_accuracy,class_pixels
background,0.9693239735030722,0.9962469212703949,0.9728765822952262,0.9844230675553294,0.9728765822952262,8693226
class_1,0.3940609317580116,0.4416127889469489,0.7853908249655444,0.5653424793435282,0.7853908249655444,25395
class_2,0.4237213403880071,0.4662651977852617,0.8228154117350793,0.5952307215856302,0.8228154117350793,19855
class_3,0.3264963416096917,0.3701638675460665,0.7345837268924572,0.49226874039244056,0.7345837268924572,7411
class_4,0.6446208305167288,0.6898675261434265,0.9076503198294243,0.7839142233340111,0.9076503198294243,293125
class_5,0.21185749252107697,0.28763076923076925,0.4457371733740225,0.349640933572711,0.4457371733740225,5243
class_6,0.4121553479344662,0.44215812358380796,0.8586379132640926,0.583725223343619,0.8586379132640926,25226
class_7,0.407536097598641,0.4483948729385029,0.8172650730668731,0.5790772944209776,0.8172650730668731,51665
