class_name,iou,precision,recall,f1,pixel_accuracy,class_pixels
background,0.9696619271241473,0.9963704508664941,0.9730991625814306,0.9845973197440292,0.9730991625814306,8741029
class_1,0.3956526034976781,0.4426512203749558,0.7884229178972239,0.5669786342333668,0.7884229178972239,25395
class_2,0.42880872047755,0.4694150069608205,0.8321329639889197,0.6002325074475042,0.8321329639889197,19855
class_3,0.30664154498351387,0.35234422569514917,0.7027391715018216,0.4693583273251622,0.7027391715018216,7411
class_4,0.649077275161903,0.6938839249694834,0.9095164179104478,0.7872005574731819,0.9095164179104478,293125
class_5,0.21431169303509728,0.2905571992110454,0.4495517833301545,0.3529764133283414,0.4495517833301545,5243
class_6,0.40730542287159316,0.4357253070957658,0.8619678109886625,0.5788443876532364,0.8619678109886625,25226
class_7,0.41329842729626337,0.45208910116871315,0.828084776928288,0.5848707099843472,0.828084776928288,51665
