{
  "method_name": "M5_EPNP_BASELINE",
  "track": "THERMAL",
  "num_test_scenes": 30,
  "reprojection_mae_px": 2.287250734931213,
  "checkerboard_corner_rmse_px": 2.394632259230419,
  "keypoint_transfer_error_px": 13.714086294174194,
  "overall_region_error_px": 4.079199622392965,
  "ntg": 0.20200489663294496,
  "mutual_information": 0.2953296976908371,
  "valid_warp_coverage": 0.9327137247721354,
  "mean_iou": 0.47309470180596824,
  "freq_iou": 0.9510020508371103,
  "pixel_accuracy": 0.9686089430751551,
  "mean_pixel_accuracy": 0.7931893756408686,
  "boundary_f1": 0.310206375854164
}