{
  "aligned_id": 106,
  "sequence": 388,
  "dark_mean": 1.7739485677083333,
  "H_raw_rgb1_to_aligned_rgb1": [
    [
      0.9998646722698536,
      -0.0001344357851430305,
      -297.90959830282475
    ],
    [
      8.436824432030988e-05,
      0.9996268801966585,
      -102.95484779343407
    ],
    [
      2.0170426317247056e-07,
      -6.540145262898573e-07,
      1.0
    ]
  ],
  "H_raw_lwir_to_aligned_lwir": [
    [
      1.1451686221764348,
      -0.014831599658717224,
      -12.138712540171504
    ],
    [
      -0.05024139866191169,
      1.2120471389286318,
      -32.92261934406306
    ],
    [
      -0.00018472016225796114,
      -1.3671837895252954e-05,
      0.9999999999999999
    ]
  ],
  "H_raw_lwir_to_raw_rgb1": [
    [
      1.0901978842492546,
      -0.018507156633859084,
      285.81544995613007
    ],
    [
      -0.06940442189216459,
      1.2111749692635416,
      70.03302564475847
    ],
    [
      -0.00018498545131902204,
      -1.2875978899083676e-05,
      0.9999881524213549
    ]
  ],
  "rgb_info": {
    "initial": "sift",
    "sift": {
      "reason": "sift_homography",
      "matches": 1041,
      "inliers": 1006
    },
    "ecc": {
      "accepted": true,
      "reason": "ecc_residual",
      "cc": 0.9999988998718622
    },
    "ncc": 1.0,
    "edge_distance": 1.519587567599956e-05,
    "valid_ratio": 1.0,
    "score": 0.999999908824746
  },
  "lwir_info": {
    "initial": "sift",
    "sift": {
      "reason": "sift_homography",
      "matches": 491,
      "inliers": 261
    },
    "ecc": {
      "accepted": false,
      "reason": "ecc_guard_rejected",
      "cc": 0.886039524714022
    },
    "ncc": 0.9064322710037231,
    "edge_distance": 28.30852508544922,
    "valid_ratio": 1.0,
    "score": 0.7365811204910279
  },
  "raw_lwir_fit_to_raw_rgb1": {
    "ncc": -0.2080843299627304,
    "edge_distance": 29.725746154785156,
    "valid_ratio": 0.99921875,
    "score": -0.3864388068914414
  },
  "raw_lwir_calibrated_to_raw_rgb1": {
    "ncc": -0.1338738352060318,
    "edge_distance": 21.31916046142578,
    "valid_ratio": 0.5987836371527778,
    "score": -0.2617887979745865
  }
}