class_name,iou,precision,recall,f1,pixel_accuracy,class_pixels
background,0.9482632306564144,0.9781353531976992,0.9687987645014543,0.9734446718854545,0.9687987645014543,11435060
class_1,0.023338962478231043,0.04342916063142906,0.04802888792354475,0.0456133565396764,0.04802888792354475,36832
class_2,0.030386980990713155,0.05855886105701431,0.05941066257877704,0.058981686592150424,0.05941066257877704,29355
class_3,0.0,0.0,0.0,0.0,0.0,10471
class_4,0.46518959891112516,0.5818944768428279,0.6987453745161306,0.63498894512606,0.6987453745161306,422118
class_5,0.058736299161831075,0.10814339981006647,0.11391771914467926,0.11095548383167894,0.11391771914467926,7997
class_6,0.020528691515528285,0.03753026634382567,0.04335169382687862,0.04023148332075272,0.04335169382687862,35039
class_7,0.08094650954392632,0.13876824986139347,0.16266569180984877,0.14976968578783667,0.16266569180984877,73857
