class_name,iou,precision,recall,f1,pixel_accuracy,class_pixels
background,0.9461286310530967,0.9755873673091852,0.9690718641940326,0.9723187007850802,0.9690718641940326,11825931
class_1,0.00455126157777068,0.008847725979200083,0.009285403996524761,0.009061282886892933,0.009285403996524761,36832
class_2,0.011093502377179081,0.02219280214611713,0.02169988076988588,0.021943573667711595,0.02169988076988588,29355
class_3,0.0,0.0,0.0,0.0,0.0,10471
class_4,0.4059141243112974,0.5399905572267111,0.6204663151062025,0.5774380060519542,0.6204663151062025,422118
class_5,0.0,0.0,0.0,0.0,0.0,7997
class_6,0.001969823399860471,0.0037688442211055275,0.004109706327235367,0.003931901647849059,0.004109706327235367,35039
class_7,0.07300870034396709,0.1269973486003895,0.14656701463639193,0.13608221502875636,0.14656701463639193,73857
