{
  "method_name": "M1_ZHANG_OPENCV",
  "track": "UV",
  "num_test_scenes": 30,
  "reprojection_mae_px": 0.19074816660871843,
  "checkerboard_corner_rmse_px": 0.2213816055966493,
  "keypoint_transfer_error_px": 45.10814304351807,
  "ntg": 0.07647829158244522,
  "mutual_information": 0.21855460647501085,
  "valid_warp_coverage": 1.0,
  "mean_iou": 0.18033325538289643,
  "freq_iou": 0.9135601588490663,
  "pixel_accuracy": 0.9431290991512346,
  "mean_pixel_accuracy": 0.22140002312878415,
  "boundary_f1": 0.03168824747810529
}